Workbook

Sheet 읽어주세요
A1: 쏠 아스트로 하우스 — 해석 DB v1.2 (초안)
A2: 기준일 2026-10-07 · 상태: 상담사 검수 전 초안 · 전체 1366행
A4: 검수 방법
A5: • 각 DB 시트 오른쪽 노란 칸 3개만 입력합니다: 검수상태(목록에서 선택) · 수정 문장(고칠 때만) · 상담사 메모.
A6: • 검수상태 값: 미검수 / 승인 / 수정필요 / 삭제. 요약 시트가 DB별 진행률을 자동으로 셉니다.
A7: • review_note(작성 메모) 열은 초안 작성 시 확인받고 싶었던 점입니다. 먼저 읽어 주세요.
A8: • 문장 규칙: ** 금지, 문장 칸에 숫자 금지(토큰 사용), 입니다체·해요체 교대, 이론명·진단명 금지, 단정·공포 표현 금지.
A9: • 예시: A5 수달 행 → 검수상태 "승인", 수정 문장 비움 / 고칠 때는 "수정필요" + 수정 문장 칸에 고친 문장 전체.
A11: 토큰 사전 (서버가 실제 값으로 바꿈)
A12: 토큰 | B12: 뜻 | C12: 쓰는 DB
A13: {닉네임} | B13: 사용자 닉네임(님은 문장에 붙여 씀) | C13: A15 등
A14: {{근거}} | B14: 바람을 돕거나 막는 행성 근거 구절, "-는"으로 끝남 (예: 목성이 집·뿌리의 자리를 지나는) | C14: A13
A15: {{열리는해}} | B15: 바람이 열리는 첫 순풍 연도 (예: 2028년) | C15: A13
A16: {{가까운해}} | B16: 5년 안에 순풍이 없을 때 지원도가 가장 높은 연도 | C16: A13
A17: {{기질문장}} | B17: A17b temperament_line을 그대로 넣음(없으면 빈칸) | C17: A17a
A18: {{태양별자리}} / {{달별자리}} | B18: 사용자 태양·달 별자리 이름 | C18: A17b
A19: {{날짜}} | B19: 이벤트 날짜 (예: 4월 26일) | C19: A18
A20: {{하우스영역}} | B20: A16 하우스 nickname (예: 사람들·공동체의 자리) | C20: A18
A21: {{별자리}} | B21: 이벤트 별자리 | C21: A18
A22: {{행성}} / {{행성:이/가}} | B22: 행성 이름, 조사는 josa 함수가 받침에 맞춰 처리 | C22: A18

Sheet 요약
A1: DB | B1: 이름 | C1: 화면에서 쓰는 곳 | D1: 행 수 | E1: 승인 | F1: 수정필요 | G1: 삭제 | H1: 미검수 | I1: 진행률
A2: A1 | B2: 별자리 기본 정보 | C2: 태양·달·상승궁 표, 휠 별자리 칸 탭 | D2: =COUNTA('A1 별자리 기본 정보'!A2:A13) -> 12 | E2: =COUNTIF('A1 별자리 기본 정보'!M2:M13,"승인") -> 0 | F2: =COUNTIF('A1 별자리 기본 정보'!M2:M13,"수정필요") -> 0 | G2: =COUNTIF('A1 별자리 기본 정보'!M2:M13,"삭제") -> 0 | H2: =COUNTIF('A1 별자리 기본 정보'!M2:M13,"미검수") -> 12 | I2: =IFERROR((E2+G2)/D2,0) -> 0
A3: A2 | B3: 태양 × 별자리 | C3: 태양·달·상승궁 표(태양 행) | D3: =COUNTA('A2 태양 × 별자리'!A2:A13) -> 12 | E3: =COUNTIF('A2 태양 × 별자리'!G2:G13,"승인") -> 0 | F3: =COUNTIF('A2 태양 × 별자리'!G2:G13,"수정필요") -> 0 | G3: =COUNTIF('A2 태양 × 별자리'!G2:G13,"삭제") -> 0 | H3: =COUNTIF('A2 태양 × 별자리'!G2:G13,"미검수") -> 12 | I3: =IFERROR((E3+G3)/D3,0) -> 0
A4: A3 | B4: 달 × 별자리 | C4: 태양·달·상승궁 표(달 행) | D4: =COUNTA('A3 달 × 별자리'!A2:A13) -> 12 | E4: =COUNTIF('A3 달 × 별자리'!G2:G13,"승인") -> 0 | F4: =COUNTIF('A3 달 × 별자리'!G2:G13,"수정필요") -> 0 | G4: =COUNTIF('A3 달 × 별자리'!G2:G13,"삭제") -> 0 | H4: =COUNTIF('A3 달 × 별자리'!G2:G13,"미검수") -> 12 | I4: =IFERROR((E4+G4)/D4,0) -> 0
A5: A4 | B5: 상승궁 × 별자리 | C5: 태양·달·상승궁 표(상승궁 행, 정확도 A·B등급만) | D5: =COUNTA('A4 상승궁 × 별자리'!A2:A13) -> 12 | E5: =COUNTIF('A4 상승궁 × 별자리'!F2:F13,"승인") -> 0 | F5: =COUNTIF('A4 상승궁 × 별자리'!F2:F13,"수정필요") -> 0 | G5: =COUNTIF('A4 상승궁 × 별자리'!F2:F13,"삭제") -> 0 | H5: =COUNTIF('A4 상승궁 × 별자리'!F2:F13,"미검수") -> 12 | I5: =IFERROR((E5+G5)/D5,0) -> 0
A6: A5 | B6: 캐릭터 20종 (점성술판) | C6: 2번 섹션 — 당분간 show_character=false: 동물 이름·intro·share_line은 화면에 쓰지 않고 type_line + why_text만 사용 | D6: =COUNTA('A5 캐릭터 20종 (점성술판)'!A2:A21) -> 20 | E6: =COUNTIF('A5 캐릭터 20종 (점성술판)'!P2:P21,"승인") -> 0 | F6: =COUNTIF('A5 캐릭터 20종 (점성술판)'!P2:P21,"수정필요") -> 0 | G6: =COUNTIF('A5 캐릭터 20종 (점성술판)'!P2:P21,"삭제") -> 0 | H6: =COUNTIF('A5 캐릭터 20종 (점성술판)'!P2:P21,"미검수") -> 20 | I6: =IFERROR((E6+G6)/D6,0) -> 0
A7: A6 | B7: 역량 5 · 방식 4 설명 | C7: 2번 섹션 캐릭터 설명 | D7: =COUNTA('A6 역량 5 · 방식 4 설명'!A2:A10) -> 9 | E7: =COUNTIF('A6 역량 5 · 방식 4 설명'!I2:I10,"승인") -> 0 | F7: =COUNTIF('A6 역량 5 · 방식 4 설명'!I2:I10,"수정필요") -> 0 | G7: =COUNTIF('A6 역량 5 · 방식 4 설명'!I2:I10,"삭제") -> 0 | H7: =COUNTIF('A6 역량 5 · 방식 4 설명'!I2:I10,"미검수") -> 9 | I7: =IFERROR((E7+G7)/D7,0) -> 0
A8: A7 | B8: 원소 강할 때·부족할 때 | C8: 4원소 막대 아래 문장 | D8: =COUNTA('A7 원소 강할 때·부족할 때'!A2:A9) -> 8 | E8: =COUNTIF('A7 원소 강할 때·부족할 때'!G2:G9,"승인") -> 0 | F8: =COUNTIF('A7 원소 강할 때·부족할 때'!G2:G9,"수정필요") -> 0 | G8: =COUNTIF('A7 원소 강할 때·부족할 때'!G2:G9,"삭제") -> 0 | H8: =COUNTIF('A7 원소 강할 때·부족할 때'!G2:G9,"미검수") -> 8 | I8: =IFERROR((E8+G8)/D8,0) -> 0
A9: A8 | B9: 트랜짓 이벤트 문장 | C9: 2026 회고(무료) 분기 표·접힌 근거, 2027·5년 파트 핵심 문장 | D9: =COUNTA('A8 트랜짓 이벤트 문장'!A2:A107) -> 106 | E9: =COUNTIF('A8 트랜짓 이벤트 문장'!M2:M107,"승인") -> 0 | F9: =COUNTIF('A8 트랜짓 이벤트 문장'!M2:M107,"수정필요") -> 0 | G9: =COUNTIF('A8 트랜짓 이벤트 문장'!M2:M107,"삭제") -> 0 | H9: =COUNTIF('A8 트랜짓 이벤트 문장'!M2:M107,"미검수") -> 106 | I9: =IFERROR((E9+G9)/D9,0) -> 0
A10: A9 | B10: 목성·토성 하우스 통과 | C10: 2027 한 해 키워드·분기 표, 5년 연도별 테마 | D10: =COUNTA('A9 목성·토성 하우스 통과'!A2:A25) -> 24 | E10: =COUNTIF('A9 목성·토성 하우스 통과'!L2:L25,"승인") -> 0 | F10: =COUNTIF('A9 목성·토성 하우스 통과'!L2:L25,"수정필요") -> 0 | G10: =COUNTIF('A9 목성·토성 하우스 통과'!L2:L25,"삭제") -> 0 | H10: =COUNTIF('A9 목성·토성 하우스 통과'!L2:L25,"미검수") -> 24 | I10: =IFERROR((E10+G10)/D10,0) -> 0
A11: A10 | B11: 연말·단기 역행 | C11: 연말 월별 표('무엇을 조심할까'), 접힌 근거('왜 그럴까'), 2027 1분기(화성 역행) | D11: =COUNTA('A10 연말·단기 역행'!A2:A37) -> 36 | E11: =COUNTIF('A10 연말·단기 역행'!J2:J37,"승인") -> 0 | F11: =COUNTIF('A10 연말·단기 역행'!J2:J37,"수정필요") -> 0 | G11: =COUNTIF('A10 연말·단기 역행'!J2:J37,"삭제") -> 0 | H11: =COUNTIF('A10 연말·단기 역행'!J2:J37,"미검수") -> 36 | I11: =IFERROR((E11+G11)/D11,0) -> 0
A12: A11 | B12: 하늘의 공통 흐름 2026말~2031 | C12: 5년 타임라인 배경, 공통 문구 | D12: =COUNTA('A11 하늘의 공통 흐름 2026말~2031'!A2:A11) -> 10 | E12: =COUNTIF('A11 하늘의 공통 흐름 2026말~2031'!G2:G11,"승인") -> 0 | F12: =COUNTIF('A11 하늘의 공통 흐름 2026말~2031'!G2:G11,"수정필요") -> 0 | G12: =COUNTIF('A11 하늘의 공통 흐름 2026말~2031'!G2:G11,"삭제") -> 0 | H12: =COUNTIF('A11 하늘의 공통 흐름 2026말~2031'!G2:G11,"미검수") -> 10 | I12: =IFERROR((E12+G12)/D12,0) -> 0
A13: A12 | B13: Q2 공감 도입문 (2026 한 단어) | C13: 2026 회고 섹션 두 번째 문단(첫 문단은 결론) · closing은 같은 섹션 마지막 문단 · care_note는 부드러운 톤(soft=Y)일 때 결과 하단 | D13: =COUNTA('A12 Q2 공감 도입문 (2026 한 단어)'!A2:A11) -> 10 | E13: =COUNTIF('A12 Q2 공감 도입문 (2026 한 단어)'!I2:I11,"승인") -> 0 | F13: =COUNTIF('A12 Q2 공감 도입문 (2026 한 단어)'!I2:I11,"수정필요") -> 0 | G13: =COUNTIF('A12 Q2 공감 도입문 (2026 한 단어)'!I2:I11,"삭제") -> 0 | H13: =COUNTIF('A12 Q2 공감 도입문 (2026 한 단어)'!I2:I11,"미검수") -> 10 | I13: =IFERROR((E13+G13)/D13,0) -> 0
A14: A12b | B14: 2026 회고 표현 변형 | C14: 3번 섹션(2026 회고) 첫 문단·마무리 — A12의 1번 표현과 합쳐 칸마다 5개 중 하나를 고름(같은 출생정보면 같은 표현: 출생정보 해시로 고정) | D14: =COUNTA('A12b 2026 회고 표현 변형'!A2:A121) -> 120 | E14: =COUNTIF('A12b 2026 회고 표현 변형'!G2:G121,"승인") -> 0 | F14: =COUNTIF('A12b 2026 회고 표현 변형'!G2:G121,"수정필요") -> 0 | G14: =COUNTIF('A12b 2026 회고 표현 변형'!G2:G121,"삭제") -> 0 | H14: =COUNTIF('A12b 2026 회고 표현 변형'!G2:G121,"미검수") -> 120 | I14: =IFERROR((E14+G14)/D14,0) -> 0
A15: A13 | B15: Q3 바람 × 판정 (이루어짐) | C15: 2027 마음가짐 판정 문단, 5년 표 '바람' 칸, 열리는 해 | D15: =COUNTA('A13 Q3 바람 × 판정 (이루어짐)'!A2:A45) -> 44 | E15: =COUNTIF('A13 Q3 바람 × 판정 (이루어짐)'!H2:H45,"승인") -> 0 | F15: =COUNTIF('A13 Q3 바람 × 판정 (이루어짐)'!H2:H45,"수정필요") -> 0 | G15: =COUNTIF('A13 Q3 바람 × 판정 (이루어짐)'!H2:H45,"삭제") -> 0 | H15: =COUNTIF('A13 Q3 바람 × 판정 (이루어짐)'!H2:H45,"미검수") -> 44 | I15: =IFERROR((E15+G15)/D15,0) -> 0
A16: A13b | B16: 바람 판정 표현 변형 | C16: 5번(2027)·6번(5년) 섹션 판정 문단 — A13의 1번 표현과 합쳐 칸마다 5개 중 하나를 고름(같은 출생정보면 같은 표현: 출생정보 해시로 고정) | D16: =COUNTA('A13b 바람 판정 표현 변형'!A2:A221) -> 220 | E16: =COUNTIF('A13b 바람 판정 표현 변형'!H2:H221,"승인") -> 0 | F16: =COUNTIF('A13b 바람 판정 표현 변형'!H2:H221,"수정필요") -> 0 | G16: =COUNTIF('A13b 바람 판정 표현 변형'!H2:H221,"삭제") -> 0 | H16: =COUNTIF('A13b 바람 판정 표현 변형'!H2:H221,"미검수") -> 220 | I16: =IFERROR((E16+G16)/D16,0) -> 0
A17: A14 | B17: 웰니스 실천 (역량 × 고민 영역) | C17: 7번 섹션 '작은 실천 3가지', 연말 파트 '• 작은 실천' — 실천 통합본 v1.0에서 선택 | D17: =COUNTA('A14 웰니스 실천 (역량 × 고민 영역)'!A2:A31) -> 30 | E17: =COUNTIF('A14 웰니스 실천 (역량 × 고민 영역)'!X2:X31,"승인") -> 0 | F17: =COUNTIF('A14 웰니스 실천 (역량 × 고민 영역)'!X2:X31,"수정필요") -> 0 | G17: =COUNTIF('A14 웰니스 실천 (역량 × 고민 영역)'!X2:X31,"삭제") -> 0 | H17: =COUNTIF('A14 웰니스 실천 (역량 × 고민 영역)'!X2:X31,"미검수") -> 30 | I17: =IFERROR((E17+G17)/D17,0) -> 0
A18: A15 | B18: 고정 문구 | C18: 고지·정확도 배지·휠 안내·캐릭터 확인 화면·결제 상자·리포트 끝·상담 카드·빈 영역·로딩·개인정보 안내 | D18: =COUNTA('A15 고정 문구'!A2:A17) -> 16 | E18: =COUNTIF('A15 고정 문구'!E2:E17,"승인") -> 0 | F18: =COUNTIF('A15 고정 문구'!E2:E17,"수정필요") -> 0 | G18: =COUNTIF('A15 고정 문구'!E2:E17,"삭제") -> 0 | H18: =COUNTIF('A15 고정 문구'!E2:E17,"미검수") -> 16 | I18: =IFERROR((E18+G18)/D18,0) -> 0
A19: A16 | B19: 행성·각도·하우스 뜻 (용어 사전) | C19: 시기별 표 접힌 근거의 ‘뜻 한 줄’ 조립 · 출생차트 휠 탭 시트 | D19: =COUNTA('A16 행성·각도·하우스 뜻 (용어 사전)'!A2:A36) -> 35 | E19: =COUNTIF('A16 행성·각도·하우스 뜻 (용어 사전)'!H2:H36,"승인") -> 0 | F19: =COUNTIF('A16 행성·각도·하우스 뜻 (용어 사전)'!H2:H36,"수정필요") -> 0 | G19: =COUNTIF('A16 행성·각도·하우스 뜻 (용어 사전)'!H2:H36,"삭제") -> 0 | H19: =COUNTIF('A16 행성·각도·하우스 뜻 (용어 사전)'!H2:H36,"미검수") -> 35 | I19: =IFERROR((E19+G19)/D19,0) -> 0
A20: A17a | B20: 성찰 질문 은행 (역량 × 2027 바람) | C20: 7번 섹션 질문 3개 + 왜 이 질문인지 | D20: =COUNTA('A17a 성찰 질문 은행 (역량 × 2027 바람)'!A2:A56) -> 55 | E20: =COUNTIF('A17a 성찰 질문 은행 (역량 × 2027 바람)'!J2:J56,"승인") -> 0 | F20: =COUNTIF('A17a 성찰 질문 은행 (역량 × 2027 바람)'!J2:J56,"수정필요") -> 0 | G20: =COUNTIF('A17a 성찰 질문 은행 (역량 × 2027 바람)'!J2:J56,"삭제") -> 0 | H20: =COUNTIF('A17a 성찰 질문 은행 (역량 × 2027 바람)'!J2:J56,"미검수") -> 55 | I20: =IFERROR((E20+G20)/D20,0) -> 0
A21: A17b | B21: 기질 문장 (태양 원소 × 달 원소) | C21: 캐릭터 섹션 태양·달 대비 문단, 7번 섹션 ‘왜 이 질문인지’의 기질 문장 | D21: =COUNTA('A17b 기질 문장 (태양 원소 × 달 원소)'!A2:A17) -> 16 | E21: =COUNTIF('A17b 기질 문장 (태양 원소 × 달 원소)'!G2:G17,"승인") -> 0 | F21: =COUNTIF('A17b 기질 문장 (태양 원소 × 달 원소)'!G2:G17,"수정필요") -> 0 | G21: =COUNTIF('A17b 기질 문장 (태양 원소 × 달 원소)'!G2:G17,"삭제") -> 0 | H21: =COUNTIF('A17b 기질 문장 (태양 원소 × 달 원소)'!G2:G17,"미검수") -> 16 | I21: =IFERROR((E21+G21)/D21,0) -> 0
A22: A18 | B22: 전환점 문장 (올해의 전환점) | C22: 2026 회고 '• 올해의 전환점' 본문 문단 | D22: =COUNTA('A18 전환점 문장 (올해의 전환점)'!A2:A21) -> 20 | E22: =COUNTIF('A18 전환점 문장 (올해의 전환점)'!F2:F21,"승인") -> 0 | F22: =COUNTIF('A18 전환점 문장 (올해의 전환점)'!F2:F21,"수정필요") -> 0 | G22: =COUNTIF('A18 전환점 문장 (올해의 전환점)'!F2:F21,"삭제") -> 0 | H22: =COUNTIF('A18 전환점 문장 (올해의 전환점)'!F2:F21,"미검수") -> 20 | I22: =IFERROR((E22+G22)/D22,0) -> 0
A23: B1a | B23: 행성 × 별자리 (수성·금성·화성·목성·토성) | C23: 출생차트 휠 행성 탭 시트(태양·달·상승궁 외 행성; 무료는 첫 문장만, 나머지 블러) | D23: =COUNTA('B1a 행성 × 별자리 (수성·금성·화성·목성·토성)'!A2:A61) -> 60 | E23: =COUNTIF('B1a 행성 × 별자리 (수성·금성·화성·목성·토성)'!G2:G61,"승인") -> 0 | F23: =COUNTIF('B1a 행성 × 별자리 (수성·금성·화성·목성·토성)'!G2:G61,"수정필요") -> 0 | G23: =COUNTIF('B1a 행성 × 별자리 (수성·금성·화성·목성·토성)'!G2:G61,"삭제") -> 0 | H23: =COUNTIF('B1a 행성 × 별자리 (수성·금성·화성·목성·토성)'!G2:G61,"미검수") -> 60 | I23: =IFERROR((E23+G23)/D23,0) -> 0
A24: B1b | B24: 세대 행성 × 별자리 (천왕성·해왕성·명왕성) | C24: 출생차트 휠 행성 탭 시트 | D24: =COUNTA('B1b 세대 행성 × 별자리 (천왕성·해왕성·명왕성)'!A2:A37) -> 36 | E24: =COUNTIF('B1b 세대 행성 × 별자리 (천왕성·해왕성·명왕성)'!H2:H37,"승인") -> 0 | F24: =COUNTIF('B1b 세대 행성 × 별자리 (천왕성·해왕성·명왕성)'!H2:H37,"수정필요") -> 0 | G24: =COUNTIF('B1b 세대 행성 × 별자리 (천왕성·해왕성·명왕성)'!H2:H37,"삭제") -> 0 | H24: =COUNTIF('B1b 세대 행성 × 별자리 (천왕성·해왕성·명왕성)'!H2:H37,"미검수") -> 36 | I24: =IFERROR((E24+G24)/D24,0) -> 0
A25: B2a | B25: 행성 × 하우스 (태양·달·수성·금성·화성) | C25: 출생차트 휠 행성 탭 시트·태양/달 표의 하우스 문장 (정확도 A·B등급만) | D25: =COUNTA('B2a 행성 × 하우스 (태양·달·수성·금성·화성)'!A2:A61) -> 60 | E25: =COUNTIF('B2a 행성 × 하우스 (태양·달·수성·금성·화성)'!H2:H61,"승인") -> 0 | F25: =COUNTIF('B2a 행성 × 하우스 (태양·달·수성·금성·화성)'!H2:H61,"수정필요") -> 0 | G25: =COUNTIF('B2a 행성 × 하우스 (태양·달·수성·금성·화성)'!H2:H61,"삭제") -> 0 | H25: =COUNTIF('B2a 행성 × 하우스 (태양·달·수성·금성·화성)'!H2:H61,"미검수") -> 60 | I25: =IFERROR((E25+G25)/D25,0) -> 0
A26: B2b | B26: 행성 × 하우스 (목성·토성·천왕성·해왕성·명왕성) | C26: 출생차트 휠 행성 탭 시트 (정확도 A·B등급만) | D26: =COUNTA('B2b 행성 × 하우스 (목성·토성·천왕성·해왕성·명왕성'!A2:A61) -> 60 | E26: =COUNTIF('B2b 행성 × 하우스 (목성·토성·천왕성·해왕성·명왕성'!H2:H61,"승인") -> 0 | F26: =COUNTIF('B2b 행성 × 하우스 (목성·토성·천왕성·해왕성·명왕성'!H2:H61,"수정필요") -> 0 | G26: =COUNTIF('B2b 행성 × 하우스 (목성·토성·천왕성·해왕성·명왕성'!H2:H61,"삭제") -> 0 | H26: =COUNTIF('B2b 행성 × 하우스 (목성·토성·천왕성·해왕성·명왕성'!H2:H61,"미검수") -> 60 | I26: =IFERROR((E26+G26)/D26,0) -> 0
A27: B3 | B27: 출생차트 주요 각도 | C27: 출생차트 휠 선 탭 시트, 캐릭터 근거 보조 | D27: =COUNTA('B3 출생차트 주요 각도'!A2:A64) -> 63 | E27: =COUNTIF('B3 출생차트 주요 각도'!I2:I64,"승인") -> 0 | F27: =COUNTIF('B3 출생차트 주요 각도'!I2:I64,"수정필요") -> 0 | G27: =COUNTIF('B3 출생차트 주요 각도'!I2:I64,"삭제") -> 0 | H27: =COUNTIF('B3 출생차트 주요 각도'!I2:I64,"미검수") -> 63 | I27: =IFERROR((E27+G27)/D27,0) -> 0
A28: B6 | B28: 캐릭터 후보 선택 카드 | C28: 동점·시간대(B·C등급) 후보 확인 화면 '요즘의 나와 더 가까운 건?' | D28: =COUNTA('B6 캐릭터 후보 선택 카드'!A2:A21) -> 20 | E28: =COUNTIF('B6 캐릭터 후보 선택 카드'!G2:G21,"승인") -> 0 | F28: =COUNTIF('B6 캐릭터 후보 선택 카드'!G2:G21,"수정필요") -> 0 | G28: =COUNTIF('B6 캐릭터 후보 선택 카드'!G2:G21,"삭제") -> 0 | H28: =COUNTIF('B6 캐릭터 후보 선택 카드'!G2:G21,"미검수") -> 20 | I28: =IFERROR((E28+G28)/D28,0) -> 0
A29: B7 | B29: 놓아줄 것·키울 것 (캐릭터별) | C29: 2027 마음가짐 '• 놓아줄 것', '• 키울 것' 문단의 뼈대(AI는 Q3 바람과 잇기만) | D29: =COUNTA('B7 놓아줄 것·키울 것 (캐릭터별)'!A2:A21) -> 20 | E29: =COUNTIF('B7 놓아줄 것·키울 것 (캐릭터별)'!F2:F21,"승인") -> 0 | F29: =COUNTIF('B7 놓아줄 것·키울 것 (캐릭터별)'!F2:F21,"수정필요") -> 0 | G29: =COUNTIF('B7 놓아줄 것·키울 것 (캐릭터별)'!F2:F21,"삭제") -> 0 | H29: =COUNTIF('B7 놓아줄 것·키울 것 (캐릭터별)'!F2:F21,"미검수") -> 20 | I29: =IFERROR((E29+G29)/D29,0) -> 0
A30: B8 | B30: 고민 영역(Q1) 안내 | C30: 연말·2027 파트 도입 연결, 고민 영역 이벤트 없을 때 | D30: =COUNTA('B8 고민 영역(Q1) 안내'!A2:A7) -> 6 | E30: =COUNTIF('B8 고민 영역(Q1) 안내'!I2:I7,"승인") -> 0 | F30: =COUNTIF('B8 고민 영역(Q1) 안내'!I2:I7,"수정필요") -> 0 | G30: =COUNTIF('B8 고민 영역(Q1) 안내'!I2:I7,"삭제") -> 0 | H30: =COUNTIF('B8 고민 영역(Q1) 안내'!I2:I7,"미검수") -> 6 | I30: =IFERROR((E30+G30)/D30,0) -> 0
A31: B9 | B31: 움직임 × 기질 문장 | C31: 2027 마음가짐 판정 뒤 한 문장, 5년 표 움직임 배지 설명, 타임라인 범례 | D31: =COUNTA('B9 움직임 × 기질 문장'!A2:A13) -> 12 | E31: =COUNTIF('B9 움직임 × 기질 문장'!H2:H13,"승인") -> 0 | F31: =COUNTIF('B9 움직임 × 기질 문장'!H2:H13,"수정필요") -> 0 | G31: =COUNTIF('B9 움직임 × 기질 문장'!H2:H13,"삭제") -> 0 | H31: =COUNTIF('B9 움직임 × 기질 문장'!H2:H13,"미검수") -> 12 | I31: =IFERROR((E31+G31)/D31,0) -> 0
A32: B10 | B32: 경계 구간 문장 (판정 기준선 ±1) | C32: 2027 판정 문단·5년 본문과 표 칸 뒤 배지. 엔진 label()의 edge_db 값으로 선택 | D32: =COUNTA('B10 경계 구간 문장 (판정 기준선 ±1)'!A2:A5) -> 4 | E32: =COUNTIF('B10 경계 구간 문장 (판정 기준선 ±1)'!H2:H5,"승인") -> 0 | F32: =COUNTIF('B10 경계 구간 문장 (판정 기준선 ±1)'!H2:H5,"수정필요") -> 0 | G32: =COUNTIF('B10 경계 구간 문장 (판정 기준선 ±1)'!H2:H5,"삭제") -> 0 | H32: =COUNTIF('B10 경계 구간 문장 (판정 기준선 ±1)'!H2:H5,"미검수") -> 4 | I32: =IFERROR((E32+G32)/D32,0) -> 0
A33: B11 | B33: 요약 문장 틀·화면 고정 문구 (2026-10-09) | C33: 섹션 2~7 첫 문장(굵게), 연말 조심할 것 표현, 소제목, 2027 흐름 단계, 저장·로그인, 결제 팝업 | D33: =COUNTA('B11 요약 문장 틀·화면 고정 문구 (2026-10-0'!A2:A30) -> 29 | E33: =COUNTIF('B11 요약 문장 틀·화면 고정 문구 (2026-10-0'!F2:F30,"승인") -> 0 | F33: =COUNTIF('B11 요약 문장 틀·화면 고정 문구 (2026-10-0'!F2:F30,"수정필요") -> 0 | G33: =COUNTIF('B11 요약 문장 틀·화면 고정 문구 (2026-10-0'!F2:F30,"삭제") -> 0 | H33: =COUNTIF('B11 요약 문장 틀·화면 고정 문구 (2026-10-0'!F2:F30,"미검수") -> 29 | I33: =IFERROR((E33+G33)/D33,0) -> 0
A34: B12 | B34: 바람과 흐름 잇기 — AI 대체 문장 | C34: 5번(2027)·6번(5년) 섹션 판정 문단 바로 뒤. 평소에는 AI가 4문장을 쓰고(06 프롬프트 wish_bridge_2027 / wish_bridge_5y), 검증 실패·시간 초과일 때 이 문장을 쓴다 | D34: =COUNTA('B12 바람과 흐름 잇기 — AI 대체 문장'!A2:A23) -> 22 | E34: =COUNTIF('B12 바람과 흐름 잇기 — AI 대체 문장'!G2:G23,"승인") -> 0 | F34: =COUNTIF('B12 바람과 흐름 잇기 — AI 대체 문장'!G2:G23,"수정필요") -> 0 | G34: =COUNTIF('B12 바람과 흐름 잇기 — AI 대체 문장'!G2:G23,"삭제") -> 0 | H34: =COUNTIF('B12 바람과 흐름 잇기 — AI 대체 문장'!G2:G23,"미검수") -> 22 | I34: =IFERROR((E34+G34)/D34,0) -> 0
A35: C1 | B35: 금지어·대체어 사전 (자동 검증용) | C35: validate: DB 문장 검수 + AI 출력 검증. 데이터(문장 아님) | D35: =COUNTA('C1 금지어·대체어 사전 (자동 검증용)'!A2:A80) -> 79 | E35: =COUNTIF('C1 금지어·대체어 사전 (자동 검증용)'!H2:H80,"승인") -> 0 | F35: =COUNTIF('C1 금지어·대체어 사전 (자동 검증용)'!H2:H80,"수정필요") -> 0 | G35: =COUNTIF('C1 금지어·대체어 사전 (자동 검증용)'!H2:H80,"삭제") -> 0 | H35: =COUNTIF('C1 금지어·대체어 사전 (자동 검증용)'!H2:H80,"미검수") -> 79 | I35: =IFERROR((E35+G35)/D35,0) -> 0
A36: C2 | B36: 점수·가중치 설정 (엔진용 데이터) | C36: 이벤트 순위, Q1 가산, 바람 이루어짐·움직임·기질. v3 (2026-10-08) — 파일럿 후 조정 | D36: =COUNTA('C2 점수·가중치 설정 (엔진용 데이터)'!A2:A69) -> 68 | E36: =COUNTIF('C2 점수·가중치 설정 (엔진용 데이터)'!G2:G69,"승인") -> 0 | F36: =COUNTIF('C2 점수·가중치 설정 (엔진용 데이터)'!G2:G69,"수정필요") -> 0 | G36: =COUNTIF('C2 점수·가중치 설정 (엔진용 데이터)'!G2:G69,"삭제") -> 0 | H36: =COUNTIF('C2 점수·가중치 설정 (엔진용 데이터)'!G2:G69,"미검수") -> 68 | I36: =IFERROR((E36+G36)/D36,0) -> 0
A37: 합계 | D37: =SUM(D2:D36) -> 1366 | E37: =SUM(E2:E36) -> 0 | F37: =SUM(F2:F36) -> 0 | G37: =SUM(G2:G36) -> 0 | H37: =SUM(H2:H36) -> 1366 | I37: =IFERROR((E37+G37)/D37,0) -> 0

Sheet A1 별자리 기본 정보
A1: ID | B1: 별자리 | C1: 영문명 | D1: 기호 | E1: 태양 기간(대략) | F1: 원소 | G1: 성질 | H1: 수호성 | I1: 키워드 | J1: 한 줄 소개 | K1: 별자리 칸 탭 설명 | L1: 검수 메모 | M1: 검수상태 | N1: 수정 문장 | O1: 상담사 메모
A2: SIGN_ARIES | B2: 양자리 | C2: Aries | D2: ♈ | E2: 3월 21일~4월 19일 | F2: 불 | G2: 활동 | H2: 화성 | I2: 시작 · 용기 · 직진 | J2: 먼저 불을 붙이고 부딪히며 길을 여는 별자리예요. | K2: 양자리는 열두 별자리의 첫 번째 자리로, 무언가를 처음 시작하는 기운을 상징합니다. 망설이기보다 일단 움직이고, 몸으로 부딪히며 배우는 힘이에요. | L2: dates 칸은 안내용 대략값입니다. 태양이 별자리를 옮기는 날은 해마다 하루 정도 달라지므로, 실제 별자리 판정은 엔진 계산값을 따르고 경계일 출생자에게 이 날짜를 근거로 설명하지 않도록 해 주세요. | M2: 미검수
A3: SIGN_TAURUS | B3: 황소자리 | C3: Taurus | D3: ♉ | E3: 4월 20일~5월 20일 | F3: 흙 | G3: 고정 | H3: 금성 | I3: 안정 · 감각 · 꾸준함 | J3: 천천히, 하지만 한번 뿌리내리면 오래가는 별자리입니다. | K3: 황소자리는 손에 잡히는 안정과 몸의 감각을 소중히 여기는 기운이에요. 맛있는 밥, 익숙한 공간, 꾸준히 쌓아 온 것에서 힘을 얻는 자리입니다. | M3: 미검수
A4: SIGN_GEMINI | B4: 쌍둥이자리 | C4: Gemini | D4: ♊ | E4: 5월 21일~6월 21일 | F4: 공기 | G4: 변통 | H4: 수성 | I4: 호기심 · 대화 · 연결 | J4: 궁금한 것을 묻고 잇고 전하며 세상을 넓히는 별자리예요. | K4: 쌍둥이자리는 생각과 말, 정보가 빠르게 오가는 기운을 상징합니다. 한 가지에 머물기보다 여러 이야기를 연결하며 가볍게 움직일 때 살아나요. | M4: 미검수
A5: SIGN_CANCER | B5: 게자리 | C5: Cancer | D5: ♋ | E5: 6월 22일~7월 22일 | F5: 물 | G5: 활동 | H5: 달 | I5: 돌봄 · 소속감 · 보호 | J5: 내 사람과 내 자리를 따뜻하게 지키는 별자리입니다. | K5: 게자리는 품고 돌보는 기운, 마음이 돌아갈 집을 상징해요. 단단한 껍질 안에 여린 속을 지니고 있어, 안전하다고 느끼는 곳에서 가장 다정해집니다. | M5: 미검수
A6: SIGN_LEO | B6: 사자자리 | C6: Leo | D6: ♌ | E6: 7월 23일~8월 22일 | F6: 불 | G6: 고정 | H6: 태양 | I6: 표현 · 자부심 · 온기 | J6: 자기만의 빛을 드러내고 주변을 환하게 데우는 별자리예요. | K6: 사자자리는 나를 표현하고 마음껏 빛나고 싶은 기운을 상징합니다. 무대 위의 자신감뿐 아니라, 소중한 사람에게 아낌없이 내어 주는 너그러움도 이 자리의 힘이에요. | M6: 미검수
A7: SIGN_VIRGO | B7: 처녀자리 | C7: Virgo | D7: ♍ | E7: 8월 23일~9월 22일 | F7: 흙 | G7: 변통 | H7: 수성 | I7: 정리 · 섬세함 · 쓸모 | J7: 작은 것을 살피고 다듬어 더 낫게 만드는 별자리입니다. | K7: 처녀자리는 흩어진 것을 분류하고 고치고 다듬는 기운이에요. 눈에 잘 띄지 않는 일상의 디테일에서 쓸모를 찾아내는 성실함을 상징합니다. | M7: 미검수
A8: SIGN_LIBRA | B8: 천칭자리 | C8: Libra | D8: ♎ | E8: 9월 23일~10월 22일 | F8: 공기 | G8: 활동 | H8: 금성 | I8: 균형 · 관계 · 아름다움 | J8: 서로의 마음이 기울지 않도록 균형을 맞추는 별자리예요. | K8: 천칭자리는 나와 너 사이의 균형, 조화로운 관계를 상징합니다. 공정함과 아름다움을 중요하게 여기고, 함께할 때 더 좋은 답을 찾는 기운이에요. | M8: 미검수
A9: SIGN_SCORPIO | B9: 전갈자리 | C9: Scorpio | D9: ♏ | E9: 10월 23일~11월 21일 | F9: 물 | G9: 고정 | H9: 명왕성(전통: 화성) | I9: 깊이 · 집중 · 변형 | J9: 얕게 머물지 않고 끝까지 파고드는 별자리입니다. | K9: 전갈자리는 겉보다 속, 넓이보다 깊이를 향하는 기운이에요. 한번 마음을 주면 깊게 연결되고, 무너진 자리에서 다시 일어서는 힘을 상징합니다. | L9: 수호성은 현대 기준(명왕성)을 앞에, 전통 수호성(화성)을 괄호에 적었습니다. 물병자리·물고기자리도 같은 방식입니다. 화면에 하나만 노출할지 확인 부탁드립니다. | M9: 미검수
A10: SIGN_SAGITTARIUS | B10: 사수자리 | C10: Sagittarius | D10: ♐ | E10: 11월 22일~12월 21일 | F10: 불 | G10: 변통 | H10: 목성 | I10: 탐험 · 자유 · 의미 | J10: 더 넓은 세상과 더 큰 의미를 향해 활을 쏘는 별자리예요. | K10: 사수자리는 멀리 가 보고, 배우고, 나만의 믿음을 찾아가는 기운을 상징합니다. 낙천적인 시선으로 익숙한 경계를 넘어설 때 살아나는 자리예요. | M10: 미검수
A11: SIGN_CAPRICORN | B11: 염소자리 | C11: Capricorn | D11: ♑ | E11: 12월 22일~1월 19일 | F11: 흙 | G11: 활동 | H11: 토성 | I11: 책임 · 인내 · 성취 | J11: 긴 시간을 들여 한 계단씩 정상에 오르는 별자리입니다. | K11: 염소자리는 목표를 세우고 차근차근 쌓아 올리는 기운이에요. 당장의 성과보다 오래 버티는 구조와 믿을 만한 결과를 중요하게 여기는 자리입니다. | M11: 미검수
A12: SIGN_AQUARIUS | B12: 물병자리 | C12: Aquarius | D12: ♒ | E12: 1월 20일~2월 18일 | F12: 공기 | G12: 고정 | H12: 천왕성(전통: 토성) | I12: 독립 · 새로움 · 공동체 | J12: 익숙한 틀 밖에서 새로운 방식을 떠올리는 별자리예요. | K12: 물병자리는 남과 다른 생각, 더 나은 미래를 향한 기운을 상징합니다. 개인의 자유를 지키면서도 여럿이 함께 잘 사는 방법을 고민하는 자리예요. | M12: 미검수
A13: SIGN_PISCES | B13: 물고기자리 | C13: Pisces | D13: ♓ | E13: 2월 19일~3월 20일 | F13: 물 | G13: 변통 | H13: 해왕성(전통: 목성) | I13: 공감 · 상상 · 흐름 | J13: 경계 없이 스며들며 남의 마음을 느끼는 별자리입니다. | K13: 물고기자리는 열두 별자리의 마지막 자리로, 경계를 풀고 하나로 녹아드는 기운이에요. 공감과 상상력, 말로 다 설명되지 않는 감각을 상징합니다. | M13: 미검수

Sheet A2 태양 × 별자리
A1: ID | B1: 별자리 | C1: 표 한 줄 해석 | D1: 본문 | E1: 지나칠 때 | F1: 검수 메모 | G1: 검수상태 | H1: 수정 문장 | I1: 상담사 메모
A2: SUN_ARIES | B2: 양자리 | C2: 먼저 시작하고 부딪히며 배우는 사람이에요. 새로운 도전 앞에서 가장 살아 있다고 느낍니다. | D2: 나를 움직이는 건 ‘해 보고 싶다’는 순수한 의욕입니다. 회의에서 아무도 손들지 않을 때 먼저 ‘제가 해 볼게요’라고 말하는 쪽이 당신일 때가 많아요. 속도가 붙을 때 오히려 머리가 맑아지는 사람입니다. | E2: 마음이 급해지면 끝까지 듣기 전에 결론부터 내려 버리기 쉬워요. | G2: 미검수
A3: SUN_TAURUS | B3: 황소자리 | C3: 천천히 쌓아 올린 안정 위에서 힘을 내는 사람입니다. 내 속도와 감각을 믿을 때 가장 단단해져요. | D3: 나를 움직이는 건 손에 잡히는 결과와 오래가는 편안함이에요. 퇴근길에 좋아하는 빵집에 들러 늘 사던 빵을 고르는 작은 습관이 하루를 지탱해 주기도 합니다. 한번 정한 일은 묵묵히 끝까지 해내는 꾸준함이 큰 무기예요. | E3: 익숙함을 지키려다 꼭 필요한 변화까지 미뤄 둘 때가 있어요. | G3: 미검수
A4: SUN_GEMINI | B4: 쌍둥이자리 | C4: 궁금한 것을 따라가며 생각과 사람을 연결하는 사람이에요. 새로운 이야기가 오갈 때 에너지가 차오릅니다. | D4: 나를 움직이는 건 ‘이건 왜 그럴까?’ 하는 호기심입니다. 점심시간에 들은 이야기를 저녁에 찾아보고, 다음 날 누군가에게 신나게 전해 주는 장면이 자연스러워요. 머릿속에 창이 여러 개 열려 있을 때 오히려 생기가 돕니다. | E4: 관심이 여러 곳으로 흩어지면 마무리 직전에 흥미가 식기도 해요. | G4: 미검수
A5: SUN_CANCER | B5: 게자리 | C5: 아끼는 사람과 머물 곳을 지키는 데서 힘이 나는 사람입니다. 누군가를 챙길 때 마음이 가장 단단해져요. | D5: 나를 움직이는 건 ‘내 사람들이 편안했으면’ 하는 마음이에요. 친구가 지나가듯 한 말을 기억해 두었다가 다음 만남에 작은 간식을 챙겨 가는 다정함이 자연스럽습니다. 돌아갈 자리가 든든할수록 바깥에서도 용감해져요. | E5: 남을 챙기느라 정작 내 마음의 허기는 뒤로 미루기 쉽습니다. | G5: 미검수
A6: SUN_LEO | B6: 사자자리 | C6: 나다운 빛을 드러내고 누군가 알아봐 줄 때 살아나는 사람이에요. 진심을 다해 표현하는 것이 삶의 큰 동력입니다. | D6: 나를 움직이는 건 ‘이건 내가 만든 거야’라고 말할 수 있는 자부심입니다. 발표 자료 한 장도 그냥 넘기지 않고 내 색을 입혀야 마음이 놓이는 편이에요. 주변을 즐겁게 만들 때 스스로도 가장 따뜻해집니다. | E6: 애쓴 만큼 알아봐 주지 않으면 서운함이 생각보다 오래 남을 수 있어요. | G6: 미검수
A7: SUN_VIRGO | B7: 처녀자리 | C7: 작은 것을 다듬어 더 쓸모 있게 만드는 사람입니다. 내가 도움이 되고 있다는 감각이 큰 힘이 돼요. | D7: 나를 움직이는 건 ‘조금 더 낫게 할 수 있겠다’ 하는 눈썰미예요. 남들이 지나치는 표의 오타나 일정의 빈틈을 먼저 발견하고 조용히 고쳐 두곤 합니다. 정돈된 할 일 목록을 하나씩 지워 갈 때 하루가 개운해져요. | E7: 완성도를 높이려다 스스로에게 지나치게 엄격해지기 쉬워요. | G7: 미검수
A8: SUN_LIBRA | B8: 천칭자리 | C8: 관계 속에서 균형과 조화를 만들어 가는 사람이에요. 함께여서 더 좋은 답을 찾을 때 빛이 납니다. | D8: 나를 움직이는 건 모두가 납득할 수 있는 공정함과 아름다움입니다. 단체 메뉴를 정할 때 조용히 모두의 취향을 살펴 가장 무난한 곳을 제안하는 사람이 당신일 수 있어요. 공간과 분위기가 조화로울 때 생각도 한결 맑아집니다. | E8: 모두를 만족시키려다 내 마음이 어느 쪽인지 놓칠 때가 있습니다. | G8: 미검수
A9: SUN_SCORPIO | B9: 전갈자리 | C9: 한번 마음먹은 것에 깊이 몰입하는 사람입니다. 진짜를 알아낼 때까지 파고드는 힘이 삶의 중심이에요. | D9: 나를 움직이는 건 겉으로 보이는 것 너머의 진심을 알고 싶은 마음이에요. 넓게 아는 사람 열 명보다 속 깊은 이야기를 나누는 한 사람이 더 소중하게 느껴지는 편입니다. 쉽게 드러내지 않지만, 한번 집중하면 끝까지 가는 힘이 있어요. | E9: 믿음이 흔들리면 마음의 문을 한꺼번에 닫아 버리기 쉬워요. | G9: 미검수
A10: SUN_SAGITTARIUS | B10: 사수자리 | C10: 더 넓은 세상과 의미를 찾아 나아가는 사람이에요. 배우고 떠나고 넓어질 때 가장 생기가 돕니다. | D10: 나를 움직이는 건 ‘저 너머에는 뭐가 있을까’ 하는 탐험심입니다. 주말에 가 보지 않은 동네를 걷거나 새 분야의 책을 집어 드는 일이 큰 충전이 돼요. 어려운 상황에서도 웃을 거리를 찾아내는 낙천성이 주변까지 밝힙니다. | E10: 자유를 지키려다 약속과 마무리를 가볍게 넘길 때가 있어요. | G10: 미검수
A11: SUN_CAPRICORN | B11: 염소자리 | C11: 목표를 세우고 한 계단씩 쌓아 올리는 사람입니다. 믿을 만한 결과를 만들어 낼 때 마음이 단단해져요. | D11: 나를 움직이는 건 오래 남는 성취와 책임을 다했다는 감각이에요. 남들이 손을 놓은 일도 일정표를 다시 짜서 끝까지 끌고 가는 끈기가 있습니다. 시간이 갈수록 더 깊은 신뢰를 얻는 사람이에요. | E11: 해야 할 일에 몰두하다 쉬는 것까지 숙제처럼 느끼기 쉬워요. | G11: 미검수
A12: SUN_AQUARIUS | B12: 물병자리 | C12: 남과 다른 시선으로 더 나은 방식을 떠올리는 사람이에요. 나답게 자유로울 때 가장 큰 힘이 납니다. | D12: 나를 움직이는 건 ‘꼭 이렇게 해야 할까?’ 하는 물음입니다. 모두가 당연하게 따르던 방식에 새로운 도구나 규칙을 제안해 흐름을 바꾸곤 해요. 저마다의 개성을 지키면서도 함께 잘 지내는 방법에 관심이 많습니다. | E12: 감정보다 생각이 앞서면 가까운 사람에게 거리감을 주기 쉽습니다. | G12: 미검수
A13: SUN_PISCES | B13: 물고기자리 | C13: 다른 사람의 마음을 섬세하게 느끼고 품어 주는 사람입니다. 상상하고 공감할 때 삶이 풍성해져요. | D13: 나를 움직이는 건 말로 다 설명되지 않는 마음의 울림이에요. 좋아하는 노래 한 곡에 하루의 기분이 바뀌고, 친구의 표정만 보고도 무슨 일이 있는지 알아채곤 합니다. 경계를 부드럽게 녹이는 상상력이 큰 재능입니다. | E13: 남의 감정을 너무 깊이 받아들여 내 경계가 흐려지기 쉬워요. | G13: 미검수

Sheet A3 달 × 별자리
A1: ID | B1: 별자리 | C1: 표 한 줄 해석 | D1: 본문 | E1: 마음이 지칠 때 | F1: 검수 메모 | G1: 검수상태 | H1: 수정 문장 | I1: 상담사 메모
A2: MOON_ARIES | B2: 양자리 | C2: 감정이 빠르고 솔직하게 올라오는 편이에요. 바로 표현하고 움직일 수 있을 때 마음이 풀립니다. | D2: 화가 나거나 속상하면 오래 담아 두기보다 그 자리에서 꺼내고 금방 털어 내는 편입니다. 답답한 날에는 생각을 정리하기보다 빠르게 걷거나 몸을 움직이는 쪽이 더 효과가 있어요. 내 뜻대로 움직일 수 있는 여지가 있을 때 감정도 안정됩니다. | E2: 땀이 살짝 날 만큼 몸을 움직이고 나면 엉킨 마음이 한결 가벼워져요. | G2: 미검수
A3: MOON_TAURUS | B3: 황소자리 | C3: 익숙한 리듬과 편안한 감각 속에서 마음이 놓여요. 급하게 바뀌지 않는 일상이 안정의 기준입니다. | D3: 감정이 흔들려도 겉으로는 잘 드러나지 않고, 천천히 소화하는 편이에요. 따뜻한 밥 한 끼, 포근한 이불, 늘 가던 산책길 같은 감각이 마음을 가장 빨리 진정시킵니다. 갑작스러운 변화 앞에서는 받아들일 시간이 조금 더 필요해요. | E3: 좋아하는 음식과 익숙한 공간에서 천천히 쉬는 시간이 회복을 돕습니다. | G3: 미검수
A4: MOON_GEMINI | B4: 쌍둥이자리 | C4: 마음을 말로 꺼내고 나눌 때 한결 편해져요. 생각이 오갈 여유가 있어야 감정도 숨을 쉽니다. | D4: 속상한 일이 생기면 누군가에게 이야기하거나 글로 적으면서 감정을 이해하는 편입니다. 메신저로 친구와 수다를 떨다 보면 어느새 고민이 정리되어 있기도 해요. 같은 자리에 오래 갇혀 있으면 마음이 답답해지기 쉽습니다. | E4: 머릿속 생각을 종이에 쏟아 내거나 믿는 사람과 가볍게 대화해 보세요. | G4: 미검수
A5: MOON_CANCER | B5: 게자리 | C5: 아끼는 사람과 내 공간이 안전할 때 마음이 편해져요. 돌보고 돌봄 받는 관계가 안정의 뿌리입니다. | D5: 감정을 깊고 섬세하게 느끼고, 분위기의 작은 변화도 금방 알아채는 편입니다. 지친 날에는 집에 돌아와 익숙한 음식을 해 먹는 것만으로 마음이 데워지기도 해요. 서운함을 바로 말하기보다 속으로 품는 편이라, 안전한 상대가 곁에 있는 것이 중요합니다. | E5: 편안한 사람과 집밥 같은 따뜻한 시간을 보내면 마음이 차오릅니다. | G5: 미검수
A6: MOON_LEO | B6: 사자자리 | C6: 내 마음이 진심으로 받아들여질 때 편안해져요. 따뜻한 관심과 반응이 감정의 연료입니다. | D6: 기쁨도 서운함도 크고 분명하게 느끼는 편이에요. 내가 준비한 작은 선물에 상대가 환하게 웃어 줄 때 하루의 피로가 풀리기도 합니다. 마음이 상했을 때는 자존심 때문에 괜찮은 척하기 쉬워서, 솔직하게 말할 수 있는 자리가 필요해요. | E6: 나를 즐겁게 하는 취미에 푹 빠지는 시간이 마음에 다시 불을 켜 줍니다. | G6: 미검수
A7: MOON_VIRGO | B7: 처녀자리 | C7: 주변이 정돈되고 할 일이 보일 때 마음이 놓여요. 걱정은 정리하고 고치는 방식으로 다루는 편입니다. | D7: 불안한 마음이 들면 할 일을 적어 보거나 책상을 치우면서 감정을 가라앉히는 편이에요. 누군가 힘들어할 때 위로의 말보다 실질적으로 손을 보태는 것으로 마음을 표현합니다. 다만 스스로를 점검하는 목소리가 커지면 쉬어도 쉬는 것 같지 않을 수 있어요. | E7: 작은 공간 하나를 정리하고 오늘 해낸 일을 적어 보면 마음이 가라앉습니다. | G7: 미검수
A8: MOON_LIBRA | B8: 천칭자리 | C8: 주변 관계가 평화롭고 조화로울 때 마음이 놓입니다. 어긋난 관계가 있으면 마음 한구석이 계속 편치 않아요. | D8: 감정을 혼자 삭이기보다 누군가와 나누고 대화하면서 균형을 찾는 편이에요. 다툼이 생기면 내 기분보다 분위기를 먼저 살피고 서둘러 화해의 말을 꺼내기도 합니다. 좋은 음악이나 정돈된 공간처럼 조화로운 환경도 마음을 진정시켜 줘요. | E8: 마음이 맞는 사람과 차 한잔하거나 아름다운 것을 보며 쉬어 보세요. | G8: 미검수
A9: MOON_SCORPIO | B9: 전갈자리 | C9: 깊이 믿을 수 있는 사람이 곁에 있을 때 마음이 놓여요. 감정을 얕게 나누기보다 깊게 연결되고 싶어 합니다. | D9: 감정을 강하게 느끼지만 쉽게 드러내지 않고, 속에서 오래 소화하는 편입니다. 상처받은 일은 겉으로 넘어간 것처럼 보여도 마음속에서 여러 번 곱씹기도 해요. 온전히 믿는 사람 앞에서야 비로소 속마음을 꺼내 놓습니다. | E9: 혼자만의 시간에 감정을 충분히 느끼고 글로 흘려보내는 것이 도움이 돼요. | G9: 미검수
A10: MOON_SAGITTARIUS | B10: 사수자리 | C10: 자유롭게 움직이고 새로운 것을 경험할 때 마음이 가벼워져요. 답답하게 묶여 있으면 감정도 무거워집니다. | D10: 힘든 일이 있어도 의미를 찾아 웃으며 넘기려는 낙천성이 있는 편입니다. 마음이 꽉 막힌 날에는 무작정 버스를 타고 낯선 동네에 가 보는 것만으로 숨통이 트이기도 해요. 다만 무거운 감정을 너무 빨리 넘기면 나중에 한꺼번에 밀려올 수 있습니다. | E10: 짧은 나들이나 새로운 배움처럼 시야를 넓혀 주는 경험이 마음을 풀어 줘요. | G10: 미검수
A11: MOON_CAPRICORN | B11: 염소자리 | C11: 상황을 내가 감당하고 있다는 느낌이 들 때 마음이 놓여요. 감정보다 해야 할 일을 먼저 챙기는 편입니다. | D11: 속상해도 먼저 할 일을 처리하고, 감정은 나중에 혼자 다루는 편이에요. 힘들다는 말을 꺼내기보다 묵묵히 버티는 쪽이 익숙합니다. 안정된 계획과 예측할 수 있는 일정이 있을 때 마음도 조용히 단단해져요. | E11: 해낸 일을 스스로 인정해 주고, 일과 상관없는 쉬는 시간을 미리 정해 두세요. | G11: 미검수
A12: MOON_AQUARIUS | B12: 물병자리 | C12: 내 공간과 생각의 자유가 지켜질 때 마음이 편해져요. 감정을 한 걸음 떨어져서 바라보는 편입니다. | D12: 감정이 크게 일어나면 먼저 거리를 두고 차분히 이해해 보려는 편이에요. 가까운 사이일수록 너무 붙어 있기보다 각자의 시간을 존중할 때 더 편안함을 느낍니다. 생각이 통하는 친구들과의 느슨한 연결이 든든한 안전망이 돼요. | E12: 혼자만의 시간을 지키면서 생각이 통하는 사람과 가볍게 연결돼 있는 것이 힘이 됩니다. | G12: 미검수
A13: MOON_PISCES | B13: 물고기자리 | C13: 마음이 조용히 흐를 수 있는 여유가 있을 때 편안해져요. 주변의 감정을 스펀지처럼 흡수하는 편입니다. | D13: 다른 사람의 기분을 내 것처럼 느끼고, 슬픈 영화 한 편에도 깊이 젖어 드는 편이에요. 지친 날에는 음악을 들으며 멍하니 있거나 물가를 걷는 시간이 마음을 씻어 줍니다. 사람 많은 곳에 오래 있으면 나도 모르게 에너지가 빠져나가기 쉬워요. | E13: 음악, 따뜻한 목욕, 물가 산책처럼 감각을 부드럽게 쉬게 하는 시간이 도움이 됩니다. | G13: 미검수

Sheet A4 상승궁 × 별자리
A1: ID | B1: 별자리 | C1: 표 한 줄 해석 | D1: 본문 | E1: 검수 메모 | F1: 검수상태 | G1: 수정 문장 | H1: 상담사 메모
A2: ASC_ARIES | B2: 양자리 | C2: 에너지 넘치고 시원시원한 사람으로 보여요. 망설이기보다 먼저 행동으로 세상에 다가갑니다. | D2: 처음 만난 자리에서도 먼저 말을 걸거나 분위기를 이끄는 모습이 눈에 띄는 편입니다. 걸음이 빠르고 표정이 솔직해서 생각이 얼굴에 잘 드러나요. 새로운 환경에 금방 뛰어드는 힘이 이 상승궁의 강점입니다. | E2: 출생 시간을 알 때(정확도 A·B등급)만 노출되는 행입니다. 첫인상 묘사가 외모 평가로 읽히지 않도록 분위기·태도 중심으로 썼습니다. | F2: 미검수
A3: ASC_TAURUS | B3: 황소자리 | C3: 차분하고 편안한 사람으로 보여요. 서두르지 않고 내 속도로 세상과 관계를 맺습니다. | D3: 처음에는 말수가 적어 보여도 곁에 있으면 안정감을 주는 사람이라는 인상을 남깁니다. 옷이나 소품, 향처럼 감각적인 취향이 자연스럽게 드러나는 편이에요. 낯선 환경에는 천천히 적응하지만, 한번 익숙해지면 그 자리를 오래 지킵니다. | F3: 미검수
A4: ASC_GEMINI | B4: 쌍둥이자리 | C4: 가볍고 호기심 많은 사람으로 보여요. 말이 잘 통하고 새 정보에 빠르게 반응합니다. | D4: 처음 만난 사람과도 금방 대화의 실마리를 찾아내는 재치가 있는 편입니다. 표정과 손짓이 풍부해서 경쾌하고 젊은 분위기라는 말을 듣기도 해요. 여러 사람과 두루 어울리며 자리를 부드럽게 만드는 힘이 있습니다. | F4: 미검수
A5: ASC_CANCER | B5: 게자리 | C5: 부드럽고 다정한 사람으로 보여요. 낯선 곳에서는 조심스럽게 살핀 뒤 마음을 엽니다. | D5: 처음에는 조금 수줍어 보여도 상대를 편하게 해 주는 따뜻한 분위기가 있는 편입니다. 모임에서 혼자 있는 사람을 먼저 챙기는 세심함이 자연스럽게 드러나요. 안전하다고 느끼면 그때부터 웃음이 많아지고 마음을 활짝 엽니다. | F5: 미검수
A6: ASC_LEO | B6: 사자자리 | C6: 존재감 있고 밝은 사람으로 보여요. 당당하게 나를 드러내며 세상을 마주합니다. | D6: 들어서는 순간 분위기가 환해진다는 말을 듣기 쉬운 인상입니다. 옷차림이나 말투에 나만의 개성이 묻어나고, 자연스럽게 시선을 모으는 편이에요. 사람들 앞에 설 때 오히려 힘이 나는 상승궁입니다. | F6: 미검수
A7: ASC_VIRGO | B7: 처녀자리 | C7: 단정하고 신중한 사람으로 보여요. 상황을 꼼꼼히 살핀 뒤 필요한 곳에 손을 보탭니다. | D7: 처음에는 조용히 관찰하는 쪽이라 차분하고 성실하다는 인상을 주는 편입니다. 약속 시간을 지키고 필요한 것을 미리 챙겨 오는 작은 습관이 신뢰를 쌓아요. 겉으로는 침착해 보여도 속으로는 세세한 것까지 살피고 있습니다. | F7: 미검수
A8: ASC_LIBRA | B8: 천칭자리 | C8: 상냥하고 세련된 사람으로 보여요. 상대를 배려하며 부드럽게 다가갑니다. | D8: 처음 만난 자리에서도 예의 바르고 편안한 분위기를 만드는 편입니다. 상대의 말에 고개를 끄덕이며 귀 기울이는 모습이 호감을 주기 쉬워요. 부딪히기보다 접점을 먼저 찾는 태도가 첫인상에 자연스럽게 묻어납니다. | F8: 미검수
A9: ASC_SCORPIO | B9: 전갈자리 | C9: 속을 쉽게 알 수 없는, 깊이 있는 사람으로 보여요. 상대를 충분히 살핀 뒤에야 마음을 엽니다. | D9: 말수는 많지 않아도 눈빛과 분위기에서 강한 존재감이 느껴지는 편입니다. 처음에는 거리를 두는 듯 보이지만, 그만큼 신중하게 사람을 알아 가는 중이에요. 한번 마음을 연 상대에게는 누구보다 깊게 곁을 내어 줍니다. | F9: 미검수
A10: ASC_SAGITTARIUS | B10: 사수자리 | C10: 밝고 개방적인 사람으로 보여요. 낯선 사람과 새로운 경험에 거리낌 없이 다가갑니다. | D10: 솔직하고 유쾌한 말투 덕분에 처음 만난 사람도 금방 편해지는 인상입니다. 여행 이야기나 새로 배운 것을 신나게 나누며 대화의 폭을 넓혀 가는 편이에요. 틀에 얽매이지 않는 자유로운 태도가 첫인상의 매력입니다. | F10: 미검수
A11: ASC_CAPRICORN | B11: 염소자리 | C11: 믿음직하고 어른스러운 사람으로 보여요. 신중하게 거리를 지키며 차근차근 신뢰를 쌓습니다. | D11: 처음에는 진지하고 다가가기 어려워 보일 수 있지만, 맡은 일을 끝까지 해내는 모습에서 신뢰를 얻는 편입니다. 시간이 지날수록 의외의 유머와 따뜻함이 드러나요. 오래 알수록 더 편해지는 사람이라는 말을 듣기 쉽습니다. | F11: 미검수
A12: ASC_AQUARIUS | B12: 물병자리 | C12: 독특하고 자유로운 사람으로 보여요. 친근하지만 자기만의 거리를 지키며 세상과 만납니다. | D12: 누구와도 스스럼없이 이야기하지만, 어딘가 남다른 생각을 가진 사람이라는 인상을 줍니다. 유행보다 내 기준을 따르는 취향이 자연스럽게 드러나는 편이에요. 여럿 속에서도 나만의 색을 잃지 않는 것이 이 상승궁의 힘입니다. | F12: 미검수
A13: ASC_PISCES | B13: 물고기자리 | C13: 부드럽고 몽환적인 사람으로 보여요. 주변 분위기에 섬세하게 결을 맞추며 세상과 만납니다. | D13: 처음 만난 사람도 편하게 속 이야기를 꺼내게 만드는 포근한 분위기가 있는 편입니다. 표정이 부드럽고 상대의 기분에 따라 자연스럽게 말투를 맞춰요. 다만 사람이 많은 자리에서는 금방 지칠 수 있어, 혼자 쉬는 틈이 필요합니다. | F13: 미검수

Sheet A5 캐릭터 20종 (점성술판)
A1: ID | B1: 캐릭터 | C1: 역량 | D1: 방식 | E1: 대응 행성 | F1: 원소 | G1: 이미지 파일 | H1: 유형 한 줄(화면용) | I1: 캐릭터 소개 | J1: 차트 근거 | K1: 강점 | L1: 에너지가 많이 드는 순간 | M1: 작은 돌봄 | N1: 공유 카드 한 줄 | O1: 검수 메모 | P1: 검수상태 | Q1: 수정 문장 | R1: 상담사 메모
A2: CHAR_01_OTTER | B2: 수달 | C2: 기대기 | D2: 다가가기 | E2: 달 | F2: 불 | G2: character-01-otter.png | H2: 누군가에게 기대는 일에 에너지가 많이 들고, 그럴 때 먼저 다가가는 유형 | I2: 수달은 마음이 허전할 때 먼저 물에 뛰어들어 친구에게 장난을 거는 캐릭터예요. 혼자 버티기보다 함께 헤엄치며 온기를 나누는 쪽을 고릅니다. | J2: 감정을 맡는 달이 다섯 행성 가운데 가장 많은 긴장을 받고 있습니다. 그래서 누군가에게 기대는 일이 가장 에너지가 드는 역량이 돼요. 그럴 때 기다리기보다 먼저 연락하고 움직이는 것은 차트에서 불의 기운이 가장 강하기 때문입니다. | K2: 어색함을 먼저 깨고 다가가 주변을 금세 따뜻하게 만드는 힘이 있어요. | L2: 먼저 건넨 연락에 답이 늦으면 혼자 마음이 바빠지는 순간입니다. | M2: 연락을 보내기 전에 지금 내게 필요한 것이 대화인지 쉼인지 한 번 물어봐 주세요. | N2: 먼저 다가가는 용기, 그게 수달의 온기예요 | O2: 관계성 테스트 base_knowledge 원문과 대조 필요 (샘플 리포트 수달 문단과 why_text 동일 — 의도된 기준 문장) | P2: 미검수
A3: CHAR_02_SEA_OTTER | B3: 해달 | C3: 기대기 | D3: 맞춰주기 | E3: 달 | F3: 물 | G3: character-02-sea-otter.png | H3: 누군가에게 기대는 일에 에너지가 많이 들고, 그럴 때 상대에게 맞춰 주는 유형 | I3: 해달은 잠들 때 서로 손을 잡아 떠내려가지 않게 하는 캐릭터입니다. 곁에 있는 이의 물결에 몸을 맞추며 조용히 기대는 법을 알아요. | J3: 마음의 안정을 맡는 달이 다섯 행성 중 가장 많은 긴장을 받고 있어요. 그래서 누군가에게 기대는 일에 가장 큰 에너지가 듭니다. 그때 내 마음보다 상대의 기분을 먼저 살피며 곁을 지키는 것은, 차트에서 물의 기운이 가장 강하기 때문이에요. | K3: 말하지 않아도 상대의 기분을 알아채고 편안한 곁이 되어 주는 힘이 있습니다. | L3: 기대고 싶은 날에도 상대 기분부터 맞추느라 내 이야기를 꺼내지 못하는 순간이에요. | M3: 오늘은 상대 기분 말고 내 기분을 한 단어로 먼저 적어 보세요. | N3: 손잡고 떠 있는 해달처럼, 곁에 있어 줘서 고마워요 | O3: 관계성 테스트 base_knowledge 원문과 대조 필요 (손잡고 자는 장면이 관계성판 해달 설명과 겹치는지) | P3: 미검수
A4: CHAR_03_SEAL | B4: 물범 | C4: 기대기 | D4: 거리두기 | E4: 달 | F4: 공기 | G4: character-03-seal.png | H4: 누군가에게 기대는 일에 에너지가 많이 들고, 그럴 때 한발 물러나 혼자 정리하는 유형 | I4: 물범은 무리 가까이 있으면서도 바위 위에 저만의 자리를 두고 쉬는 캐릭터예요. 마음이 무거운 날엔 물속에 잠겼다가 조용히 고개만 내밀어 바깥을 살핍니다. | J4: 감정의 별인 달이 다섯 행성 가운데 가장 많은 긴장을 받고 있습니다. 그래서 누군가에게 마음을 기대는 일이 가장 에너지가 드는 역량이에요. 그럴 때 바로 기대기보다 혼자 생각을 정리할 시간을 먼저 찾는 것은, 차트에서 공기의 기운이 가장 강하기 때문입니다. | K4: 감정이 차오를 때도 한발 떨어져 차분하게 상황을 바라보는 힘이 있어요. | L4: 위로받고 싶으면서도 괜찮다고 말하고 혼자 바위로 올라가는 순간입니다. | M4: 혼자 정리한 뒤에는 믿는 한 사람에게 그 결론만이라도 짧게 나눠 보세요. | N4: 혼자 쉬다가도 고개 내밀어 줘서 반가워요 | O4: 관계성 테스트 base_knowledge 원문과 대조 필요 (물범·물개 일러스트와 설명이 서로 구분되는지) | P4: 미검수
A5: CHAR_04_BEAVER | B5: 비버 | C5: 기대기 | D5: 조율하기 | E5: 달 | F5: 흙 | G5: character-04-beaver.png | H5: 누군가에게 기대는 일에 에너지가 많이 들고, 그럴 때 현실적으로 따져 조율하는 유형 | I5: 비버는 기대고 싶은 마음이 들면 말보다 먼저 함께 머물 집을 짓는 캐릭터입니다. 나뭇가지를 하나씩 쌓듯 기댈 수 있는 자리를 차근차근 만들어요. | J5: 마음의 안정을 맡는 달이 다섯 행성 가운데 가장 많은 긴장을 받고 있어요. 그래서 누군가에게 기대는 일이 가장 에너지가 드는 역량입니다. 그럴 때 감정을 털어놓기보다 함께할 일과 일정을 현실적으로 맞춰 보는 것은, 차트에서 흙의 기운이 가장 강하기 때문이에요. | K5: 말로만 하지 않고 실제로 기댈 수 있는 생활의 터전을 만드는 힘이 있습니다. | L5: 속상한 마음은 뒤로하고 할 일 목록만 정리하다 혼자 지치는 순간이에요. | M5: 할 일 목록 맨 위에 오늘 기분 나누기를 한 줄 넣어 보세요. | N5: 함께 쉴 보금자리를 짓는 비버, 참 든든해요 | O5: 관계성 테스트 base_knowledge 원문과 대조 필요 | P5: 미검수
A6: CHAR_05_MANDARIN_DUCK | B6: 원앙 | C6: 믿기 | D6: 다가가기 | E6: 토성 | F6: 불 | G6: character-05-mandarin-duck.png | H6: 관계를 믿고 마음을 놓는 일에 에너지가 많이 들고, 그럴 때 먼저 다가가는 유형 | I6: 원앙은 마음이 불안할 때 먼저 다가가 나란히 헤엄치며 곁을 확인하는 캐릭터예요. 함께 있는 시간이 쌓일수록 물결 위의 마음도 고요해집니다. | J6: 책임과 구조를 맡는 토성이 다섯 행성 가운데 가장 많은 긴장을 받고 있습니다. 그래서 관계를 믿고 마음을 놓는 일이 가장 에너지가 드는 역량이에요. 그럴 때 혼자 걱정하기보다 먼저 묻고 표현해 확인하는 것은 차트에서 불의 기운이 가장 강하기 때문입니다. | K6: 아끼는 마음을 숨기지 않고 표현해 관계에 온기를 불어넣는 힘이 있어요. | L6: 확인의 말을 들은 뒤에도 마음이 놓이지 않아 다시 묻고 싶어지는 순간입니다. | M6: 묻고 싶은 마음이 들면 그동안 함께 쌓아 온 장면 세 가지를 떠올려 보세요. | N6: 나란히 헤엄치는 시간, 원앙에게는 보물이에요 | O6: 관계성 테스트 base_knowledge 원문과 대조 필요 (원앙의 금슬 이미지는 문화적 상징 — 실제 생태 사실처럼 쓰지 않았음) | P6: 미검수
A7: CHAR_06_PENGUIN | B7: 펭귄 | C7: 믿기 | D7: 맞춰주기 | E7: 토성 | F7: 물 | G7: character-06-penguin.png | H7: 관계를 믿고 마음을 놓는 일에 에너지가 많이 들고, 그럴 때 상대에게 맞춰 주는 유형 | I7: 펭귄은 추운 날 서로 몸을 붙이고 번갈아 바깥 자리를 맡는 캐릭터입니다. 수많은 목소리 가운데서도 소중한 이의 소리를 알아듣고 그 곁에 나란히 서요. | J7: 시간과 책임을 맡는 토성이 다섯 행성 중 가장 많은 긴장을 받고 있어요. 그래서 관계가 단단하다고 믿는 일에 가장 큰 에너지가 듭니다. 그럴 때 상대에게 맞춰 무리의 온기를 지키려는 것은, 차트에서 물의 기운이 가장 강하기 때문이에요. | K7: 함께하는 이들의 마음을 살펴 모두가 따뜻할 수 있도록 자리를 지키는 힘이 있습니다. | L7: 관계가 흔들릴까 봐 서운한 마음까지 꾹 참고 맞춰 주는 순간이에요. | M7: 오늘 하나쯤은 내가 원하는 것을 먼저 말하고 관계가 어떤지 지켜봐 주세요. | N7: 추운 날 곁을 내어 주는 펭귄, 정말 따뜻해요 | O7: 관계성 테스트 base_knowledge 원문과 대조 필요 | P7: 미검수
A8: CHAR_07_HERON | B8: 왜가리 | C8: 믿기 | D8: 거리두기 | E8: 토성 | F8: 공기 | G8: character-07-heron.png | H8: 관계를 믿고 마음을 놓는 일에 에너지가 많이 들고, 그럴 때 한발 물러나 혼자 정리하는 유형 | I8: 왜가리는 얕은 물가에 오래 서서 물결을 지켜본 뒤에야 한 걸음 내딛는 캐릭터예요. 서두르지 않고 멀리서 바라보며 믿어도 될지 스스로 가늠합니다. | J8: 책임과 시험의 별 토성이 다섯 행성 가운데 가장 많은 긴장을 받고 있습니다. 그래서 관계를 믿고 마음을 맡기는 일이 가장 에너지가 드는 역량이 돼요. 그럴 때 가까이 붙기보다 한발 떨어져 생각으로 상황을 살피는 것은, 차트에서 공기의 기운이 가장 강하기 때문입니다. | K8: 감정에 휩쓸리지 않고 사람과 상황을 차분하게 지켜보는 눈이 있어요. | L8: 다가오는 마음을 반기면서도 정말 믿어도 될지 혼자 오래 따져 보는 순간입니다. | M8: 지켜본 것 가운데 이미 믿을 만했던 순간을 하나 골라 고맙다고 전해 보세요. | N8: 오래 지켜본 만큼 깊이 믿는 왜가리예요 | O8: 관계성 테스트 base_knowledge 원문과 대조 필요 | P8: 미검수
A9: CHAR_08_SWAN | B9: 백조 | C9: 믿기 | D9: 조율하기 | E9: 토성 | F9: 흙 | G9: character-08-swan.png | H9: 관계를 믿고 마음을 놓는 일에 에너지가 많이 들고, 그럴 때 현실적으로 따져 조율하는 유형 | I9: 백조는 물 위에서는 우아하게 떠 있지만 물 아래에서는 쉬지 않고 발을 젓는 캐릭터입니다. 겉으로는 고요해 보여도 관계가 흔들리지 않도록 속에서 차근차근 균형을 잡아요. | J9: 구조와 약속을 맡는 토성이 다섯 행성 가운데 가장 많은 긴장을 받고 있어요. 그래서 관계를 믿고 마음을 놓는 일에 가장 큰 에너지가 듭니다. 그럴 때 약속과 생활의 틀을 현실적으로 맞춰 가며 안심을 찾는 것은, 차트에서 흙의 기운이 가장 강하기 때문이에요. | K9: 약속을 지키고 일상을 꾸준히 이어 가며 믿을 만한 관계를 쌓는 힘이 있습니다. | L9: 겉으로는 평온한 척하며 물 아래에서 혼자 계획을 다시 짜는 순간이에요. | M9: 물 아래에서 젓던 발을 잠시 멈추고, 지금 불안한 점 하나를 말로 꺼내 보세요. | N9: 고요한 물 위의 백조, 속으로 늘 애쓰고 있어요 | O9: 관계성 테스트 base_knowledge 원문과 대조 필요 (모의실험상 가장 드문 캐릭터 — 설명 분량 다른 행과 균형 확인) | P9: 미검수
A10: CHAR_09_PUFFERFISH | B10: 복어 | C10: 선 지키기 | D10: 다가가기 | E10: 화성 | F10: 불 | G10: character-09-pufferfish.png | H10: 내 선을 지키는 일에 에너지가 많이 들고, 그럴 때 먼저 다가가는 유형 | I10: 복어는 누가 내 선을 넘어온다 싶으면 몸을 크게 부풀려 바로 신호를 보내는 캐릭터예요. 평소엔 동글동글 순하지만 지킬 것 앞에서는 망설이지 않습니다. | J10: 의욕과 행동을 맡는 화성이 다섯 행성 가운데 가장 많은 긴장을 받고 있습니다. 그래서 나의 선을 세우고 지키는 일이 가장 에너지가 드는 역량이에요. 그럴 때 참고 넘기기보다 바로 표현해 선을 그으려는 것은, 차트에서 불의 기운이 가장 강하기 때문입니다. | K10: 불편한 것을 오래 묵히지 않고 솔직하게 알려 관계를 투명하게 만드는 힘이 있어요. | L10: 마음보다 몸이 먼저 부풀어 올라 말이 생각보다 세게 나가는 순간입니다. | M10: 몸이 부풀어 오를 때 숨을 길게 내쉬고, 원하는 것 하나만 골라 말해 보세요. | N10: 솔직하게 부풀 줄 아는 복어, 그 용기 멋져요 | O10: 관계성 테스트 base_knowledge 원문과 대조 필요 (복어의 독 이미지는 일부러 쓰지 않았음) | P10: 미검수
A11: CHAR_10_HERMIT_CRAB | B11: 소라게 | C11: 선 지키기 | D11: 맞춰주기 | E11: 화성 | F11: 물 | G11: character-10-hermit-crab.png | H11: 내 선을 지키는 일에 에너지가 많이 들고, 그럴 때 상대에게 맞춰 주는 유형 | I11: 소라게는 주변 친구들과 차례를 맞춰 껍데기를 바꿔 입는 캐릭터입니다. 모두가 편하도록 자리를 내주다 보면 정작 내게 맞는 집을 놓치기도 해요. | J11: 나를 지키는 힘을 맡는 화성이 다섯 행성 중 가장 많은 긴장을 받고 있어요. 그래서 여기까지라고 선을 긋는 일에 가장 큰 에너지가 듭니다. 그럴 때 거절하기보다 상대 기분에 맞춰 내 자리를 조금씩 내어 주는 것은, 차트에서 물의 기운이 가장 강하기 때문이에요. | K11: 상대의 사정을 헤아려 부드럽게 양보하며 관계의 평화를 지키는 힘이 있습니다. | L11: 싫다는 말이 목까지 왔는데 상대 표정을 보고 다시 삼키는 순간이에요. | M11: 이번 주에는 작은 부탁 하나쯤 ‘이번엔 어려워요’라고 다정하게 거절해 보세요. | N11: 내게 꼭 맞는 껍데기도 챙기는 소라게가 되길 | O11: 관계성 테스트 base_knowledge 원문과 대조 필요 (모의실험상 가장 흔한 캐릭터 — 공유 문구 반응 확인) | P11: 미검수
A12: CHAR_11_TURTLE | B12: 거북 | C12: 선 지키기 | D12: 거리두기 | E12: 화성 | F12: 공기 | G12: character-11-turtle.png | H12: 내 선을 지키는 일에 에너지가 많이 들고, 그럴 때 한발 물러나 혼자 정리하는 유형 | I12: 거북은 마음이 침범당한다고 느끼면 조용히 등딱지 안으로 들어가 숨을 고르는 캐릭터예요. 충분히 쉰 뒤에야 다시 고개를 내밀고 천천히 길을 이어 갑니다. | J12: 행동과 자기주장을 맡는 화성이 다섯 행성 가운데 가장 많은 긴장을 받고 있습니다. 그래서 나의 선을 말로 세우는 일이 가장 에너지가 드는 역량이 돼요. 그럴 때 맞서기보다 잠시 물러나 혼자 생각을 정리하는 것은, 차트에서 공기의 기운이 가장 강하기 때문입니다. | K12: 부딪힐 때도 감정적으로 맞서지 않고 차분하게 나를 지키는 힘이 있어요. | L12: 불편하다는 말 대신 등딱지 안에서 혼자 오래 머무는 순간입니다. | M12: 등딱지 안에 들어갈 때 조금 쉬고 다시 이야기하겠다고 한마디 남겨 보세요. | N12: 쉬었다 다시 걷는 거북, 그 속도도 괜찮아요 | O12: 관계성 테스트 base_knowledge 원문과 대조 필요 | P12: 미검수
A13: CHAR_12_CLAM | B13: 조개 | C13: 선 지키기 | D13: 조율하기 | E13: 화성 | F13: 흙 | G13: character-12-clam.png | H13: 내 선을 지키는 일에 에너지가 많이 들고, 그럴 때 현실적으로 따져 조율하는 유형 | I13: 조개는 물이 맑을 때만 껍데기를 살짝 열고, 흐려지면 단단히 닫는 캐릭터입니다. 얼마나 열지 상황을 보며 하나하나 가늠하는 신중한 문지기예요. | J13: 나를 지키는 추진력의 별 화성이 다섯 행성 가운데 가장 많은 긴장을 받고 있어요. 그래서 내 경계를 세우고 지키는 일에 가장 큰 에너지가 듭니다. 그럴 때 감정보다 조건과 사정을 따져 어디까지 열지 조정하는 것은 차트에서 흙의 기운이 가장 강하기 때문이에요. | K13: 무엇을 받아들이고 무엇을 거를지 현실적으로 가려내는 힘이 있습니다. | L13: 열어야 할지 닫아야 할지 계산하느라 내 마음을 들여다볼 틈이 없는 순간이에요. | M13: 따져 보기 전에 지금 내 마음이 열고 싶은지부터 물어봐 주세요. | N13: 천천히 열리는 조개, 그 안은 참 부드러워요 | O13: 관계성 테스트 base_knowledge 원문과 대조 필요 | P13: 미검수
... A21: CHAR_20_STARFISH | B21: 불가사리 | C21: 회복하기 | D21: 조율하기 | E21: 금성 | F21: 흙 | G21: character-20-starfish.png | H21: 다툰 뒤 다시 가까워지는 일에 에너지가 많이 들고, 그럴 때 현실적으로 따져 조율하는 유형 | I21: 불가사리는 상처 난 팔도 시간을 들여 천천히 다시 길러 내는 캐릭터입니다. 서두르지 않고 작은 발을 하나씩 움직여 어긋났던 자리로 다시 다가가요. | J21: 관계와 조화를 맡는 금성이 다섯 행성 중 가장 많은 긴장을 받고 있어요. 그래서 다툰 뒤 관계를 회복하는 일에 가장 큰 에너지가 듭니다. 그럴 때 무엇이 어긋났는지 현실적으로 따져 하나씩 맞춰 가는 것은, 차트에서 흙의 기운이 가장 강하기 때문이에요. | K21: 다툼의 원인을 차근차근 짚어 같은 일이 덜 반복되도록 다듬는 힘이 있습니다. | L21: 상대는 마음을 알아주길 바라는데 해결책부터 정리하고 있는 순간이에요. | M21: 해결책을 꺼내기 전에 그때 많이 속상했겠다는 한마디를 먼저 건네 보세요. | N21: 천천히 다시 자라는 불가사리, 그 끈기를 응원해요 | O21: 관계성 테스트 base_knowledge 원문과 대조 필요 | P21: 미검수

Sheet A6 역량 5 · 방식 4 설명
A1: ID | B1: 구분(역량/방식) | C1: 이름 | D1: 대응 행성·원소 | E1: 쉬운 정의 | F1: 점성술 연결 설명 | G1: 흔들릴 때 / 방식의 힘과 지나칠 때 | H1: 검수 메모 | I1: 검수상태 | J1: 수정 문장 | K1: 상담사 메모
A2: COMP_LEAN | B2: 역량 | C2: 기대기 | D2: 달 | E2: 기대기는 가까운 사람에게 마음을 기대고 위로를 주고받는 친밀감의 역량입니다. | F2: 달은 차트에서 감정과 마음의 안정을 맡는 별이에요. 달이 긴장하는 각도를 많이 받으면 편히 기대고 싶은 마음과 혼자 버티려는 마음이 자주 부딪힙니다. 그래서 달은 누군가에게 기대는 힘을 비춰 보는 자리로 읽어요. | G2: 힘든 일이 있어도 괜찮은 척 넘기거나, 반대로 연락 하나에 마음이 크게 출렁이기 쉬워요. 기대고 싶은 마음과 짐이 될까 하는 걱정이 함께 올라오는 때입니다. | H2: 관계성 테스트 초기 기획에는 친밀감 역량 이름이 '다가가기'로 적힌 기록이 있음 — 방식 '다가가기'와 겹치지 않도록 최종 명칭(기대기) 확인 필요 | I2: 미검수
A3: COMP_TRUST | B3: 역량 | C3: 믿기 | D3: 토성 | E3: 믿기는 관계가 쉽게 흔들리지 않으리라 여기고 마음을 놓는 안정감의 역량이에요. | F3: 토성은 책임과 구조, 시간을 견디는 힘을 맡는 별입니다. 토성이 긴장하는 각도를 많이 받으면 관계에서도 이 사이가 단단한지 자꾸 점검하고 싶어져요. 그래서 토성은 시간을 두고 쌓이는 믿음을 비춰 보는 자리로 읽습니다. | G3: 답장이 늦거나 말투가 조금만 달라져도 관계 전체가 흔들리는 듯 느끼기 쉽습니다. 확인을 받아도 마음이 오래 놓이지 않아 스스로 지치기도 해요. | I3: 미검수
A4: COMP_BOUNDARY | B4: 역량 | C4: 선 지키기 | D4: 화성 | E4: 선 지키기는 내가 편한 범위와 원하지 않는 것을 알고 지켜 내는 경계의 역량입니다. | F4: 화성은 의욕과 행동, 나를 지키려는 추진력을 맡는 별이에요. 화성이 긴장하는 각도를 많이 받으면 싫다는 마음을 언제 어떻게 꺼낼지 고르는 데 힘이 많이 듭니다. 그래서 화성은 나의 선을 세우고 지키는 힘을 비춰 보는 자리로 읽어요. | G4: 부탁을 거절하지 못해 일을 떠안거나, 참다가 한꺼번에 날카롭게 터지기 쉬워요. 어디까지가 내 몫인지 헷갈려 한참 지나서야 지친 마음을 알아차리기도 합니다. | H4: 화성 = 경계 연결은 '자기주장·나를 지키는 힘' 상징으로 풀었음 — 공격성으로 읽히지 않는지 확인 | I4: 미검수
A5: COMP_SPEAK | B5: 역량 | C5: 말하기 | D5: 수성 | E5: 말하기는 내 생각과 마음을 상대가 알아들을 수 있는 말로 꺼내는 표현의 역량이에요. | F5: 수성은 생각과 말, 연락을 맡는 별입니다. 수성이 긴장하는 각도를 많이 받으면 머릿속 생각은 많은데 입 밖으로 꺼내는 순간에 힘이 많이 들어요. 그래서 수성은 마음을 말로 옮기는 힘을 비춰 보는 자리로 읽습니다. | G5: 하고 싶은 말을 여러 번 고쳐 쓰다 결국 보내지 못하거나, 말해 놓고 오래 곱씹기 쉽습니다. 내 뜻이 다르게 전해질까 봐 꼭 필요한 말까지 삼키기도 해요. | I5: 미검수
A6: COMP_REPAIR | B6: 역량 | C6: 회복하기 | D6: 금성 | E6: 회복하기는 다툼이나 서운함이 생긴 뒤 관계를 다시 따뜻하게 잇는 갈등 회복의 역량입니다. | F6: 금성은 좋아하는 것과 관계, 조화를 맡는 별이에요. 금성이 긴장하는 각도를 많이 받으면 어긋난 사이를 다시 부드럽게 맞추는 데 마음이 많이 쓰입니다. 그래서 금성은 틈이 생긴 관계를 다시 잇는 힘을 비춰 보는 자리로 읽어요. | G6: 작은 말다툼 뒤에도 분위기가 풀리지 않을까 봐 오래 마음이 무거워지기 쉬워요. 먼저 사과할지 기다릴지 고민하다 화해의 때를 놓치기도 합니다. | I6: 미검수
A7: STYLE_APPROACH | B7: 방식 | C7: 다가가기 | D7: 불 | E7: 다가가기는 마음이 흔들릴 때 기다리기보다 먼저 연락하고 움직여 거리를 좁히는 방식입니다. | F7: 불의 원소는 양자리·사자자리·사수자리의 기운으로, 열정과 시작하는 힘을 상징해요. 불이 강한 차트는 마음이 움직이면 몸도 먼저 움직이려는 결로 읽습니다. 그래서 흔들릴 때 먼저 다가가는 방식과 이어져요. | G7: 어색한 공기를 오래 두지 않고 먼저 손을 내밀어, 관계가 식지 않게 지켜 준 방법이에요. 다만 지나치면 상대가 준비되기 전에 답을 재촉하게 되어 내 마음이 더 급해질 수 있습니다. | I7: 미검수
A8: STYLE_ATTUNE | B8: 방식 | C8: 맞춰주기 | D8: 물 | E8: 맞춰주기는 마음이 흔들릴 때 상대의 기분과 분위기에 나를 맞춰 관계의 평화를 지키는 방식이에요. | F8: 물의 원소는 게자리·전갈자리·물고기자리의 기운으로, 감정을 느끼고 스며드는 힘을 상징합니다. 물이 강한 차트는 말보다 분위기를 먼저 살피는 결로 읽어요. 그래서 흔들릴 때 상대에게 맞춰 주는 방식과 이어집니다. | G8: 상대의 마음을 먼저 알아채고 품어 주어, 부딪힘 없이 곁을 지켜 준 방법입니다. 다만 지나치면 내 기분을 자꾸 뒤로 미뤄 두다 나도 모르게 서운함이 쌓일 수 있어요. | I8: 미검수
A9: STYLE_DISTANCE | B9: 방식 | C9: 거리두기 | D9: 공기 | E9: 거리두기는 마음이 흔들릴 때 잠시 한 걸음 물러나 혼자 생각을 정리할 시간을 갖는 방식입니다. | F9: 공기의 원소는 쌍둥이자리·천칭자리·물병자리의 기운으로, 생각하고 한발 떨어져 바라보는 힘을 상징해요. 공기가 강한 차트는 감정이 차오를 때 머리로 먼저 정리하려는 결로 읽습니다. 그래서 흔들릴 때 거리를 두고 숨을 고르는 방식과 이어져요. | G9: 감정이 앞설 때 한발 물러나, 후회할 말 대신 차분한 생각을 고르게 해 준 방법이에요. 다만 지나치면 상대에게 닫힌 문처럼 느껴져 마음의 거리가 벌어질 수 있습니다. | H9: '거리두기'가 회피 성향 꼬리표처럼 읽히지 않도록 '혼자 정리할 시간' 중심으로 썼음 — 관계성 테스트 방식 정의 문구와 대조 필요 | I9: 미검수
A10: STYLE_COORDINATE | B10: 방식 | C10: 조율하기 | D10: 흙 | E10: 조율하기는 마음이 흔들릴 때 무엇이 가능한지 현실적으로 따져 보고 조정점을 찾는 방식이에요. | F10: 흙의 원소는 황소자리·처녀자리·염소자리의 기운으로, 현실을 다지고 지키는 힘을 상징합니다. 흙이 강한 차트는 마음보다 눈앞의 해결책을 먼저 찾으려는 결로 읽어요. 그래서 흔들릴 때 차근차근 따지고 맞춰 가는 방식과 이어집니다. | G10: 감정에 휩쓸리지 않고 할 수 있는 일부터 정리해, 관계를 현실의 땅 위에 붙잡아 준 방법입니다. 다만 지나치면 마음을 듣기보다 해결책부터 내밀어 상대가 서운해할 수 있어요. | I10: 미검수

Sheet A7 원소 강할 때·부족할 때
A1: ID | B1: 원소 | C1: 상태 | D1: 본문 | E1: 캐릭터 방식 연결 | F1: 검수 메모 | G1: 검수상태 | H1: 수정 문장 | I1: 상담사 메모
A2: ELEM_FIRE_STRONG | B2: 불 | C2: 강할 때 | D2: 불의 기운이 강하면 마음먹은 순간 바로 움직이는 추진력과 열정이 돋보입니다. 새로운 시작 앞에서 설레고, 그 에너지가 주변 사람까지 움직이게 해요. 다만 불이 셀수록 쉬는 타이밍을 의식적으로 정해 두는 편이 좋습니다. | E2: 불이 가장 강하면, 마음이 흔들릴 때 먼저 움직여 다가가는 ‘다가가기’ 방식을 쓰기 쉬워요. | F2: 강할 때·부족할 때의 점수 경계는 엔진에서 정합니다. style_link는 그 원소가 차트에서 가장 강할 때만 노출된다는 전제로 썼습니다. | G2: 미검수
A3: ELEM_FIRE_WEAK | B3: 불 | C3: 부족할 때 | D3: 불의 기운이 적은 차트는 즉흥적인 추진력 대신 꾸준함이나 생각, 공감으로 일을 이끌어 온 경우가 많아요. 그렇게 쌓아 온 방식이 이미 나만의 힘입니다. 하고 싶은 일을 미뤄 두고 있다면, 작게라도 오늘 시작해 보는 연습을 의식적으로 챙겨 보세요. | G3: 미검수
A4: ELEM_EARTH_STRONG | B4: 흙 | C4: 강할 때 | D4: 흙의 기운이 강하면 현실 감각이 뛰어나고, 눈에 보이는 결과를 차근차근 쌓아 가는 힘이 있습니다. 계획을 세우고 끝까지 지켜 내는 성실함이 주변에 믿음을 줘요. 다만 확인할 것이 많아질수록 즉흥적인 즐거움이 줄어들 수 있습니다. | E4: 흙이 가장 강하면, 마음이 흔들릴 때 현실적으로 따지고 조정하는 ‘조율하기’ 방식을 쓰기 쉬워요. | G4: 미검수
A5: ELEM_EARTH_WEAK | B5: 흙 | C5: 부족할 때 | D5: 흙의 기운이 적은 차트는 정해진 틀보다 열정이나 아이디어, 감정의 흐름을 따라 움직여 온 경우가 많아요. 그 유연함 덕분에 새로운 상황에도 빠르게 적응할 수 있습니다. 잠, 식사, 정리 같은 생활 루틴을 의식적으로 챙기면 생각과 마음이 한결 안정돼요. | G5: 미검수
A6: ELEM_AIR_STRONG | B6: 공기 | C6: 강할 때 | D6: 공기의 기운이 강하면 생각이 빠르고, 상황을 한 걸음 떨어져서 바라보는 힘이 있습니다. 대화와 정보를 통해 사람과 아이디어를 잇는 데 능숙해요. 다만 머리로 이해하는 데서 멈추면 정작 내 감정은 놓치기 쉽습니다. | E6: 공기가 가장 강하면, 마음이 흔들릴 때 혼자 정리할 시간을 갖는 ‘거리두기’ 방식을 쓰기 쉬워요. | G6: 미검수
A7: ELEM_AIR_WEAK | B7: 공기 | C7: 부족할 때 | D7: 공기의 기운이 적은 차트는 말로 풀어내기보다 행동이나 감각, 마음으로 먼저 반응해 온 경우가 많아요. 그만큼 직접 겪으며 얻은 판단에 깊이가 있습니다. 감정이 클 때 한 걸음 물러나 생각을 적어 보거나 다른 사람의 관점을 들어 보는 시간을 챙겨 보세요. | F7: 샘플 리포트처럼 원소 점수가 영점인 차트도 이 부족할 때 문장을 그대로 씁니다. 영점일 때 별도 문장이 필요한지 확인 부탁드립니다. | G7: 미검수
A8: ELEM_WATER_STRONG | B8: 물 | C8: 강할 때 | D8: 물의 기운이 강하면 다른 사람의 마음을 섬세하게 읽고 깊이 공감하는 힘이 있습니다. 말하지 않아도 분위기를 알아채고 먼저 품어 주는 따뜻함이 있어요. 다만 남의 감정까지 함께 짊어지면 금방 지칠 수 있어, 혼자 비워 내는 시간이 필요합니다. | E8: 물이 가장 강하면, 마음이 흔들릴 때 상대에게 맞춰 분위기를 지키는 ‘맞춰주기’ 방식을 쓰기 쉬워요. | G8: 미검수
A9: ELEM_WATER_WEAK | B9: 물 | C9: 부족할 때 | D9: 물의 기운이 적은 차트는 감정에 머물기보다 행동이나 생각, 현실 감각으로 상황을 헤쳐 온 경우가 많아요. 덕분에 어려운 순간에도 침착하게 중심을 잡을 수 있습니다. 가끔은 ‘지금 내 기분은 어떤가’를 스스로 묻고, 그 마음을 믿을 만한 사람에게 꺼내 보는 시간을 챙겨 보세요. | G9: 미검수

Sheet A8 트랜짓 이벤트 문장
A1: ID | B1: 트랜짓 행성 | C1: 출생 대상 | D1: 각도 묶음 | E1: 이벤트 이름 | F1: 그 뜻 한 줄 | G1: 표 문장(과거) | H1: 표 문장(미래) | I1: 본문(2~3문장) | J1: 톤 | K1: 키워드 | L1: 검수 메모 | M1: 검수상태 | N1: 수정 문장 | O1: 상담사 메모
A2: TR_JUPITER_SUN_CONJ | B2: 목성 | C2: 태양 | D2: 합 | E2: 목성-태양 합 | F2: 확장의 별이 나의 중심에 겹치는 자리 — 나를 넓게 펼치고 싶은 마음이 커져요 | G2: 나를 드러낼 기회가 늘고, 자신감이 한 뼘 자랐을 거예요. | H2: 나다운 일을 더 크게 펼쳐 보기 좋은 때입니다. | I2: 확장의 별이 나의 중심에 겹치는 시기입니다. 스스로를 믿는 힘이 커져서, 미뤄 둔 도전에 손을 뻗기 쉬워요. 일에서든 일상에서든 ‘해 보자’는 말이 자주 나오는 때일 수 있습니다. | J2: 순풍 | K2: 나를 펼치기 | M2: 미검수
A3: TR_JUPITER_SUN_HARM | B3: 목성 | C3: 태양 | D3: 조화 | E3: 목성-태양 조화 | F3: 확장의 별이 나의 중심을 자연스럽게 돕는 각도 — 애쓰지 않아도 일이 풀리는 느낌을 줘요 | G3: 크게 애쓰지 않았는데도 일이 술술 풀린 순간이 있었을 거예요. | H3: 자연스럽게 들어오는 기회에 가볍게 응해 보기 좋은 때예요. | I3: 확장의 별이 나의 중심을 자연스럽게 돕는 각도에 있습니다. 내 모습 그대로 있을 때 도움과 기회가 따라오기 쉬워요. 주변의 제안이나 소개에 한 번 더 귀 기울여 볼 만한 시기입니다. | J3: 순풍 | K3: 순한 기회 | M3: 미검수
A4: TR_JUPITER_SUN_TENSE | B4: 목성 | C4: 태양 | D4: 긴장 | E4: 목성-태양 긴장 | F4: 확장의 별이 나의 중심과 부딪치는 각도 — 의욕이 커지는 만큼 과신하기 쉬워요 | G4: 하고 싶은 일이 많아져 계획보다 크게 벌인 일이 있었을 수 있어요. | H4: 벌이고 싶은 일 가운데 정말 원하는 것만 고르기 좋은 때입니다. | I4: 확장의 별이 나의 중심과 긴장하는 각도를 이룹니다. 자신감과 의욕이 커지는 건 좋은 신호지만, 감당할 수 있는 크기보다 크게 약속하기 쉬워요. 시작하기 전에 ‘이걸 끝까지 해낼 수 있을까’를 한 번 물어보는 것으로 충분합니다. | J4: 중립 | K4: 알맞은 크기 | L4: 목성 긴장은 과함·과신 주의로 '중립' 처리 | M4: 미검수
A5: TR_JUPITER_MOON_CONJ | B5: 목성 | C5: 달 | D5: 합 | E5: 목성-달 합 | F5: 확장의 별이 감정의 별과 겹치는 자리 — 마음의 품이 넓어지고 집이 편안해져요 | G5: 마음이 한결 넉넉해지고, 집이나 가까운 사람 곁에서 위로를 받았을 거예요. | H5: 집과 마음의 자리를 넉넉하게 가꾸기 좋은 때예요. | I5: 확장의 별이 감정의 별과 겹치는 시기예요. 마음의 품이 넓어져 나와 주변을 너그럽게 바라보기 쉽습니다. 머무는 공간을 정돈하거나 가까운 사람과 저녁을 나누는 일이 오래 힘이 될 수 있어요. | J5: 순풍 | K5: 마음의 품 | M5: 미검수
A6: TR_JUPITER_MOON_HARM | B6: 목성 | C6: 달 | D6: 조화 | E6: 목성-달 조화 | F6: 확장의 별이 감정의 별을 자연스럽게 돕는 각도 — 마음이 편안하게 차오르게 해요 | G6: 기분이 안정되고, 작은 일상에서 기쁨을 자주 느꼈을 수 있습니다. | H6: 마음이 편해지는 습관을 하나 들여 보기 좋은 때입니다. | I6: 확장의 별이 감정의 별을 자연스럽게 돕는 각도에 있어요. 큰일이 없어도 마음이 차분히 채워지고, 누군가에게 기대는 일도 덜 어렵게 느껴질 수 있습니다. 이 편안함을 작은 루틴으로 붙잡아 두면 바쁜 시기에 돌아올 자리가 돼요. | J6: 순풍 | K6: 편안한 마음 | M6: 미검수
A7: TR_JUPITER_MOON_TENSE | B7: 목성 | C7: 달 | D7: 긴장 | E7: 목성-달 긴장 | F7: 확장의 별이 감정의 별과 긴장하는 각도 — 기쁨도 서운함도 크게 부풀기 쉬워요 | G7: 기분이 크게 오르내리거나, 마음 가는 대로 약속을 늘린 때가 있었을 거예요. | H7: 감정이 클 때는 결정을 하루 묵혀 두기 좋은 때예요. | I7: 확장의 별이 감정의 별과 긴장하는 각도를 이룹니다. 좋은 기분도 서운함도 평소보다 크게 느껴져, 기분에 따라 지출이나 약속을 늘리기 쉬워요. 마음이 커질 때 바로 움직이기보다 하루쯤 지켜보는 여유를 두면 좋습니다. | J7: 중립 | K7: 마음 고르기 | L7: 목성 긴장은 과함·과신 주의로 '중립' 처리 | M7: 미검수
A8: TR_JUPITER_MERCURY_CONJ | B8: 목성 | C8: 수성 | D8: 합 | E8: 목성-수성 합 | F8: 확장의 별이 생각·말의 별과 겹치는 자리 — 배우고 말하고 싶은 것이 많아져요 | G8: 새로운 배움이나 대화가 늘고, 아이디어가 많이 떠올랐을 거예요. | H8: 배우고 쓰고 말하는 일에 시간을 내기 좋은 때입니다. | I8: 확장의 별이 생각과 말의 별에 겹치는 시기입니다. 호기심이 커지고, 내 생각을 말이나 글로 꺼내기가 한결 쉬워져요. 미뤄 둔 공부나 기록, 오래 하지 못한 대화를 시작해 보기 좋은 때예요. | J8: 순풍 | K8: 배움과 말 | M8: 미검수
A9: TR_JUPITER_MERCURY_HARM | B9: 목성 | C9: 수성 | D9: 조화 | E9: 목성-수성 조화 | F9: 확장의 별이 생각·말의 별을 자연스럽게 돕는 각도 — 말과 연락이 잘 통하게 해요 | G9: 연락이 잘 닿고, 말이 통하는 사람을 만나 일이 수월했을 수 있어요. | H9: 제안하고 연락하고 생각을 정리해 말하기 좋은 때예요. | I9: 확장의 별이 생각과 말의 별을 자연스럽게 돕는 각도에 있습니다. 설명이 잘 전달되고, 필요한 정보나 사람과 연결되기 쉬워요. 미뤄 둔 제안이나 연락을 이때 보내 보는 것도 방법입니다. | J9: 순풍 | K9: 통하는 말 | M9: 미검수
A10: TR_JUPITER_MERCURY_TENSE | B10: 목성 | C10: 수성 | D10: 긴장 | E10: 목성-수성 긴장 | F10: 확장의 별이 생각·말의 별과 긴장하는 각도 — 말과 약속이 앞서가기 쉬워요 | G10: 생각이 많아지거나, 지키기 빠듯한 약속을 한 적이 있었을 거예요. | H10: 말하기 전에 한 번 더 정리하고, 약속은 줄여 잡기 좋은 때입니다. | I10: 확장의 별이 생각과 말을 맡은 별과 긴장하는 각도를 이룹니다. 아이디어는 풍성하지만 세부를 건너뛰거나, 할 수 있는 것보다 크게 말하기 쉬워요. 계약서나 일정은 조건을 한 번 더 읽어 보는 습관이 도움이 됩니다. | J10: 중립 | K10: 세부 챙기기 | L10: 목성 긴장은 과함·과신 주의로 '중립' 처리 | M10: 미검수
A11: TR_JUPITER_VENUS_CONJ | B11: 목성 | C11: 금성 | D11: 합 | E11: 목성-금성 합 | F11: 확장의 별이 좋아하는 것·관계의 별과 겹치는 자리 — 즐거움과 다정함이 커져요 | G11: 좋아하는 것을 즐길 일이 많고, 사람들과의 관계가 한결 따뜻했을 거예요. | H11: 좋아하는 것을 마음껏 즐기고 고마운 사람을 챙기기 좋은 때예요. | I11: 확장의 별이 좋아하는 것과 관계를 맡은 별에 겹치는 시기예요. 아름다운 것, 즐거운 자리, 다정한 사람에게 마음이 열리기 쉽습니다. 즐거움을 아끼지 않되, 기분 좋을 때 커지는 씀씀이는 한 번쯤 돌아봐도 좋아요. | J11: 순풍 | K11: 즐거움 | M11: 미검수
A12: TR_JUPITER_VENUS_HARM | B12: 목성 | C12: 금성 | D12: 조화 | E12: 목성-금성 조화 | F12: 확장의 별이 좋아하는 것·관계의 별을 자연스럽게 돕는 각도 — 관계에 온기가 돌아요 | G12: 사람들과 어울리는 자리가 편안하고, 소소한 행운이 따랐을 수 있습니다. | H12: 관계에 온기를 더하고, 나를 위한 작은 선물을 해 보기 좋은 때입니다. | I12: 확장의 별이 좋아하는 것과 관계를 맡은 별을 자연스럽게 돕는 각도에 있습니다. 호감이 잘 전해지고, 함께하는 자리가 부드럽게 흘러가기 쉬워요. 고마웠던 사람에게 먼저 안부를 건네기 좋은 흐름이에요. | J12: 순풍 | K12: 관계의 온기 | M12: 미검수
A13: TR_JUPITER_VENUS_TENSE | B13: 목성 | C13: 금성 | D13: 긴장 | E13: 목성-금성 긴장 | F13: 확장의 별이 즐거움·돈의 감각과 부딪치는 각도 — 기분에 들떠 지나치기 쉬워요 | G13: 즐거운 만큼 지출이나 약속이 늘어, 나중에 조금 버거웠을 수 있어요. | H13: 즐거움은 지키되 지출과 약속의 선을 정해 두기 좋은 때예요. | I13: 확장의 별이 즐거움과 돈의 감각을 맡은 별과 긴장하는 각도를 이룹니다. 좋은 기분이 커지면서 사고 싶은 것, 하고 싶은 것이 한꺼번에 늘기 쉬워요. 즐거움을 줄이기보다 미리 정한 선 안에서 누리면 뒤탈 없이 즐거움만 남습니다. | J13: 중립 | K13: 즐거움의 선 | L13: 목성 긴장은 과함·과신 주의로 '중립' 처리 | M13: 미검수
A14: TR_JUPITER_MARS_CONJ | B14: 목성 | C14: 화성 | D14: 합 | E14: 목성-화성 합 | F14: 확장의 별이 의욕의 별과 겹치는 자리 — 움직일 힘과 용기가 커져요 | G14: 의욕이 솟아 새 일을 벌이거나 오래 미룬 일을 밀어붙였을 거예요. | H14: 미뤄 둔 도전을 실제로 시작해 보기 좋은 때입니다. | I14: 확장의 별이 의욕과 행동의 별에 겹치는 시기입니다. 마음이 앞으로 나가려 해서, 생각만 하던 일을 실행에 옮기기 쉬워요. 이 힘을 한두 가지 목표에 모으면 결과로 남기 좋습니다. | J14: 순풍 | K14: 실행력 | M14: 미검수
A15: TR_JUPITER_MARS_HARM | B15: 목성 | C15: 화성 | D15: 조화 | E15: 목성-화성 조화 | F15: 확장의 별이 의욕의 별을 자연스럽게 돕는 각도 — 노력이 결과로 이어지기 쉬워요 | G15: 애쓴 만큼 성과가 보이고, 꾸준히 밀고 나갈 힘이 있었을 거예요. | H15: 꾸준히 해 온 일에 속도를 조금 더 붙여 보기 좋은 때예요. | I15: 확장의 별이 의욕의 별을 자연스럽게 돕는 각도에 있어요. 움직인 만큼 반응이 오니, 하던 일에 탄력이 붙기 쉽습니다. 산책이나 운동처럼 몸을 쓰는 루틴을 새로 들이기에도 좋은 흐름이에요. | J15: 순풍 | K15: 탄력 | M15: 미검수
A16: TR_JUPITER_MARS_TENSE | B16: 목성 | C16: 화성 | D16: 긴장 | E16: 목성-화성 긴장 | F16: 확장의 별이 의욕의 별과 긴장하는 각도 — 의욕이 앞서 무리하기 쉬워요 | G16: 의욕이 넘쳐 무리하거나, 성급하게 부딪친 순간이 있었을 수 있어요. | H16: 힘을 쓸 곳과 아낄 곳을 나눠 보기 좋은 때입니다. | I16: 확장의 별이 의욕의 별과 긴장하는 각도를 이룹니다. 힘이 넘치는 만큼 한꺼번에 많은 일을 붙잡거나, 답답한 상황에 크게 맞서기 쉬워요. 하루의 끝에 쉬는 시간을 먼저 정해 두면 그 힘을 오래 쓸 수 있습니다. | J16: 중립 | K16: 힘 조절 | L16: 목성 긴장은 과함·과신 주의로 '중립' 처리 | M16: 미검수
A17: TR_JUPITER_ASC_CONJ | B17: 목성 | C17: 상승궁 | D17: 합 | E17: 목성-상승궁 합 | F17: 확장의 별이 나를 드러내는 자리에 겹치는 때 — 나를 보여 줄 무대가 넓어져요 | G17: 사람들 앞에 설 일이 늘고, 나를 보는 시선이 달라졌을 거예요. | H17: 새로운 모습으로 나를 소개해 보기 좋은 때입니다. | I17: 확장의 별이 나를 드러내는 자리에 겹치는 시기입니다. 표정과 태도에 여유가 생겨, 처음 만나는 사람에게도 좋은 인상을 남기기 쉬워요. 새 모임이나 새 역할에서 나의 다른 면을 보여 줄 수 있는 때예요. | J17: 순풍 | K17: 새 무대 | M17: 미검수
A18: TR_JUPITER_ASC_HARM | B18: 목성 | C18: 상승궁 | D18: 조화 | E18: 목성-상승궁 조화 | F18: 확장의 별이 첫인상의 자리를 자연스럽게 돕는 각도 — 새 사람과 새 배움이 기분을 가볍게 해요 | G18: 새로 만난 사람이나 짧은 배움이 기분을 한결 가볍게 해 주었을 수 있어요. | H18: 처음 가 보는 곳, 처음 만나는 사람에게 문을 열기 좋은 때예요. | I18: 확장의 별이 첫인상의 자리를 자연스럽게 돕는 각도에 있습니다. 나를 꾸미지 않아도 호감이 전해져, 새로운 만남이 부드럽게 열리기 쉬워요. 퇴근 후 짧은 강의나 처음 인사한 동료와의 대화가 생각보다 오래 힘이 될 수 있습니다. | J18: 순풍 | K18: 열린 문 | M18: 미검수
A19: TR_JUPITER_ASC_TENSE | B19: 목성 | C19: 상승궁 | D19: 긴장 | E19: 목성-상승궁 긴장 | F19: 확장의 별이 첫인상의 자리와 긴장하는 각도 — 넓히려는 마음이 앞서기 쉬워요 | G19: 나를 더 보여 주고 싶어 여러 일을 맡았다가, 조금 벅찼을 수 있어요. | H19: 넓히기보다 지금 가진 것을 지키는 쪽에 무게를 두기 좋은 때입니다. | I19: 확장의 별이 나를 드러내는 자리와 긴장하는 각도를 이룹니다. 더 많이 보여 주고 싶은 마음에 일정과 역할을 늘리기 쉬워요. 새로 벌이는 것은 하나만 고르고 나머지는 지금 가진 것을 지키는 데 두면 균형이 잡힙니다. | J19: 중립 | K19: 균형 | L19: 목성 긴장은 과함·과신 주의로 '중립' 처리 | M19: 미검수
A20: TR_JUPITER_MC_CONJ | B20: 목성 | C20: 천정 | D20: 합 | E20: 목성-천정 합 | F20: 확장의 별이 커리어의 꼭대기에 겹치는 자리 — 일에서 기회와 인정이 열려요 | G20: 일에서 새 기회가 들어오거나, 해 온 일이 눈에 띄는 때였을 거예요. | H20: 일의 목표를 한 단계 높게 그려 보기 좋은 때예요. | I20: 확장의 별이 일과 커리어의 꼭대기 자리에 겹치는 시기예요. 해 온 일이 눈에 띄고, 새로운 역할이나 제안이 들어오기 쉽습니다. 기회가 오면 지금 가는 방향과 이어지는지부터 살펴보고 잡는 편이 좋아요. | J20: 순풍 | K20: 커리어 확장 | M20: 미검수
A21: TR_JUPITER_MC_HARM | B21: 목성 | C21: 천정 | D21: 조화 | E21: 목성-천정 조화 | F21: 확장의 별이 커리어 방향을 자연스럽게 돕는 각도 — 일의 흐름이 순하게 풀려요 | G21: 일이 순하게 풀리고, 도와주는 사람이 곁에 있었을 수 있습니다. | H21: 일에서 도움을 청하고 협업을 넓혀 보기 좋은 때입니다. | I21: 확장의 별이 커리어 방향을 자연스럽게 돕는 각도에 있어요. 무리하지 않아도 일이 조금씩 앞으로 나가고, 동료나 윗사람의 지지를 얻기 쉽습니다. 원하는 방향을 주변에 한 번 말해 두면 연결이 생기기 좋은 때예요. | J21: 순풍 | K21: 일의 순풍 | M21: 미검수
A22: TR_JUPITER_MC_TENSE | B22: 목성 | C22: 천정 | D22: 긴장 | E22: 목성-천정 긴장 | F22: 확장의 별이 커리어 방향과 긴장하는 각도 — 일과 생활의 균형이 기울기 쉬워요 | G22: 일 욕심이 커지거나, 일과 집 사이에서 마음이 바빴을 거예요. | H22: 일의 목표를 현실적인 크기로 다듬기 좋은 때예요. | I22: 확장의 별이 커리어 방향과 긴장하는 각도를 이룹니다. 더 큰 자리나 성과를 바라는 마음이 커지는 만큼, 일과 생활의 균형이 한쪽으로 기울기 쉬워요. 욕심나는 기회가 와도 지금의 일상이 감당할 수 있는지 함께 따져 보면 좋습니다. | J22: 중립 | K22: 현실적 목표 | L22: 목성 긴장은 과함·과신 주의로 '중립' 처리 | M22: 미검수
A23: TR_SATURN_SUN_CONJ | B23: 토성 | C23: 태양 | D23: 합 | E23: 토성-태양 합 | F23: 책임의 별이 나의 중심을 누르는 자리 — 맡은 역할의 무게를 실감하게 해요 | G23: 책임이 한꺼번에 몰려 지치고, ‘나는 잘하고 있나’를 자주 물었을 거예요. | H23: 해야 할 일과 내려놓을 일을 가려내기 좋은 때입니다. | I23: 책임의 별이 나의 중심에 겹치는 시기입니다. 맡은 역할이 무겁게 느껴지고 피로가 쌓이기 쉬워, 평소보다 속도가 나지 않을 수 있어요. 그래도 이 시기에 정리한 우선순위는 이후 몇 해를 버티는 단단한 뼈대가 됩니다. | J23: 역풍 | K23: 책임의 무게 | M23: 미검수
A24: TR_SATURN_SUN_HARM | B24: 토성 | C24: 태양 | D24: 조화 | E24: 토성-태양 조화 | F24: 책임의 별이 나의 중심을 받쳐 주는 각도 — 꾸준함이 인정으로 돌아와요 | G24: 꾸준히 해 온 일이 조금씩 인정받고, 내 자리가 단단해졌을 수 있어요. | H24: 오래갈 계획을 세우고 차근차근 쌓아 가기 좋은 때예요. | I24: 책임의 별이 나의 중심을 자연스럽게 받쳐 주는 각도에 있습니다. 화려하진 않아도 들인 노력이 그대로 결과로 남기 쉬워요. 길게 보고 시작하는 공부나 계획이 있다면 이때 뼈대를 세워 두기 좋습니다. | J24: 순풍 | K24: 쌓이는 인정 | M24: 미검수
A25: TR_SATURN_SUN_TENSE | B25: 토성 | C25: 태양 | D25: 긴장 | E25: 토성-태양 긴장 | F25: 책임의 별이 나의 중심과 긴장하는 각도 — 압박 속에서 내 힘을 시험받아요 | G25: 뜻대로 풀리지 않는 일이 이어져, 스스로를 의심한 때가 있었을 거예요. | H25: 속도보다 방향을 점검하며 버티는 힘을 기르기 좋은 때입니다. | I25: 책임의 별이 나의 중심과 긴장하는 각도를 이룹니다. 노력에 비해 결과가 더디거나, 바깥의 기대와 내 마음이 부딪치는 느낌이 들기 쉬워요. 이 압박을 지나며 정말 지킬 것과 놓아도 될 것이 분명해지고, 그만큼 나에 대한 믿음이 단단해집니다. | J25: 역풍 | K25: 버티는 힘 | M25: 미검수
A26: TR_SATURN_MOON_CONJ | B26: 토성 | C26: 달 | D26: 합 | E26: 토성-달 합 | F26: 책임의 별이 감정의 별과 겹치는 자리 — 마음이 무겁고 혼자 감당하려 하기 쉬워요 | G26: 마음이 무거워 혼자 삭이는 날이 많고, 집과 가까운 사람에 대한 책임이 더해졌을 수 있어요. | H26: 힘든 마음을 혼자 견디기보다 기댈 곳을 구체적으로 마련하기 좋은 때예요. | I26: 책임의 별이 감정의 별과 겹치는 시기입니다. 마음이 쉽게 가라앉고, 힘든 티를 내지 않은 채 혼자 견디려 하기 쉬워요. 이 무게를 지나며 내가 무엇에서 안정을 얻는지 분명해지고, 감정을 돌보는 나만의 방법이 생길 수 있어요. | J26: 역풍 | K26: 마음의 무게 | L26: ‘집과 가까운 사람에 대한 책임’ 표현 수위 확인 부탁 | M26: 미검수
A27: TR_SATURN_MOON_HARM | B27: 토성 | C27: 달 | D27: 조화 | E27: 토성-달 조화 | F27: 책임의 별이 감정의 별을 받쳐 주는 각도 — 마음에 단단한 바닥이 생겨요 | G27: 마음이 차분히 가라앉고, 생활이 조금씩 자리를 잡아 갔을 거예요. | H27: 생활 리듬과 집의 질서를 단단히 다지기 좋은 때입니다. | I27: 책임의 별이 감정의 별을 자연스럽게 받쳐 주는 각도에 있어요. 감정이 크게 출렁이지 않고, 생활의 질서 속에서 안정을 느끼기 쉽습니다. 잠드는 시간이나 집 정리처럼 작은 루틴을 정해 두면 오래가는 안정이 돼요. | J27: 순풍 | K27: 안정 | M27: 미검수
A28: TR_SATURN_MOON_TENSE | B28: 토성 | C28: 달 | D28: 긴장 | E28: 토성-달 긴장 | F28: 책임의 별이 감정의 별과 긴장하는 각도 — 의무와 마음 사이에서 무게를 느껴요 | G28: 해야 할 일과 마음이 원하는 것 사이에서 지치고, 외롭게 느낀 때가 있었을 수 있어요. | H28: 내 감정이 보내는 신호를 적어 보고, 쉬는 시간을 먼저 정하기 좋은 때입니다. | I28: 책임의 별이 감정의 별과 긴장하는 각도를 이룹니다. 바깥의 의무와 마음의 필요가 부딪쳐, 쉬어도 쉰 것 같지 않거나 서운함이 쌓이기 쉬워요. 이 시기에 감정을 미루지 않고 다루는 법을 익혀 두면, 그것이 다음 시기의 든든한 바탕이 됩니다. | J28: 역풍 | K28: 감정 돌보기 | M28: 미검수
A29: TR_SATURN_MERCURY_CONJ | B29: 토성 | C29: 수성 | D29: 합 | E29: 토성-수성 합 | F29: 책임의 별이 생각·말의 별과 겹치는 자리 — 말과 판단이 신중하고 무거워져요 | G29: 생각이 많아져 말을 아끼거나, 서류·계약 같은 일에 신경 쓸 게 많았을 거예요. | H29: 생각을 글로 정리하고 하나씩 결론 내기 좋은 때예요. | I29: 책임의 별이 생각과 말의 별에 겹치는 시기입니다. 머리가 무겁고 말이 쉽게 나오지 않을 수 있지만, 그만큼 판단은 신중해져요. 공부나 문서, 계약처럼 꼼꼼함이 필요한 일을 차근차근 마무리하기에는 오히려 잘 맞는 흐름입니다. | J29: 역풍 | K29: 신중한 생각 | M29: 미검수
A30: TR_SATURN_MERCURY_HARM | B30: 토성 | C30: 수성 | D30: 조화 | E30: 토성-수성 조화 | F30: 책임의 별이 생각·말의 별을 받쳐 주는 각도 — 집중하고 정리하는 힘이 좋아져요 | G30: 집중해서 공부하거나 일을 체계적으로 정리해 낸 성과가 있었을 수 있어요. | H30: 자격·공부·문서처럼 오래 남는 일에 집중하기 좋은 때입니다. | I30: 책임의 별이 생각과 말의 별을 자연스럽게 받쳐 주는 각도에 있습니다. 생각이 차분하게 정리되고, 약속과 말에 무게가 실려 신뢰를 얻기 쉬워요. 미뤄 둔 공부나 긴 계획을 구체적인 순서로 적어 보기 좋은 시기예요. | J30: 순풍 | K30: 집중 | M30: 미검수
A31: TR_SATURN_MERCURY_TENSE | B31: 토성 | C31: 수성 | D31: 긴장 | E31: 토성-수성 긴장 | F31: 책임의 별이 생각·말의 별과 긴장하는 각도 — 걱정이 많아지고 말이 막히기 쉬워요 | G31: 말이 엇갈리거나 일이 서류 단계에서 늦어져 답답했을 거예요. | H31: 중요한 말과 결정은 기록으로 남기며 천천히 가기 좋은 때예요. | I31: 책임의 별이 생각과 말을 맡은 별과 긴장하는 각도를 이룹니다. 걱정이 꼬리를 물고, 하고 싶은 말이 제대로 전해지지 않는 느낌이 들기 쉬워요. 대신 이 시기에 생각을 글로 정리하고 확인하는 습관을 들이면, 말에 오래가는 신뢰가 쌓입니다. | J31: 역풍 | K31: 기록하기 | M31: 미검수
A32: TR_SATURN_VENUS_CONJ | B32: 토성 | C32: 금성 | D32: 합 | E32: 토성-금성 합 | F32: 책임의 별이 좋아하는 것·관계의 별과 겹치는 자리 — 관계와 돈을 진지하게 돌아보게 해요 | G32: 관계나 돈을 현실적으로 따져 보게 되고, 즐거움이 조금 줄었을 수 있어요. | H32: 오래 곁에 둘 관계와 소비를 가려 보기 좋은 때입니다. | I32: 책임의 별이 좋아하는 것과 관계를 맡은 별에 겹치는 시기예요. 즐거움보다 책임이 앞서고, 관계와 씀씀이를 진지하게 따져 보기 쉽습니다. 이 시기를 지나며 내가 정말 아끼는 것이 무엇인지 분명해지고, 오래갈 관계에 마음을 더 쏟을 수 있어요. | J32: 역풍 | K32: 가치 점검 | L32: 관계 변화(이별 등) 예측으로 읽히지 않도록 ‘따져 보기·아끼는 것’ 중심으로 씀 | M32: 미검수
A33: TR_SATURN_VENUS_HARM | B33: 토성 | C33: 금성 | D33: 조화 | E33: 토성-금성 조화 | F33: 책임의 별이 좋아하는 것·관계의 별을 받쳐 주는 각도 — 관계와 살림이 차분히 안정돼요 | G33: 믿을 수 있는 관계가 조금씩 깊어지고, 돈 관리도 차분해졌을 거예요. | H33: 오래가는 관계와 생활 습관에 꾸준히 마음을 쓰기 좋은 때예요. | I33: 책임의 별이 좋아하는 것과 관계를 맡은 별을 자연스럽게 받쳐 주는 각도에 있습니다. 화려한 설렘보다 믿음이 쌓이는 관계, 충동보다 계획이 있는 소비가 편안하게 느껴지기 쉬워요. 오래 함께한 사람에게 꾸준한 마음을 표현해 보기 좋은 시기입니다. | J33: 순풍 | K33: 믿음 | M33: 미검수
A34: TR_SATURN_VENUS_TENSE | B34: 토성 | C34: 금성 | D34: 긴장 | E34: 토성-금성 긴장 | F34: 책임의 별이 좋아하는 것·관계의 별과 긴장하는 각도 — 관계에서 거리감이나 아쉬움을 느끼기 쉬워요 | G34: 관계에서 서운함을 느끼거나, 하고 싶은 것을 참아야 하는 때가 있었을 수 있어요. | H34: 관계와 돈에서 내 기준을 다시 세워 보기 좋은 때입니다. | I34: 책임의 별이 좋아하는 것과 관계를 맡은 별과 긴장하는 각도를 이룹니다. 마음을 줘도 돌아오는 것이 적게 느껴지거나, 즐거움을 미뤄야 하는 상황이 생기기 쉬워요. 이 아쉬움 속에서 나에게 필요한 관계와 소비의 기준이 또렷해지고, 그 기준이 나를 지켜 줍니다. | J34: 역풍 | K34: 나의 기준 | M34: 미검수
A35: TR_SATURN_MARS_CONJ | B35: 토성 | C35: 화성 | D35: 합 | E35: 토성-화성 합 | F35: 책임의 별이 행동의 별과 겹치는 자리 — 브레이크를 밟은 채 달리는 느낌이 들어요 | G35: 마음은 급한데 일이 뜻대로 나가지 않아 답답했을 거예요. | H35: 속도를 늦추고 힘을 한 곳에 모으기 좋은 때입니다. | I35: 책임의 별이 의욕과 행동의 별에 겹치는 시기입니다. 움직이고 싶은데 제동이 걸리는 느낌이라 답답함이나 짜증이 쌓이기 쉬워요. 대신 이때 다진 끈기는 서두르지 않고 끝까지 해내는 힘으로 남아요. | J35: 역풍 | K35: 끈기 | M35: 미검수
A36: TR_SATURN_MARS_HARM | B36: 토성 | C36: 화성 | D36: 조화 | E36: 토성-화성 조화 | F36: 책임의 별이 행동의 별을 받쳐 주는 각도 — 힘을 오래, 효율적으로 쓰게 해요 | G36: 체계적으로 움직이며 오래 걸리던 일을 마무리했을 수 있습니다. | H36: 긴 호흡이 필요한 일을 계획대로 밀고 가기 좋은 때예요. | I36: 책임의 별이 의욕의 별을 자연스럽게 받쳐 주는 각도에 있어요. 힘을 낭비하지 않고, 계획한 만큼 꾸준히 움직이기 쉽습니다. 일이든 운동이든 매일 조금씩 하는 방식이 눈에 띄는 결과로 쌓이기 좋은 때예요. | J36: 순풍 | K36: 꾸준한 실행 | M36: 미검수
A37: TR_SATURN_MARS_TENSE | B37: 토성 | C37: 화성 | D37: 긴장 | E37: 토성-화성 긴장 | F37: 책임의 별이 행동의 별과 긴장하는 각도 — 막히는 일 앞에서 화가 쌓이기 쉬워요 | G37: 벽에 부딪히는 일이 잦아 화가 나거나, 힘이 빠졌던 때가 있었을 거예요. | H37: 화가 날 때 바로 맞서기보다 방법을 바꿔 보기 좋은 때예요. | I37: 책임의 별이 의욕의 별과 긴장하는 각도를 이룹니다. 노력해도 막히는 느낌이 들고, 그 답답함이 화나 무기력으로 번지기 쉬워요. 이 시기에 힘을 쓰는 방법을 바꿔 보면, 무리하지 않고도 앞으로 가는 요령이 생깁니다. | J37: 역풍 | K37: 힘의 방향 | M37: 미검수
A38: TR_SATURN_ASC_CONJ | B38: 토성 | C38: 상승궁 | D38: 합 | E38: 토성-상승궁 합 | F38: 책임의 별이 나를 드러내는 자리에 겹치는 때 — 나 자신을 새로 세우는 무게를 느껴요 | G38: 한결 진지하고 어른스러워지면서 스스로에게 엄격해졌을 수 있어요. | H38: 나를 어떤 사람으로 세울지 차분히 정해 보기 좋은 때입니다. | I38: 책임의 별이 나를 드러내는 자리에 겹치는 시기입니다. 몸과 마음의 리듬이 무겁게 느껴지고, 스스로에게 더 엄격한 기준을 들이대기 쉬워요. 이 시기에 생활 리듬과 나를 보여 주는 방식을 정돈해 두면, 오래가는 새로운 나의 기반이 돼요. | J38: 역풍 | K38: 나를 세우기 | M38: 미검수
A39: TR_SATURN_ASC_HARM | B39: 토성 | C39: 상승궁 | D39: 조화 | E39: 토성-상승궁 조화 | F39: 책임의 별이 첫인상의 자리를 받쳐 주는 각도 — 믿음직한 사람으로 비치게 해요 | G39: 주변에서 믿고 맡기는 일이 늘고, 차분한 사람으로 보였을 거예요. | H39: 생활 루틴을 다지고 신뢰를 쌓아 가기 좋은 때예요. | I39: 책임의 별이 첫인상의 자리를 자연스럽게 받쳐 주는 각도에 있습니다. 말과 행동이 안정돼 보여, 사람들이 믿고 기대기 쉬워요. 잠과 식사 같은 생활 리듬을 정해 두기에도 잘 맞는 시기입니다. | J39: 순풍 | K39: 믿음직함 | M39: 미검수
A40: TR_SATURN_ASC_TENSE | B40: 토성 | C40: 상승궁 | D40: 긴장 | E40: 토성-상승궁 긴장 | F40: 책임의 별이 첫인상의 자리와 긴장하는 각도 — 주변의 기대가 나를 누르는 느낌이 들어요 | G40: 주변의 기대와 요구에 맞추느라 내 모습이 작게 느껴졌을 수 있어요. | H40: 남의 기대와 내 기준을 나눠 보기 좋은 때입니다. | I40: 책임의 별이 나를 드러내는 자리와 긴장하는 각도를 이룹니다. 관계나 일에서 오는 요구가 커져, 나답게 움직일 여지가 줄어든 느낌이 들기 쉬워요. 이 압박을 지나며 어디까지 맞추고 어디서 선을 그을지 알게 되고, 그 선이 나를 단단하게 지켜 줍니다. | J40: 역풍 | K40: 나의 선 | M40: 미검수
A41: TR_SATURN_MC_CONJ | B41: 토성 | C41: 천정 | D41: 합 | E41: 토성-천정 합 | F41: 책임의 별이 커리어의 꼭대기에 겹치는 자리 — 일에서 시험과 결실이 함께 와요 | G41: 일에서 책임이 커지거나, 해 온 일을 평가받는 무거운 때였을 거예요. | H41: 커리어의 방향을 현실적으로 다시 설계하기 좋은 때예요. | I41: 책임의 별이 일과 커리어의 꼭대기 자리에 겹치는 시기예요. 더 큰 책임을 맡거나 그동안의 결과를 평가받는 일이 생기기 쉽습니다. 무겁게 느껴질 수 있지만, 성실히 쌓아 온 부분은 이때 분명한 자리로 굳어질 수 있어요. | J41: 역풍 | K41: 커리어 점검 | L41: 시험과 결실이 함께 오는 합이라 ‘역풍’이 과하면 ‘중립’ 검토 | M41: 미검수
A42: TR_SATURN_MC_HARM | B42: 토성 | C42: 천정 | D42: 조화 | E42: 토성-천정 조화 | F42: 책임의 별이 커리어 방향을 받쳐 주는 각도 — 성실함이 평판으로 쌓여요 | G42: 꾸준히 해 온 일이 평판으로 쌓이고, 일의 기반이 단단해졌을 수 있어요. | H42: 오래갈 커리어 목표에 차근차근 시간을 들이기 좋은 때입니다. | I42: 책임의 별이 커리어 방향을 자연스럽게 받쳐 주는 각도에 있어요. 성실하게 해 온 일이 믿을 만한 평판으로 쌓이고, 조직이나 윗사람의 신뢰를 얻기 쉽습니다. 자격이나 경력처럼 시간이 필요한 목표를 구체적으로 세워 보기 좋아요. | J42: 순풍 | K42: 평판 | M42: 미검수
A43: TR_SATURN_MC_TENSE | B43: 토성 | C43: 천정 | D43: 긴장 | E43: 토성-천정 긴장 | F43: 책임의 별이 커리어 방향과 긴장하는 각도 — 일의 압박과 지연을 실감해요 | G43: 일이 생각보다 늦어지거나, 일과 생활 사이에서 압박이 컸을 거예요. | H43: 당장의 성과보다 기반을 점검하며 버티기 좋은 때입니다. | I43: 책임의 별이 커리어 방향과 긴장하는 각도를 이룹니다. 성과가 늦게 나오거나 조직의 요구가 커져, 일과 생활 모두 빠듯하게 느껴지기 쉬워요. 이 시기에 일하는 방식과 우선순위를 다듬어 두면, 다음 기회가 왔을 때 흔들리지 않는 바탕이 됩니다. | J43: 역풍 | K43: 일의 바탕 | M43: 미검수
A44: TR_SATURN_RETURN | B44: 토성 | C44: 토성 | D44: 리턴 | E44: 토성 리턴 | F44: 책임의 별이 태어날 때의 자리로 돌아와요 — 삶의 구조를 다시 점검하게 해요 | G44: 무엇을 책임지고 살지 묻는 질문 앞에서, 삶의 뼈대를 다시 세운 때였을 거예요. | H44: 계속 지고 갈 책임과 내려놓을 짐을 가려 보기 좋은 때입니다. | I44: 책임의 별이 태어날 때의 자리로 돌아오는 시기입니다. 일과 관계, 생활의 지금 구조가 나에게 맞는지 묻게 되고, 맞지 않는 부분이 무겁게 드러나기 쉬워요. 삶을 점검하고 어른으로서의 책임을 다시 세우는 때라, 이때 고른 방향은 오래가는 뼈대가 돼요. | J44: 역풍 | K44: 삶의 뼈대 | L44: 토성 리턴은 일생에 두세 번 오므로 나이 표현을 넣지 않음(첫 리턴이면 AI 연결 문장에서 ‘서른 무렵’ 맥락 추가 가능). 무게와 성숙이 함께 오는 시기라 tone ‘역풍’ vs ‘중립’ 검토 부탁 | M44: 미검수
A45: TR_URANUS_SUN_CONJ | B45: 천왕성 | C45: 태양 | D45: 합 | E45: 천왕성-태양 합 | F45: 변화의 별이 나의 중심과 겹치는 때 — 익숙한 나를 벗어나고 싶어져요 | G45: 내가 원하는 삶이 갑자기 선명해지거나, 지금의 모습이 답답하게 느껴졌을 거예요. | H45: 오래 미뤄 둔 ‘나다운 선택’을 작게 시험해 보기 좋은 때입니다. | I45: 변화의 별이 나의 중심 자리에 겹치면 지금까지와 다른 모습을 꺼내 보고 싶어집니다. 갑자기 낯선 분야에 끌리거나 뜻밖의 제안이 들어올 수도 있어요. 한 번에 모든 걸 바꾸기보다 작은 실험부터 해 보면 흔들림이 새로운 나로 이어지기 쉽습니다. | J45: 움직임 | K45: 나다운 전환 | M45: 미검수
A46: TR_URANUS_SUN_HARM | B46: 천왕성 | C46: 태양 | D46: 조화 | E46: 천왕성-태양 조화 | F46: 변화의 별이 나의 중심을 자연스럽게 돕는 각도 — 새 시도가 부드럽게 열려요 | G46: 새로운 일이나 사람을 통해 나를 조금 더 자유롭게 표현할 기회가 있었을 거예요. | H46: 익숙한 틀 밖에서 들어오는 기회를 가볍게 잡아 보기 좋은 흐름이에요. | I46: 변화의 별이 돕는 각도로 나의 중심을 비추면, 큰 소란 없이도 삶에 새바람이 들어옵니다. 새로운 모임이나 다른 방식의 일, 처음 해 보는 취미가 뜻밖에 잘 맞을 수 있어요. 망설이던 일이 있다면 부담이 적은 크기로 먼저 시작해 보세요. | J46: 움직임 | K46: 새바람 | M46: 미검수
A47: TR_URANUS_SUN_TENSE | B47: 천왕성 | C47: 태양 | D47: 긴장 | E47: 천왕성-태양 긴장 | F47: 변화의 별이 나의 중심에 긴장을 거는 각도 — 지금의 역할이 맞는지 묻게 해요 | G47: 지금의 자리나 역할이 갑자기 좁게 느껴져, 벗어나고 싶은 마음이 올라왔을 수 있어요. | H47: 충동과 진짜 바람을 구분하며, 바꿀 것과 지킬 것을 고르는 때입니다. | I47: 변화의 별이 나의 중심과 긴장하는 각도를 이루면, 계획이 틀어지거나 지금의 역할이 갑자기 답답하게 느껴지기 쉽습니다. 그 답답함은 내가 원하는 방향이 달라졌다는 신호일 수 있어요. 당장 뒤집기보다 무엇이 나를 조이는지 적어 보면, 바꿀 것과 지킬 것이 구분되기 시작합니다. | J47: 움직임 | K47: 자리 재점검 | M47: 미검수
A48: TR_URANUS_MOON_CONJ | B48: 천왕성 | C48: 달 | D48: 합 | E48: 천왕성-달 합 | F48: 변화의 별이 감정의 자리와 겹치는 때 — 마음이 기대던 기준이 바뀌어요 | G48: 집이나 생활 환경처럼 마음이 기대던 곳에 예상 밖의 변화가 있었을 거예요. | H48: 새로운 생활 리듬 속에서 나만의 안정 기준을 다시 세우는 때예요. | I48: 변화의 별이 감정의 별과 겹치면 마음이 쉽게 들뜨거나 갑자기 가라앉는 등 기복이 커질 수 있습니다. 이사나 생활 방식의 변화처럼 마음의 기반이 움직이는 일도 이 흐름과 함께 오곤 해요. 낯선 변화 속에서도 매일 지키는 작은 루틴 하나가 마음의 닻이 되어 줍니다. | J48: 움직임 | K48: 안정 재설정 | M48: 미검수
A49: TR_URANUS_MOON_HARM | B49: 천왕성 | C49: 달 | D49: 조화 | E49: 천왕성-달 조화 | F49: 변화의 별이 감정을 부드럽게 깨우는 각도 — 마음에 숨 쉴 틈이 생겨요 | G49: 답답하던 감정에 숨통이 트이거나, 새로운 공간에서 마음이 가벼워진 순간이 있었을 거예요. | H49: 생활 공간이나 습관을 조금 바꿔 마음에 새 공기를 넣기 좋은 시기예요. | I49: 변화의 별이 돕는 각도로 감정의 자리에 닿으면, 오래 묵은 감정이 자연스럽게 풀리기 쉽습니다. 방 배치를 바꾸거나 낯선 동네를 걸어 보는 작은 변화가 의외로 큰 환기가 돼요. 마음이 편해지는 새 방법을 발견하기 좋은 때입니다. | J49: 움직임 | K49: 마음 환기 | M49: 미검수
A50: TR_URANUS_MOON_TENSE | B50: 천왕성 | C50: 달 | D50: 긴장 | E50: 천왕성-달 긴장 | F50: 변화의 별이 마음의 자리에 긴장을 거는 각도 — 익숙한 안정이 잠시 흔들려요 | G50: 집이나 가까운 관계처럼 마음이 쉬던 자리가 한동안 흔들렸을 수 있어요. | H50: 흔들리는 동안에도 돌아올 곳을 하나씩 만들어 두는 때입니다. | I50: 변화의 별이 감정의 별과 긴장하는 각도를 이루면 생활 환경이나 가까운 사람과의 거리에 뜻밖의 변화가 생기기 쉽습니다. 이유 없이 마음이 들썩이는 날도 늘 수 있어요. 그 흔들림은 지금의 안정 방식이 나에게 맞는지 다시 보게 하니, 쉬는 시간과 장소를 일부러 정해 두는 편이 좋습니다. | J50: 움직임 | K50: 흔들리는 기반 | M50: 미검수
A51: TR_URANUS_MERCURY_CONJ | B51: 천왕성 | C51: 수성 | D51: 합 | E51: 천왕성-수성 합 | F51: 변화의 별이 생각의 별과 겹치는 때 — 번뜩이는 아이디어가 쏟아져요 | G51: 생각지 못한 아이디어나 소식이 연달아 들어와 머릿속이 바빴을 거예요. | H51: 새로운 배움이나 기술을 받아들이며 생각의 틀을 넓히는 때예요. | I51: 변화의 별이 생각·말의 별에 겹치면 머리가 빨라지고 낯선 생각이 잘 떠오릅니다. 새로운 공부나 다른 분야의 정보, 뜻밖의 연락이 생각의 방향을 바꿔 놓기도 해요. 떠오른 생각은 바로 말하기보다 메모로 모아 두면 쓸 만한 것이 더 잘 보입니다. | J51: 움직임 | K51: 번뜩임 | M51: 미검수
A52: TR_URANUS_MERCURY_HARM | B52: 천왕성 | C52: 수성 | D52: 조화 | E52: 천왕성-수성 조화 | F52: 변화의 별이 생각을 돕는 각도 — 막힌 문제에 새로운 해법이 보여요 | G52: 막혀 있던 고민에 생각지 못한 답이 떠오르거나, 반가운 소식을 들었을 거예요. | H52: 새로운 도구나 배움으로 일하는 방식을 가볍게 바꿔 보기 좋은 흐름이에요. | I52: 변화의 별이 돕는 각도로 생각의 별에 닿으면, 같은 문제도 다른 방향에서 보는 힘이 생깁니다. 새로운 사람과의 대화나 짧은 강의가 실마리를 줄 수 있어요. 평소 안 쓰던 도구나 방식을 한 번 시도해 볼 만한 때입니다. | J52: 움직임 | K52: 새 해법 | M52: 미검수
A53: TR_URANUS_MERCURY_TENSE | B53: 천왕성 | C53: 수성 | D53: 긴장 | E53: 천왕성-수성 긴장 | F53: 변화의 별이 말과 생각에 긴장을 거는 각도 — 생각이 앞서 달리기 쉬워요 | G53: 계획이 갑자기 바뀌거나 말이 엇갈려 정신없이 지나간 날들이 있었을 수 있어요. | H53: 급한 결론보다 한 번 더 확인하며 생각을 정리하는 때입니다. | I53: 변화의 별이 생각의 별과 긴장하는 각도를 이루면 머릿속이 어수선해지고, 갑작스러운 일정 변경이나 연락 착오가 생기기 쉽습니다. 머리가 바쁜 만큼 말이 먼저 나가기도 해요. 중요한 말과 결정은 한 번 적어 보고 다시 읽는 습관이 이 시기의 속도를 다루는 방법입니다. | J53: 움직임 | K53: 생각 과속 | M53: 미검수
A54: TR_URANUS_VENUS_CONJ | B54: 천왕성 | C54: 금성 | D54: 합 | E54: 천왕성-금성 합 | F54: 변화의 별이 좋아하는 것의 별과 겹치는 때 — 끌리는 것이 달라져요 | G54: 좋아하는 것과 관계, 돈을 보는 기준이 생각보다 빠르게 바뀌었을 거예요. | H54: 새로운 취향과 관계 방식을 열린 마음으로 탐색해 보는 때예요. | I54: 변화의 별이 좋아하는 것의 별과 겹치면 예전에 좋던 것이 시들해지고 전혀 다른 것에 끌리기 쉽습니다. 관계에서도 더 자유롭고 솔직한 방식을 바랄 수 있어요. 갑자기 큰돈을 쓰거나 관계를 서둘러 바꾸기보다, 새로 끌리는 것이 나에게 무엇을 말하는지 먼저 살펴보세요. | J54: 움직임 | K54: 취향 전환 | L54: 관계 변화를 언급하되 정리·이별 권유로 읽히지 않게 ‘서둘러 바꾸기보다’로 완화함 — 확인 요망 | M54: 미검수
A55: TR_URANUS_VENUS_HARM | B55: 천왕성 | C55: 금성 | D55: 조화 | E55: 천왕성-금성 조화 | F55: 변화의 별이 관계와 즐거움을 돕는 각도 — 신선한 즐거움이 들어와요 | G55: 새로운 사람이나 취미에서 생각지 못한 즐거움을 발견했을 거예요. | H55: 익숙한 관계에 새로운 활동을 더해 활력을 찾기 좋은 시기예요. | I55: 변화의 별이 돕는 각도로 좋아하는 것의 별에 닿으면, 일상에 신선한 즐거움이 자연스럽게 들어옵니다. 처음 가 보는 장소나 새로운 모임, 다른 스타일이 기분을 환하게 바꿔 줄 수 있어요. 가까운 사람과도 늘 하던 것 대신 새로운 것을 함께 해 보기 좋은 때입니다. | J55: 움직임 | K55: 신선한 즐거움 | M55: 미검수
A56: TR_URANUS_VENUS_TENSE | B56: 천왕성 | C56: 금성 | D56: 긴장 | E56: 천왕성-금성 긴장 | F56: 변화의 별이 관계와 가치에 긴장을 거는 각도 — 원하는 거리가 바뀌어요 | G56: 관계나 씀씀이에서 ‘이게 정말 내가 원하는 걸까’ 하는 물음이 불쑥 올라왔을 수 있어요. | H56: 관계와 돈에서 내가 진짜 원하는 거리와 균형을 찾아보는 때입니다. | I56: 변화의 별이 좋아하는 것의 별과 긴장하는 각도를 이루면 관계에서 더 많은 자유를 원하거나, 마음이 갑자기 식는 듯한 느낌이 들기 쉽습니다. 충동적인 지출이 늘 수도 있어요. 이 흔들림은 관계를 끝내라는 신호라기보다 원하는 거리와 균형이 달라졌다는 신호에 가까우니, 큰 결정 전에 하루 이틀 묵혀 보세요. | J56: 움직임 | K56: 가치 재조정 | M56: 미검수
A57: TR_URANUS_MARS_CONJ | B57: 천왕성 | C57: 화성 | D57: 합 | E57: 천왕성-화성 합 | F57: 변화의 별이 행동의 별과 겹치는 때 — 당장 움직이고 싶은 힘이 솟아요 | G57: 갑자기 무언가를 시작하거나 그만두고 싶은 강한 충동이 들었을 거예요. | H57: 솟아오르는 추진력을 새로운 도전 한 가지에 모아 쓰는 때예요. | I57: 변화의 별이 행동의 별과 겹치면 가만히 있기 어려울 만큼 에너지가 솟고, 결단도 빨라집니다. 새 프로젝트를 시작하거나 오래 참던 일에서 벗어날 용기가 생기기도 해요. 힘이 큰 만큼 여러 곳에 흩어지기 쉬우니, 한 가지 목표에 모아 쓰면 좋습니다. | J57: 움직임 | K57: 돌파 에너지 | M57: 미검수
A58: TR_URANUS_MARS_HARM | B58: 천왕성 | C58: 화성 | D58: 조화 | E58: 천왕성-화성 조화 | F58: 변화의 별이 의욕을 돕는 각도 — 과감한 시도가 잘 풀려요 | G58: 평소라면 망설였을 일에 과감히 뛰어들었고, 생각보다 잘 풀렸을 거예요. | H58: 새로운 방식으로 움직여 보는 용기가 결과로 이어지기 쉬운 흐름이에요. | I58: 변화의 별이 돕는 각도로 행동의 별에 닿으면, 새로운 시도를 할 용기와 실행력이 함께 붙습니다. 운동 루틴을 바꾸거나 일하는 순서를 새로 짜는 것처럼 작은 혁신이 잘 맞아요. 망설이던 도전이 있다면 첫걸음을 떼기 좋은 때입니다. | J58: 움직임 | K58: 과감한 시도 | M58: 미검수
A59: TR_URANUS_MARS_TENSE | B59: 천왕성 | C59: 화성 | D59: 긴장 | E59: 천왕성-화성 긴장 | F59: 변화의 별이 행동에 긴장을 거는 각도 — 조급함과 부딪힘이 늘어요 | G59: 참을성이 바닥나 들이받고 싶거나, 계획을 뒤엎고 싶었던 순간이 있었을 수 있어요. | H59: 급하게 움직이고 싶을 때 한 박자 쉬고 방향을 확인하는 때입니다. | I59: 변화의 별이 행동의 별과 긴장하는 각도를 이루면 답답함이 쌓이다 한순간에 터지기 쉽고, 서두르다 일이 꼬이기도 합니다. 그만큼 오래 묵은 상황을 바꿀 힘이 생겼다는 뜻이기도 해요. 행동하기 전에 몸을 먼저 움직여 들뜬 기운을 가라앉히고, 그다음에 결정해 보세요. | J59: 움직임 | K59: 조급함 | M59: 미검수
A60: TR_URANUS_ASC_CONJ | B60: 천왕성 | C60: 상승궁 | D60: 합 | E60: 천왕성-상승궁 합 | F60: 변화의 별이 나를 드러내는 자리와 겹치는 때 — 보이는 내 모습이 바뀌어요 | G60: 스타일이나 말투, 사람을 대하는 방식이 이전과 달라지기 시작했을 거예요. | H60: 새로운 나의 모습을 부담 없이 실험해 보는 시기예요. | I60: 변화의 별이 나를 드러내는 자리에 겹치면 사람들에게 보여 주는 나의 모습이 서서히, 때로는 눈에 띄게 바뀝니다. 새로운 환경이나 역할에 들어가며 첫인상이 달라졌다는 말을 듣기도 해요. 예전 모습을 지키려 애쓰기보다 지금 편한 모습을 따라가 보는 편이 좋습니다. | J60: 움직임 | K60: 새 얼굴 | M60: 미검수
A61: TR_URANUS_ASC_HARM | B61: 천왕성 | C61: 상승궁 | D61: 조화 | E61: 천왕성-상승궁 조화 | F61: 변화의 별이 나를 드러내는 방식을 돕는 각도 — 새 모습이 자연스러워요 | G61: 새로운 자리에서 평소와 다른 모습을 보여 줬는데 반응이 좋았을 거예요. | H61: 새로운 환경에서 나를 소개할 기회를 반갑게 맞기 좋은 때예요. | I61: 변화의 별이 돕는 각도로 나를 드러내는 자리에 닿으면, 낯선 자리에서도 나답게 서는 것이 한결 쉬워집니다. 새 동료나 모임에서 의외의 매력을 알아봐 주는 사람이 생길 수 있어요. 작은 변신을 시도해도 무리 없이 받아들여지기 좋은 때입니다. | J61: 움직임 | K61: 가벼운 변신 | M61: 미검수
A62: TR_URANUS_ASC_TENSE | B62: 천왕성 | C62: 상승궁 | D62: 긴장 | E62: 천왕성-상승궁 긴장 | F62: 변화의 별이 나를 드러내는 자리에 긴장을 거는 각도 — 지금의 내가 어색해져요 | G62: 익숙한 내 모습이 어색하게 느껴지거나, 주변의 시선이 갑자기 신경 쓰였을 수 있어요. | H62: 남이 기대하는 나와 내가 원하는 나 사이의 거리를 좁혀 보는 때입니다. | I62: 변화의 별이 나를 드러내는 자리와 긴장하는 각도를 이루면 지금까지의 내 모습이 꽉 끼는 옷처럼 느껴지기 쉽습니다. 주변의 기대와 내가 원하는 모습이 부딪히며 생활 리듬도 들쑥날쑥해질 수 있어요. 한꺼번에 다 바꾸기보다 하나씩 바꿔 보면, 어색함이 새 모습으로 자리 잡을 여유가 생깁니다. | J62: 움직임 | K62: 어색한 옷 | M62: 미검수
A63: TR_URANUS_MC_CONJ | B63: 천왕성 | C63: 천정 | D63: 합 | E63: 천왕성-천정 합 | F63: 변화의 별이 커리어 자리와 겹치는 때 — 일의 방향에 새 길이 열려요 | G63: 일에서 예상 못 한 제안이나 역할 변화가 들어왔을 거예요. | H63: 새로운 분야나 일하는 방식을 진지하게 검토해 볼 만한 때예요. | I63: 변화의 별이 커리어의 자리에 겹치면 일과 사회적 방향에 뜻밖의 전환점이 찾아오기 쉽습니다. 갑작스러운 조직 변화일 수도, 다른 분야에서 들어온 제안일 수도 있어요. 그것이 지금 하는 일과 어떻게 이어지는지부터 따져 보면 변화를 내 길로 만들기가 수월해집니다. | J63: 움직임 | K63: 커리어 전환점 | M63: 미검수
A64: TR_URANUS_MC_HARM | B64: 천왕성 | C64: 천정 | D64: 조화 | E64: 천왕성-천정 조화 | F64: 변화의 별이 커리어를 돕는 각도 — 새로운 역할이 순조롭게 열려요 | G64: 일에서 새 프로젝트나 다른 역할을 맡을 기회가 자연스럽게 왔을 거예요. | H64: 새로운 역할이나 일하는 방식을 먼저 제안해 보기 좋은 흐름이에요. | I64: 변화의 별이 돕는 각도로 커리어의 자리에 닿으면, 일에서의 새로운 시도가 큰 마찰 없이 받아들여지기 쉽습니다. 새 기술을 익히거나 다른 팀과 협업할 기회가 길을 넓혀 줄 수 있어요. 해 보고 싶던 일이 있다면 먼저 손을 들어 볼 만한 때입니다. | J64: 움직임 | K64: 새 역할 | M64: 미검수
A65: TR_URANUS_MC_TENSE | B65: 천왕성 | C65: 천정 | D65: 긴장 | E65: 천왕성-천정 긴장 | F65: 변화의 별이 커리어 방향에 긴장을 거는 각도 — 지금의 길을 다시 묻게 해요 | G65: 일의 방향이 흔들리거나, 지금 하는 일을 계속해도 될지 고민이 커졌을 수 있어요. | H65: 당장 바꾸기보다 원하는 일의 모습을 구체적으로 그려 보는 때입니다. | I65: 변화의 별이 커리어의 자리와 긴장하는 각도를 이루면 조직 개편이나 갑작스러운 업무 변화로 일의 방향이 흔들리기 쉽습니다. ‘당장 바꿔야겠다’는 충동도 강해질 수 있어요. 다만 이 흐름은 예상 못 한 제안이나 새 역할로 나타나기도 하니, 결정은 한 박자 늦추고 들어오는 기회를 차분히 따져 보세요. | J65: 움직임 | K65: 길 다시 묻기 | M65: 미검수
A66: TR_NEPTUNE_SUN_CONJ | B66: 해왕성 | C66: 태양 | D66: 합 | E66: 해왕성-태양 합 | F66: 꿈의 별이 나의 중심과 겹치는 때 — 나다움의 윤곽이 잠시 흐려져요 | G66: 내가 무엇을 원하는지 잘 모르겠다는 느낌이 들거나, 마음이 먼 곳을 향했을 거예요. | H66: 정답을 서두르지 않고, 끌리는 것을 천천히 따라가 보는 때예요. | I66: 흐릿함의 별이 나의 중심에 겹치면 목표가 안개 속에 있는 것처럼 흐려지고, 자신감도 들쭉날쭉하기 쉽습니다. 대신 예술이나 돌봄, 의미 있는 일처럼 마음 깊이 끌리는 것이 선명해지기도 해요. 지금은 큰 결론을 내리기보다 끌리는 것을 기록하며 나를 다시 알아 가는 시기입니다. | J66: 움직임 | K66: 안개 속 나 | M66: 미검수
... A70: TR_NEPTUNE_MOON_HARM | B70: 해왕성 | C70: 달 | D70: 조화 | E70: 해왕성-달 조화 | F70: 영감의 별이 감정을 돕는 각도 — 굳은 마음이 부드럽게 풀려요 | G70: 편안한 공간이나 사람 곁에서 오래 묵은 마음이 스르르 풀렸을 거예요. | H70: 음악·자연·쉼처럼 마음을 적셔 주는 시간을 넉넉히 두기 좋은 때예요. | I70: 영감의 별이 돕는 각도로 감정의 자리에 닿으면, 굳어 있던 마음이 조용히 녹기 쉽습니다. 바다를 보거나 좋아하는 음악을 듣는 평범한 순간이 큰 위로로 다가와요. 꿈과 상상에 마음을 기대도 괜찮은 시기입니다. | J70: 움직임 | K70: 부드러운 위로 | M70: 미검수
A71: TR_NEPTUNE_MOON_TENSE | B71: 해왕성 | C71: 달 | D71: 긴장 | E71: 해왕성-달 긴장 | F71: 흐릿함의 별이 마음의 자리와 긴장하는 각도 — 감정의 이유가 잘 안 보여요 | G71: 까닭 없이 마음이 가라앉거나, 기대던 사람과의 사이가 애매하게 느껴졌을 수 있어요. | H71: 흐릿한 감정에 이름을 붙이며 마음의 바닥을 다지는 때입니다. | I71: 흐릿함의 별이 감정의 별과 긴장하는 각도를 이루면 마음이 왜 이런지 설명하기 어려운 날이 늘기 쉽습니다. 집이나 가까운 관계에서 기대와 현실이 어긋나 서운함이 생길 수도 있어요. 하루의 기분을 한 단어로 적어 보는 것만으로도 흐릿한 감정이 조금씩 윤곽을 찾습니다. | J71: 움직임 | K71: 감정 안개 | L71: ‘마음이 가라앉거나’가 우울 암시로 읽히지 않는지 확인 요망 | M71: 미검수
A72: TR_NEPTUNE_MERCURY_CONJ | B72: 해왕성 | C72: 수성 | D72: 합 | E72: 해왕성-수성 합 | F72: 꿈의 별이 생각의 별과 겹치는 때 — 논리보다 상상이 앞서요 | G72: 상상력은 풍부했지만 집중이 잘 안 되거나 깜빡하는 일이 늘었을 거예요. | H72: 상상력은 글·그림 같은 표현으로 옮기고, 중요한 일은 기록으로 붙잡는 때예요. | I72: 꿈의 별이 생각의 별과 겹치면 말과 글에 감성이 묻어나고 이야기를 만드는 힘이 커집니다. 반면 세부 사항을 놓치거나 말이 모호하게 전달되기도 해요. 창작에는 마음껏 쓰고, 약속이나 계약처럼 정확해야 하는 일은 꼭 기록으로 남겨 두세요. | J72: 움직임 | K72: 상상하는 머리 | M72: 미검수
A73: TR_NEPTUNE_MERCURY_HARM | B73: 해왕성 | C73: 수성 | D73: 조화 | E73: 해왕성-수성 조화 | F73: 영감의 별이 생각을 돕는 각도 — 말에 따뜻한 설득력이 생겨요 | G73: 마음을 담은 말이나 글이 누군가에게 잘 닿았던 순간이 있었을 거예요. | H73: 글쓰기와 기록, 깊은 대화로 생각을 펼치기 좋은 흐름이에요. | I73: 영감의 별이 돕는 각도로 생각의 별에 닿으면, 직관과 논리가 자연스럽게 손을 잡습니다. 말에 공감이 실려 어려운 이야기도 부드럽게 전해지기 쉬워요. 일기나 짧은 글로 생각을 풀어 보면 뜻밖의 영감을 얻을 수 있는 때입니다. | J73: 움직임 | K73: 공감의 말 | M73: 미검수
A74: TR_NEPTUNE_MERCURY_TENSE | B74: 해왕성 | C74: 수성 | D74: 긴장 | E74: 해왕성-수성 긴장 | F74: 흐릿함의 별이 말과 생각에 긴장을 거는 각도 — 오해가 생기기 쉬워요 | G74: 말이 엇갈리거나 정보가 흐릿해서 판단이 어려웠던 때가 있었을 수 있어요. | H74: 중요한 정보는 두 번 확인하고, 애매한 말은 바로 묻는 때입니다. | I74: 흐릿함의 별이 생각의 별과 긴장하는 각도를 이루면 정보가 불분명하게 들어오거나 내 말이 다르게 전달되기 쉽습니다. 판단이 자꾸 미뤄지고 머릿속이 뿌연 날도 있을 수 있어요. 애매한 부분은 그 자리에서 묻고, 큰 판단은 머리가 맑은 시간대에 내리는 편이 안전합니다. | J74: 움직임 | K74: 흐릿한 신호 | M74: 미검수
A75: TR_NEPTUNE_VENUS_CONJ | B75: 해왕성 | C75: 금성 | D75: 합 | E75: 해왕성-금성 합 | F75: 꿈의 별이 좋아하는 것의 별과 겹치는 때 — 아름다움과 이상에 끌려요 | G75: 어떤 사람이나 대상에 이상을 품고 깊이 빠져들었던 시간이 있었을 거예요. | H75: 이상과 현실을 함께 보며, 아끼는 것에 마음을 쏟는 때예요. | I75: 꿈의 별이 좋아하는 것의 별과 겹치면 예술이나 아름다운 것, 낭만적인 관계에 마음이 깊이 끌리기 쉽습니다. 상대나 대상을 실제보다 아름답게 보기도 해요. 좋아하는 마음은 그대로 즐기되, 돈과 약속은 현실의 눈으로 한 번 더 확인해 보세요. | J75: 움직임 | K75: 낭만의 렌즈 | M75: 미검수
A76: TR_NEPTUNE_VENUS_HARM | B76: 해왕성 | C76: 금성 | D76: 조화 | E76: 해왕성-금성 조화 | F76: 영감의 별이 관계와 즐거움을 돕는 각도 — 다정함이 자연스럽게 흘러요 | G76: 작은 친절이나 아름다운 것에서 큰 기쁨을 느꼈을 거예요. | H76: 예술·취미·다정한 관계에서 기쁨을 넓혀 가기 좋은 때예요. | I76: 영감의 별이 돕는 각도로 좋아하는 것의 별에 닿으면, 관계에 이해와 너그러움이 자연스럽게 깃듭니다. 미술관이나 음악, 손으로 만드는 취미가 마음을 채워 주기 좋아요. 가까운 사람에게 말 대신 작은 선물이나 글로 마음을 전해 보는 것도 잘 어울리는 시기입니다. | J76: 움직임 | K76: 다정한 흐름 | M76: 미검수
A77: TR_NEPTUNE_VENUS_TENSE | B77: 해왕성 | C77: 금성 | D77: 긴장 | E77: 해왕성-금성 긴장 | F77: 흐릿함의 별이 관계와 가치에 긴장을 거는 각도 — 기대와 현실이 어긋나요 | G77: 기대했던 관계나 선택이 생각과 달라 실망하거나 혼란스러웠을 수 있어요. | H77: 관계와 씀씀이에서 바라는 것을 분명한 말로 정리해 보는 때입니다. | I77: 흐릿함의 별이 좋아하는 것의 별과 긴장하는 각도를 이루면 상대에게 바라는 것과 실제 모습 사이에 틈이 보이기 쉽습니다. 기분에 따라 돈이 새어 나가거나, 거절하지 못해 손해를 보는 일도 생길 수 있어요. 막연한 기대 대신 원하는 것을 한 문장으로 적어 보면 관계와 돈의 기준이 모두 선명해집니다. | J77: 움직임 | K77: 어긋난 기대 | M77: 미검수
A78: TR_NEPTUNE_MARS_CONJ | B78: 해왕성 | C78: 화성 | D78: 합 | E78: 해왕성-화성 합 | F78: 흐릿함의 별이 행동의 별과 겹치는 때 — 의욕의 방향이 흐려져요 | G78: 열심히 하고 싶은데 힘이 잘 안 나거나, 무엇을 위해 뛰는지 헷갈렸을 거예요. | H78: 목표를 다시 의미와 연결하며, 쉬어 가는 리듬을 함께 짜는 때예요. | I78: 흐릿함의 별이 행동의 별과 겹치면 추진력이 안개에 싸인 듯 흐려지고, 쉽게 지치는 느낌이 들 수 있습니다. 대신 경쟁보다 의미 있는 일, 누군가를 돕는 일에는 오히려 힘이 나기도 해요. 일정 사이에 쉼을 먼저 넣고, 가장 중요한 일 하나에 힘을 모아 보세요. | J78: 움직임 | K78: 흐려진 의욕 | L78: 피로 표현은 리듬·쉼 수준으로만 썼음 — 몸 이야기 경계 확인 요망 | M78: 미검수
A79: TR_NEPTUNE_MARS_HARM | B79: 해왕성 | C79: 화성 | D79: 조화 | E79: 해왕성-화성 조화 | F79: 영감의 별이 행동을 돕는 각도 — 마음이 가는 일에 힘이 실려요 | G79: 의미를 느끼는 일에는 지치지 않고 몰입했던 시간이 있었을 거예요. | H79: 창작이나 봉사처럼 마음이 움직이는 일에 에너지를 쓰기 좋은 흐름이에요. | I79: 영감의 별이 돕는 각도로 행동의 별에 닿으면, 직관을 따라 움직일 때 일이 매끄럽게 풀리기 쉽습니다. 춤이나 수영, 산책처럼 흐르는 듯한 움직임도 잘 맞아요. 의무감보다 끌림을 따라 시작한 일이 오래가는 때입니다. | J79: 움직임 | K79: 흐르는 몰입 | M79: 미검수
A80: TR_NEPTUNE_MARS_TENSE | B80: 해왕성 | C80: 화성 | D80: 긴장 | E80: 해왕성-화성 긴장 | F80: 흐릿함의 별이 행동에 긴장을 거는 각도 — 힘이 자꾸 빠지는 느낌이 들어요 | G80: 애써도 결과가 잘 안 보여 맥이 빠지거나, 계획이 자꾸 미뤄졌을 수 있어요. | H80: 에너지를 쓰는 곳을 줄이고, 꼭 할 일부터 다시 세우는 때입니다. | I80: 흐릿함의 별이 행동의 별과 긴장하는 각도를 이루면 노력이 어디로 흩어지는지 모르게 기운이 빠지기 쉽습니다. 불분명한 상황에서 무리하게 밀어붙이면 피로만 쌓일 수 있어요. 할 일 목록을 짧게 줄이고 하나를 끝낼 때마다 표시하는 방식이 다시 힘을 모아 줍니다. | J80: 움직임 | K80: 흩어지는 기운 | M80: 미검수
A81: TR_NEPTUNE_ASC_CONJ | B81: 해왕성 | C81: 상승궁 | D81: 합 | E81: 해왕성-상승궁 합 | F81: 꿈의 별이 나를 드러내는 자리와 겹치는 때 — 분위기가 부드럽게 바뀌어요 | G81: 주변에서 분위기가 달라졌다는 말을 듣거나, 나를 어떻게 보여야 할지 헷갈렸을 거예요. | H81: 꾸미지 않은 부드러운 모습을 나의 새 매력으로 받아들이는 때예요. | I81: 꿈의 별이 나를 드러내는 자리에 겹치면 사람들에게 신비롭고 부드러운 인상을 주기 쉽습니다. 반면 남이 보는 나에 따라 내 모습이 쉽게 바뀌어 중심이 흐려지기도 해요. 생활 리듬이 흐트러지지 않도록 잠과 식사 시간을 일정하게 지켜 두면 중심을 잡기 좋습니다. | J81: 움직임 | K81: 부드러운 인상 | M81: 미검수
A82: TR_NEPTUNE_ASC_HARM | B82: 해왕성 | C82: 상승궁 | D82: 조화 | E82: 해왕성-상승궁 조화 | F82: 영감의 별이 나를 드러내는 방식을 돕는 각도 — 따뜻한 인상이 전해져요 | G82: 처음 만난 사람에게도 편안하고 다정한 사람으로 다가갔을 거예요. | H82: 공감 능력을 살려 사람들 사이에서 편안한 자리를 만드는 때예요. | I82: 영감의 별이 돕는 각도로 나를 드러내는 자리에 닿으면, 말하지 않아도 분위기를 읽는 감각이 살아납니다. 사람들이 편하게 속마음을 털어놓는 일이 늘 수 있어요. 그 따뜻함을 나 자신에게도 똑같이 건네기 좋은 시기입니다. | J82: 움직임 | K82: 편안한 존재감 | M82: 미검수
A83: TR_NEPTUNE_ASC_TENSE | B83: 해왕성 | C83: 상승궁 | D83: 긴장 | E83: 해왕성-상승궁 긴장 | F83: 흐릿함의 별이 나를 드러내는 자리와 긴장하는 각도 — 내 윤곽이 흔들려요 | G83: 남의 기대에 맞추다 진짜 내 모습을 잃은 것 같은 순간이 있었을 수 있어요. | H83: 거절할 것과 받아들일 것을 정하며 나의 선을 다시 긋는 때입니다. | I83: 흐릿함의 별이 나를 드러내는 자리와 긴장하는 각도를 이루면 주변의 요구에 휩쓸려 나의 경계가 흐려지기 쉽습니다. 오해를 받거나 내 의도가 다르게 비치기도 해요. 작은 부탁부터 ‘생각해 보고 알려 줄게’라고 답하는 연습이 나의 윤곽을 다시 세워 줍니다. | J83: 움직임 | K83: 흐려진 윤곽 | M83: 미검수
A84: TR_NEPTUNE_MC_CONJ | B84: 해왕성 | C84: 천정 | D84: 합 | E84: 해왕성-천정 합 | F84: 꿈의 별이 커리어 자리와 겹치는 때 — 일에서 의미를 찾고 싶어져요 | G84: 일에서 돈이나 성과보다 의미를 찾고 싶다는 마음이 커졌을 거예요. | H84: 이상에 가까운 일을 현실적인 작은 걸음으로 옮겨 보는 때예요. | I84: 꿈의 별이 커리어의 자리에 겹치면 지금의 일이 나의 이상과 맞는지 묻는 마음이 커집니다. 예술이나 돌봄처럼 의미를 주는 분야로 관심이 옮겨 가기도 해요. 다만 목표가 막연해지기 쉬우니, 꿈꾸는 일을 위해 이번 달에 할 수 있는 일 하나를 적어 두세요. | J84: 움직임 | K84: 일의 의미 | M84: 미검수
A85: TR_NEPTUNE_MC_HARM | B85: 해왕성 | C85: 천정 | D85: 조화 | E85: 해왕성-천정 조화 | F85: 영감의 별이 커리어를 돕는 각도 — 감각과 공감이 일의 강점이 돼요 | G85: 일에서 직관이나 배려가 빛을 발해 좋은 평을 들었을 거예요. | H85: 창의적인 기획이나 사람을 돕는 역할에 도전해 보기 좋은 흐름이에요. | I85: 영감의 별이 돕는 각도로 커리어의 자리에 닿으면, 감성과 상상력이 일의 무기가 되기 쉽습니다. 기획이나 디자인, 사람의 마음을 읽는 일에서 실력이 드러나요. 머릿속 아이디어를 작은 결과물로 만들어 보여 주기 좋은 때입니다. | J85: 움직임 | K85: 감각의 무기 | M85: 미검수
A86: TR_NEPTUNE_MC_TENSE | B86: 해왕성 | C86: 천정 | D86: 긴장 | E86: 해왕성-천정 긴장 | F86: 흐릿함의 별이 커리어 방향과 긴장하는 각도 — 목표가 안개에 싸여요 | G86: 일의 목표나 평가 기준이 불분명해서 무엇을 향해 가는지 헷갈렸을 수 있어요. | H86: 불분명한 일일수록 역할과 기대를 글로 확인해 두는 때입니다. | I86: 흐릿함의 별이 커리어의 자리와 긴장하는 각도를 이루면 맡은 역할이 애매해지고, 성과가 잘 드러나지 않는 느낌이 들기 쉽습니다. 막연한 약속이나 좋은 말만 있는 제안에 마음이 흔들릴 수도 있어요. 조건과 역할을 글로 확인하는 습관이 이 시기의 안개를 걷어 내는 가장 현실적인 방법입니다. | J86: 움직임 | K86: 안개 낀 목표 | M86: 미검수
A87: TR_PLUTO_SUN_CONJ | B87: 명왕성 | C87: 태양 | D87: 합 | E87: 명왕성-태양 합 | F87: 재탄생의 별이 나의 중심과 겹치는 때 — 나를 뿌리부터 다시 빚어요 | G87: 나라는 사람의 바탕이 흔들릴 만큼 깊은 변화를 지나고 있었을 거예요. | H87: 낡은 나를 내려놓고 더 단단한 나로 다시 서는 긴 과정의 시기예요. | I87: 깊은 변형의 별이 나의 중심에 겹치면 겉모습보다 훨씬 깊은 곳에서 나를 바꾸는 흐름이 시작됩니다. 더는 맞지 않는 역할이나 습관이 자연스럽게 떨어져 나가고, 그 자리에 숨어 있던 힘이 드러나요. 느리고 강한 흐름이라 서두르기보다 무엇을 놓아줄지 천천히 고르는 편이 좋습니다. | J87: 움직임 | K87: 근본 재탄생 | M87: 미검수
A88: TR_PLUTO_SUN_HARM | B88: 명왕성 | C88: 태양 | D88: 조화 | E88: 명왕성-태양 조화 | F88: 재탄생의 별이 나의 중심을 돕는 각도 — 내 안의 힘이 단단해져요 | G88: 어려운 일을 해내며 스스로도 몰랐던 힘을 확인했을 거예요. | H88: 깊이 집중해 나만의 영향력을 키워 가기 좋은 흐름이에요. | I88: 깊은 변형의 별이 돕는 각도로 나의 중심에 닿으면, 오래 품어 온 목표를 끝까지 밀고 갈 힘이 생깁니다. 겉으로 요란하지 않아도 안에서부터 자신감이 차오르기 쉬워요. 한 분야를 깊게 파고들거나 오래된 습관을 바꾸기에 좋은 때입니다. | J88: 움직임 | K88: 내면의 힘 | M88: 미검수
A89: TR_PLUTO_SUN_TENSE | B89: 명왕성 | C89: 태양 | D89: 긴장 | E89: 명왕성-태양 긴장 | F89: 재탄생의 별이 나의 중심과 긴장하는 각도 — 버텨 온 방식을 내려놓게 해요 | G89: 통제할 수 없는 상황 앞에서 내가 지켜 온 방식을 내려놓아야 했을 수 있어요. | H89: 힘겨루기보다 놓아줄 것을 고르며 새로운 힘을 찾는 때입니다. | I89: 깊은 변형의 별이 나의 중심과 긴장하는 각도를 이루면 권한이나 영향력을 둘러싼 힘겨루기, 혹은 피하기 어려운 변화와 마주하기 쉽습니다. 버티려 할수록 더 무겁게 느껴질 수 있어요. 이 압박은 더는 맞지 않는 것을 정리하게 하고, 그 과정을 지나면 이전보다 단단한 내가 남기도 합니다. | J89: 움직임 | K89: 놓아주기 | M89: 미검수
A90: TR_PLUTO_MOON_CONJ | B90: 명왕성 | C90: 달 | D90: 합 | E90: 명왕성-달 합 | F90: 재탄생의 별이 감정의 자리와 겹치는 때 — 마음 깊은 곳이 움직여요 | G90: 오래 묻어 둔 감정이 올라와, 마음이 유난히 깊고 무거웠을 거예요. | H90: 묵은 감정을 꺼내 정리하며 마음의 바닥을 새로 다지는 때예요. | I90: 깊은 변형의 별이 감정의 별에 겹치면 잊었다고 생각한 감정이 수면 위로 올라오기 쉽습니다. 집이나 가까운 관계에서의 감정도 평소보다 강하게 느껴질 수 있어요. 그 감정을 글로 적거나 믿을 만한 사람과 나누다 보면, 오래 무겁던 마음이 조금씩 가벼워집니다. | J90: 움직임 | K90: 깊은 감정 | M90: 미검수
... A97: TR_PLUTO_VENUS_HARM | B97: 명왕성 | C97: 금성 | D97: 조화 | E97: 명왕성-금성 조화 | F97: 재탄생의 별이 관계와 가치를 돕는 각도 — 깊은 유대가 자라요 | G97: 몇몇 사람과의 관계가 한층 깊고 믿음직해졌을 거예요. | H97: 넓이보다 깊이를 택해 소중한 관계와 취향을 가꾸기 좋은 때예요. | I97: 깊은 변형의 별이 돕는 각도로 좋아하는 것의 별에 닿으면, 관계에 진심과 깊이가 더해지기 쉽습니다. 자기 가치를 믿게 되면서 돈과 시간을 쓰는 기준도 단단해져요. 오래 함께할 사람과 취미에 시간을 더 들이기 좋은 시기입니다. | J97: 움직임 | K97: 깊은 유대 | M97: 미검수
A98: TR_PLUTO_VENUS_TENSE | B98: 명왕성 | C98: 금성 | D98: 긴장 | E98: 명왕성-금성 긴장 | F98: 재탄생의 별이 관계와 가치에 긴장을 거는 각도 — 붙잡음과 놓음 사이에 서요 | G98: 관계나 돈 문제에서 놓기 어려운 마음과 정리하고 싶은 마음이 부딪혔을 수 있어요. | H98: 붙잡을 것과 흘려보낼 것을 정직하게 바라보는 때입니다. | I98: 깊은 변형의 별이 좋아하는 것의 별과 긴장하는 각도를 이루면 관계에서 질투나 통제의 감정이 올라오거나, 돈을 둘러싼 긴장이 생기기 쉽습니다. 무언가를 강하게 붙잡을수록 오히려 숨이 막힐 수 있어요. 이 시기는 무엇이 진짜 나를 채우는지 가려내게 하니, 감정이 클 때는 결정보다 기록을 먼저 해 보세요. | J98: 움직임 | K98: 붙잡음과 놓음 | L98: ‘정리하고 싶은 마음’이 이별 암시로 읽히지 않는지 확인 요망 | M98: 미검수
A99: TR_PLUTO_MARS_CONJ | B99: 명왕성 | C99: 화성 | D99: 합 | E99: 명왕성-화성 합 | F99: 재탄생의 별이 행동의 별과 겹치는 때 — 강한 의지가 깨어나요 | G99: 무언가를 끝까지 해내고 싶은 강한 의지로 밀어붙였을 거예요. | H99: 강해진 의지를 오래 갈 목표 하나에 깊이 쏟는 때예요. | I99: 깊은 변형의 별이 행동의 별에 겹치면 한번 마음먹은 일을 끝까지 밀고 가는 집념이 커집니다. 그 힘은 큰일을 이루게 하지만, 쉬지 않고 몰아붙이면 지치기도 쉬워요. 강도 높게 움직인 만큼 회복 시간도 일정에 같이 넣어 두는 편이 좋습니다. | J99: 움직임 | K99: 집념 | M99: 미검수
A100: TR_PLUTO_MARS_HARM | B100: 명왕성 | C100: 화성 | D100: 조화 | E100: 명왕성-화성 조화 | F100: 재탄생의 별이 행동을 돕는 각도 — 끈기와 회복력이 붙어요 | G100: 포기하고 싶던 일을 끝까지 버텨 결과를 냈을 거예요. | H100: 오래 걸리는 도전이나 습관 바꾸기를 시작하기 좋은 흐름이에요. | I100: 깊은 변형의 별이 돕는 각도로 행동의 별에 닿으면, 오래 버티는 힘과 다시 일어서는 힘이 함께 붙습니다. 운동 루틴을 다시 세우거나 큰 목표를 긴 계획으로 나눠 보기 좋아요. 꾸준히 쌓은 노력이 눈에 띄는 변화로 이어지기 쉬운 때입니다. | J100: 움직임 | K100: 끈기 | M100: 미검수
A101: TR_PLUTO_MARS_TENSE | B101: 명왕성 | C101: 화성 | D101: 긴장 | E101: 명왕성-화성 긴장 | F101: 재탄생의 별이 행동에 긴장을 거는 각도 — 힘과 힘이 부딪쳐요 | G101: 누군가와 주도권을 두고 부딪히거나, 화를 삼키느라 힘들었을 수 있어요. | H101: 부딪히는 에너지를 바꾸고 싶은 일 하나에 돌려 쓰는 때입니다. | I101: 깊은 변형의 별이 행동의 별과 긴장하는 각도를 이루면 주도권을 둘러싼 갈등이 생기고, 억눌린 화가 커지기 쉽습니다. 밀어붙일수록 반발도 커지는 시기예요. 그 강한 에너지를 운동이나 오래 미룬 정리처럼 바꾸고 싶은 일에 쓰면, 갈등이 변화의 동력이 될 수 있습니다. | J101: 움직임 | K101: 주도권 갈등 | M101: 미검수
A102: TR_PLUTO_ASC_CONJ | B102: 명왕성 | C102: 상승궁 | D102: 합 | E102: 명왕성-상승궁 합 | F102: 재탄생의 별이 나를 드러내는 자리와 겹치는 때 — 존재감이 깊어져요 | G102: 겉모습이나 사람을 대하는 태도가 이전과 확연히 달라졌을 거예요. | H102: 보여 주고 싶은 나를 깊이 고민하며 새 모습으로 거듭나는 때예요. | I102: 깊은 변형의 별이 나를 드러내는 자리에 겹치면 사람들에게 강하고 깊은 인상을 주며, 존재감이 묵직해집니다. 나를 보여 주는 방식이 껍질을 벗듯 바뀌는 긴 과정이 시작되기도 해요. 서두르지 않고 새 모습이 자라도록 두면, 이전보다 단단한 내가 드러나기 쉽습니다. | J102: 움직임 | K102: 탈피 | M102: 미검수
A103: TR_PLUTO_ASC_HARM | B103: 명왕성 | C103: 상승궁 | D103: 조화 | E103: 명왕성-상승궁 조화 | F103: 재탄생의 별이 나를 드러내는 방식을 돕는 각도 — 깊은 신뢰감을 줘요 | G103: 말수가 적어도 믿음직한 사람으로 보여 중요한 일을 맡았을 거예요. | H103: 내 영향력을 차분히 키우며 신뢰를 쌓아 가기 좋은 때예요. | I103: 깊은 변형의 별이 돕는 각도로 나를 드러내는 자리에 닿으면, 꾸미지 않아도 믿음이 가는 분위기가 생깁니다. 어려운 상황에서 침착함이 돋보여 사람들이 기대 오기도 해요. 그 신뢰를 바탕으로 맡고 싶은 역할을 분명히 말해 보기 좋은 시기입니다. | J103: 움직임 | K103: 묵직한 신뢰 | M103: 미검수
A104: TR_PLUTO_ASC_TENSE | B104: 명왕성 | C104: 상승궁 | D104: 긴장 | E104: 명왕성-상승궁 긴장 | F104: 재탄생의 별이 나를 드러내는 자리와 긴장하는 각도 — 맞지 않는 가면을 벗게 해요 | G104: 익숙한 모습으로는 더 버티기 어렵다고 느낀 순간이 있었을 수 있어요. | H104: 남을 위한 모습 대신 진짜 나로 서는 연습을 하는 때입니다. | I104: 깊은 변형의 별이 나를 드러내는 자리와 긴장하는 각도를 이루면 주변의 압박이나 관계의 갈등 속에서 지금까지의 모습을 유지하기 어려워지기 쉽습니다. 무리해서 버틴 만큼 생활 리듬도 흐트러질 수 있어요. 이 압박은 맞지 않는 가면을 벗게 하니, 쉬는 시간을 먼저 지키며 진짜 나의 모습을 조금씩 꺼내 보세요. | J104: 움직임 | K104: 가면 벗기 | M104: 미검수
A105: TR_PLUTO_MC_CONJ | B105: 명왕성 | C105: 천정 | D105: 합 | E105: 명왕성-천정 합 | F105: 재탄생의 별이 커리어 자리와 겹치는 때 — 일의 판이 크게 바뀌어요 | G105: 일에서 한 단계가 끝나고 전혀 다른 단계가 시작되는 전환을 지났을 거예요. | H105: 사회에서 맡고 싶은 역할을 근본부터 다시 그려 보는 때예요. | I105: 깊은 변형의 별이 커리어의 자리에 겹치면 일이 한 시기를 마무리하고 새로운 판으로 넘어가기 쉽습니다. 더 큰 책임이나 영향력 있는 자리가 주어질 수도, 지금의 일을 근본부터 다시 보게 될 수도 있어요. 끝나는 것을 아쉬워하기보다 무엇을 새로 세울지에 힘을 모으는 편이 좋습니다. | J105: 움직임 | K105: 커리어 재편 | M105: 미검수
A106: TR_PLUTO_MC_HARM | B106: 명왕성 | C106: 천정 | D106: 조화 | E106: 명왕성-천정 조화 | F106: 재탄생의 별이 커리어를 돕는 각도 — 영향력이 단단히 자라요 | G106: 일에서 실력을 인정받아 더 큰 권한이나 책임을 맡았을 거예요. | H106: 전문성을 깊게 다지며 영향력을 키우기 좋은 흐름이에요. | I106: 깊은 변형의 별이 돕는 각도로 커리어의 자리에 닿으면, 꾸준히 쌓아 온 실력이 영향력으로 바뀌기 쉽습니다. 구조를 바꾸거나 어려운 문제를 푸는 역할에서 진가가 드러나요. 긴 호흡의 커리어 목표를 세우고 한 걸음씩 다지기 좋은 때입니다. | J106: 움직임 | K106: 영향력 | M106: 미검수
A107: TR_PLUTO_MC_TENSE | B107: 명왕성 | C107: 천정 | D107: 긴장 | E107: 명왕성-천정 긴장 | F107: 재탄생의 별이 커리어 방향과 긴장하는 각도 — 일의 구조가 흔들려요 | G107: 조직의 변화나 윗사람과의 긴장 속에서 내 자리를 다시 생각했을 수 있어요. | H107: 힘의 흐름을 읽고, 내가 지킬 일의 가치를 분명히 하는 때입니다. | I107: 깊은 변형의 별이 커리어의 자리와 긴장하는 각도를 이루면 조직 개편이나 권한 다툼처럼 내 힘으로 어쩔 수 없는 변화가 일에 밀려오기 쉽습니다. 버티기 힘든 압박으로 느껴질 수 있어요. 다만 이 흐름은 낡은 구조를 정리하고 새 자리로 옮겨 갈 계기도 되니, 내가 지키고 싶은 일의 가치를 먼저 분명히 해 두세요. | J107: 움직임 | K107: 힘의 재배치 | M107: 미검수

Sheet A9 목성·토성 하우스 통과
A1: ID | B1: 행성 | C1: 하우스 | D1: 하우스 이름 | E1: 한 해 키워드 | F1: 다른 표현(테마 겹칠 때) | G1: 표 셀 한 문장 | H1: 본문(2~3문장) | I1: 기회/남는 것 | J1: 주의/무게 다루는 법 | K1: 검수 메모 | L1: 검수상태 | M1: 수정 문장 | N1: 상담사 메모
A2: JUP_H01 | B2: 목성 | C2: 1 | D2: 1하우스 · 나 자신 | E2: 나를 넓히는 해 | F2: 내 모습이 넓어지는 해 · 나를 드러내기 좋은 해 | G2: 나를 드러낼 기회가 늘고 자신감이 자라기 좋은 때예요. | H2: 확장의 별이 나 자신의 자리에 머무는 시기입니다. 새 자리에서 먼저 인사하거나 미뤄 둔 계획을 꺼내 보이기가 한결 쉬워져요. 눈에 띄는 일이 늘어나도 어색해하기보다 나답게 받아들여 보세요. | I2: 나를 소개할 자리가 오면 미루지 말고 한 번 나서 보세요. | J2: 들뜬 기분에 약속과 일을 한꺼번에 늘리기 쉬우니 하나씩 받는 편이 좋습니다. | L2: 미검수
A3: JUP_H02 | B3: 목성 | C3: 2 | D3: 2하우스 · 돈·내 것 | E3: 내 가치를 키우는 해 | F3: 내 것이 자라는 해 · 쓸 줄 아는 힘이 커지는 해 | G3: 내가 잘하는 것의 값어치를 다시 알아보기 좋은 때입니다. | H3: 확장의 별이 돈과 내 것의 자리를 지나며 '나는 무엇을 줄 수 있는가'에 대한 답을 넓혀 줍니다. 내 기술이나 시간에 제값을 매기는 연습이 자연스러워지는 시기예요. 작은 부수입이나 내 재주의 새로운 쓰임새를 발견하는 장면으로 나타나기도 해요. | I3: 내가 가진 기술을 필요로 하는 곳이 보이면 가볍게 제안해 보세요. | J3: 여유가 느껴질수록 지출도 커지기 쉬우니 큰 구매는 한 번 더 따져 보는 편이 좋습니다. | K3: 돈 영역이라 '수입이 는다' 같은 단정은 피하고 자기가치·쓰임새 중심으로 썼음. 표현 수위 확인 부탁. | L3: 미검수
A4: JUP_H03 | B4: 목성 | C4: 3 | D4: 3하우스 · 배움·말 | E4: 배우고 말하는 해 | F4: 배움이 넓어지는 해 · 가까운 대화가 힘이 되는 해 | G4: 짧은 배움과 가까운 대화가 힘이 되는 때예요. | H4: 확장의 별이 배움과 말의 자리에 머물러 호기심이 커지는 시기입니다. 짧은 강의, 글쓰기, 가까운 사람과의 대화가 생각보다 큰 문을 열어 줘요. 동네를 오가거나 가까운 곳에 다니며 새 정보를 얻는 일도 늘어나기 쉬워요. | I4: 관심 가는 짧은 수업이나 모임이 보이면 한 번 들어가 보세요. | J4: 이것저것 동시에 시작하기 쉬우니 끝까지 해 볼 한 가지를 먼저 정해 두세요. | L4: 미검수
A5: JUP_H04 | B5: 목성 | C5: 4 | D5: 4하우스 · 집·마음의 뿌리 | E5: 뿌리를 넓히는 해 | F5: 집과 마음이 넓어지는 해 · 돌아올 자리가 커지는 해 | G5: 집과 가족, 마음 둘 곳이 넓어지기 좋은 때입니다. | H5: 확장의 별이 집과 마음의 뿌리 자리에 들어와 쉴 곳을 넓혀 주는 시기예요. 생활 공간을 손보는 일이나 가족과 보내는 시간이 마음을 든든하게 채워 줍니다. 돌아갈 곳이 단단해지면 바깥일을 대하는 마음도 한결 느긋해져요. | I5: 내가 편히 쉬는 공간을 한 곳 정해 정성껏 가꿔 보세요. | J5: 집 관련 큰 결정은 기분보다 현실 조건을 먼저 확인한 뒤 움직이는 편이 좋습니다. | L5: 미검수
A6: JUP_H05 | B6: 목성 | C6: 5 | D6: 5하우스 · 즐거움·창작 | E6: 즐거움이 돌아오는 해 | F6: 좋아하는 일이 커지는 해 · 마음껏 즐겨 보는 해 | G6: 좋아하는 것을 다시 즐기고 만들기 좋은 때예요. | H6: 확장의 별이 즐거움과 창작의 자리를 비추는 시기입니다. 미뤄 둔 취미나 만들고 싶던 것을 시작하기에 마음이 가벼워져요. 설레는 일이 늘어나는 만큼 나를 웃게 하는 것이 무엇인지 알아보기 좋습니다. | I6: 오래 미뤄 둔 취미 하나를 이번에는 직접 시작해 보세요. | J6: 재미에 빠져 쉬는 시간까지 다 쓰지 않도록 즐거움에도 끝나는 시간을 정해 두세요. | K6: 5하우스는 연애의 자리이기도 하지만 만남 권유 금지 규칙에 따라 '설레는 일' 정도로만 썼음. | L6: 미검수
A7: JUP_H06 | B7: 목성 | C7: 6 | D7: 6하우스 · 일상·루틴 | E7: 일상을 가꾸는 해 | F7: 하루가 단단해지는 해 · 몸과 일의 리듬이 좋아지는 해 | G7: 매일의 일과 루틴이 한결 수월해지기 좋은 때입니다. | H7: 확장의 별이 매일의 일과 몸 관리 자리에 머무는 시기예요. 일하는 방식을 손보거나 새 루틴을 들이기에 힘이 실립니다. 작은 습관 하나가 하루의 리듬을 바꾸는 장면을 만날 수 있어요. | I7: 일을 덜어 줄 도구나 방법이 보이면 미루지 말고 바로 써 보세요. | J7: 할 수 있다는 마음에 업무를 너무 많이 받기 쉬우니 거절할 몫도 남겨 두세요. | L7: 미검수
A8: JUP_H07 | B8: 목성 | C8: 7 | D8: 7하우스 · 일대일 관계 | E8: 함께 넓어지는 해 | F8: 곁의 사람과 넓어지는 해 · 좋은 짝을 만나는 해 | G8: 좋은 동료나 파트너가 힘이 되어 주기 좋은 때예요. | H8: 확장의 별이 가까운 일대일 관계의 자리를 지나는 시기입니다. 함께 일할 사람, 믿고 의논할 사람이 곁에 생기기 쉬워요. 혼자 하던 일을 둘이 나누면서 길이 넓어지는 장면이 찾아오기도 합니다. | I8: 함께하자는 제안이 오면 조건을 살펴보고 가볍게 대화를 시작해 보세요. | J8: 상대에게 맞추느라 내 몫의 약속까지 늘리지 않도록 할 수 있는 만큼만 약속하세요. | K8: 결혼·만남 예측으로 읽히지 않도록 동료·파트너(일·관계 공통)로 썼음. | L8: 미검수
A9: JUP_H08 | B9: 목성 | C9: 8 | D9: 8하우스 · 깊은 유대·공유 자원 | E9: 깊이 나누는 해 | F9: 깊은 믿음이 커지는 해 · 함께 쌓는 것이 늘어나는 해 | G9: 믿는 사람과 깊이 나누고 도움을 주고받기 좋은 때입니다. | H9: 확장의 별이 깊은 유대와 함께 나누는 자원의 자리에 머무는 시기예요. 속 이야기를 나눌 사람이 생기거나, 누군가의 도움이 뜻밖에 힘이 되기 쉽습니다. 혼자 쥐고 있던 것을 내려놓을수록 오히려 채워지는 경험을 할 수 있어요. | I9: 도움을 받을 기회가 오면 사양하기보다 고맙게 받아 보세요. | J9: 함께 쓰는 돈이나 약속은 좋은 분위기일수록 조건을 글로 남겨 두는 편이 좋습니다. | K9: 공유 자원 영역이지만 투자·대출 권유로 읽히지 않게 '도움을 주고받기' 중심으로 썼음. | L9: 미검수
A10: JUP_H09 | B10: 목성 | C10: 9 | D10: 9하우스 · 넓은 배움·여행 | E10: 멀리 보는 해 | F10: 세상이 넓어지는 해 · 배움으로 멀리 가는 해 | G10: 여행과 깊은 배움으로 시야가 넓어지기 좋은 때예요. | H10: 확장의 별이 넓은 배움과 여행의 자리를 비추는 시기입니다. 낯선 곳에 가 보거나 오래 공부할 주제를 정하기에 마음이 열려요. 다른 생각을 가진 사람과의 대화가 내 기준을 넓혀 주기도 합니다. | I10: 오래전부터 가 보고 싶던 곳이나 배우고 싶던 분야가 있다면 일정부터 잡아 보세요. | J10: 큰 그림에 마음이 앞설 때는 지금 할 수 있는 첫걸음 하나로 좁혀 보세요. | L10: 미검수
A11: JUP_H10 | B11: 목성 | C11: 10 | D11: 10하우스 · 커리어·사회적 역할 | E11: 일이 넓어지는 해 | F11: 일의 무대가 커지는 해 · 해 온 일이 드러나는 해 | G11: 일에서 인정받거나 새 역할이 들어오기 좋은 때입니다. | H11: 확장의 별이 커리어와 사회적 역할의 자리에 머무는 시기예요. 해 온 일이 눈에 띄거나, 새로운 제안이 들어올 수 있습니다. 회의에서 의견을 내거나 결과물을 보여 줄 때 반응이 한결 좋아지기 쉬워요. | I11: 맡아 보고 싶은 역할이 있다면 이번에는 먼저 손을 들어 보세요. | J11: 기회가 몰릴 때는 다 받기보다 내 방향과 맞는 것부터 고르는 편이 좋습니다. | L11: 미검수
A12: JUP_H11 | B12: 목성 | C12: 11 | D12: 11하우스 · 사람들·공동체 | E12: 사람이 늘어나는 해 | F12: 좋은 사람이 모이는 해 · 함께할 목표가 생기는 해 | G12: 좋은 사람들과 모임이 미래 목표에 힘이 되어 주기 좋은 때예요. | H12: 확장의 별이 사람들과 공동체의 자리를 지나는 시기입니다. 뜻이 맞는 모임이나 새로운 인연이 다음 목표로 가는 길을 열어 주기 쉬워요. 혼자 품던 계획을 꺼내 놓았을 때 도와주겠다는 사람이 나타나기도 합니다. | I12: 관심 있는 모임이나 커뮤니티가 있다면 한 번 얼굴을 비쳐 보세요. | J12: 모임과 약속이 늘어나는 만큼 혼자 쉬는 날도 달력에 먼저 적어 두세요. | L12: 미검수
A13: JUP_H12 | B13: 목성 | C13: 12 | D13: 12하우스 · 쉼·내면 | E13: 안으로 채우는 해 | F13: 쉼으로 채우는 해 · 마음을 돌보는 해 | G13: 겉보다 안을 채우고 쉬어 가기 좋은 때입니다. | H13: 확장의 별이 쉼과 내면의 자리에 머무는 조용한 시기예요. 바깥 성과는 덜 보여도 마음을 정리하고 다음 흐름을 준비하는 힘이 자랍니다. 혼자 걷는 시간이나 기록하는 시간이 생각보다 큰 위로가 되어 줄 수 있어요. | I13: 하루 중 혼자만의 조용한 시간을 정해 두고 지켜 보세요. | J13: 쉬는 것이 길어져 해야 할 일까지 흐려지지 않도록 작은 마감 하나는 남겨 두세요. | K13: 목성이 12하우스면 성과가 덜 보이는 해라 '조용한 시기'로 솔직하게 쓰되 실망감을 주지 않도록 했음. | L13: 미검수
A14: SAT_H01 | B14: 토성 | C14: 1 | D14: 1하우스 · 나 자신 | E14: 나를 다시 세우는 해 | F14: 나를 단단히 하는 해 · 내 기준을 세우는 해 | G14: 나를 보여주는 방식과 책임을 다시 세우는 때예요. | H14: 책임의 별이 나 자신의 자리에 들어와 '나는 어떤 사람으로 서고 싶은가'를 묻는 시기입니다. 맡는 일이 늘고 몸과 마음이 무겁게 느껴지는 날도 있을 수 있어요. 그만큼 나에게 맞지 않는 모습을 덜어 내고 단단한 모습을 고르기 좋은 때입니다. | I14: 이 시기를 지나면 남의 기대보다 내 기준으로 서는 힘이 남아요. | J14: 모든 일을 혼자 증명하려 하기보다 해야 할 일을 작게 나눠 하나씩 끝내 보세요. | L14: 미검수
A15: SAT_H02 | B15: 토성 | C15: 2 | D15: 2하우스 · 돈·내 것 | E15: 살림의 바탕을 세우는 해 | F15: 내 것의 기준을 세우는 해 · 살림을 단단히 하는 해 | G15: 돈 쓰는 기준과 내 가치를 차분히 점검하는 때입니다. | H15: 책임의 별이 돈과 내 것의 자리를 지나는 시기예요. 지출과 수입을 꼼꼼히 들여다봐야 하는 일이 늘고, 여유가 빠듯하게 느껴질 수 있습니다. 대신 무엇에 돈과 시간을 쓰는지 기준이 분명해지는 때이기도 해요. | I15: 이 시기를 지나면 흔들려도 버틸 수 있는 생활의 기준이 남습니다. | J15: 한 번에 다 바꾸려 하기보다 한 달 지출을 적어 보는 일부터 시작해 보세요. | K15: '돈이 줄어든다'는 단정 없이 '빠듯하게 느껴질 수 있다'로 썼음. | L15: 미검수
A16: SAT_H03 | B16: 토성 | C16: 3 | D16: 3하우스 · 배움·말 | E16: 말과 배움을 다지는 해 | F16: 말을 다듬는 해 · 배움을 꾸준히 쌓는 해 | G16: 배움과 말에 무게가 실리고 꼼꼼함이 필요한 때예요. | H16: 책임의 별이 배움과 말의 자리에 머무는 시기입니다. 자격 공부나 문서 작업처럼 차근차근 쌓아야 하는 일이 늘어나기 쉬워요. 말 한마디가 무겁게 느껴질 때도 있지만, 그만큼 생각을 정리해 전하는 힘이 길러집니다. | I16: 이 시기를 지나면 꾸준히 쌓은 공부와 신뢰받는 말이 남아요. | J16: 완벽하게 준비될 때까지 기다리기보다 매일 조금씩 하는 분량을 정해 두세요. | L16: 미검수
A17: SAT_H04 | B17: 토성 | C17: 4 | D17: 4하우스 · 집·마음의 뿌리 | E17: 뿌리를 다지는 해 | F17: 집과 마음을 단단히 하는 해 · 돌아올 자리를 세우는 해 | G17: 집과 가족 일에 책임이 늘고 생활의 바탕을 다지는 때입니다. | H17: 책임의 별이 집과 마음의 뿌리 자리에 들어오는 시기예요. 이사나 집안일, 가족을 챙기는 일처럼 생활의 바탕을 손볼 일이 생기기 쉽습니다. 무겁게 느껴질 수 있지만 오래 쓸 기반을 새로 다지는 과정이기도 해요. | I17: 이 시기를 지나면 마음 놓고 돌아올 수 있는 생활의 터가 남습니다. | J17: 집과 가족 일을 혼자 다 떠안기보다 나눌 수 있는 몫을 말로 정해 보세요. | K17: 가족 건강·돌봄 이슈로 읽힐 수 있어 '가족을 챙기는 일'까지만 썼음. | L17: 미검수
A18: SAT_H05 | B18: 토성 | C18: 5 | D18: 5하우스 · 즐거움·창작 | E18: 좋아하는 것을 다지는 해 | F18: 좋아하는 일을 깊게 하는 해 · 즐거움에 공을 들이는 해 | G18: 즐거움보다 꾸준함이 필요하고, 좋아하는 것이 깊어지는 때예요. | H18: 책임의 별이 즐거움과 창작의 자리를 지나는 시기입니다. 가볍게 즐기던 일에도 노력이 들고, 재미가 덜하다고 느낄 수 있어요. 대신 정말 좋아하는 것 하나를 골라 꾸준히 다듬으면 실력으로 남기 좋은 때입니다. | I18: 이 시기를 지나면 오래 이어 온 취미나 작업이 나만의 결과물로 남아요. | J18: 즐거움을 숙제로 만들지 않도록 잘하려는 마음보다 이어 가는 데 목표를 두세요. | K18: 5하우스(연애·자녀) 관련 예측은 금지 영역이라 창작·취미 중심으로만 썼음. | L18: 미검수
A19: SAT_H06 | B19: 토성 | C19: 6 | D19: 6하우스 · 일상·루틴 | E19: 루틴을 세우는 해 | F19: 하루의 틀을 잡는 해 · 일과 몸의 리듬을 세우는 해 | G19: 매일의 일과 몸 관리 루틴을 다시 짜는 때입니다. | H19: 책임의 별이 매일의 일과 몸 관리 자리에 머무는 시기예요. 업무가 늘고 피로가 쉽게 쌓여 지금의 방식을 돌아볼 일이 생기기 쉽습니다. 잠, 식사, 쉬는 시간을 하나씩 정돈하면 오래 버틸 리듬이 만들어져요. | I19: 이 시기를 지나면 바쁜 날에도 무너지지 않는 나만의 루틴이 남습니다. | J19: 피곤할수록 더 버티기보다 하루에 쉬는 시간 하나를 먼저 정해 두세요. | K19: 몸 이야기는 피로·리듬·루틴 수준으로만 제한함. | L19: 미검수
A20: SAT_H07 | B20: 토성 | C20: 7 | D20: 7하우스 · 일대일 관계 | E20: 관계를 다지는 해 | F20: 관계의 약속을 세우는 해 · 곁의 사람과 단단해지는 해 | G20: 가까운 관계의 약속과 책임을 다시 살펴보는 때예요. | H20: 책임의 별이 가까운 일대일 관계의 자리를 지나는 시기입니다. 동료나 파트너와의 약속, 서로 기대하는 몫이 또렷하게 보이기 쉬워요. 불편한 이야기를 꺼내야 할 때도 있지만, 그만큼 관계의 기준이 분명해지는 때입니다. | I20: 이 시기를 지나면 서로의 몫이 분명한, 믿을 수 있는 관계가 남아요. | J20: 서운함을 오래 쌓아 두기보다 바라는 것을 한 가지씩 담담하게 말해 보세요. | K20: 이별·결혼 예측으로 읽히지 않도록 '약속과 몫' 중심으로 씀. | L20: 미검수
A21: SAT_H08 | B21: 토성 | C21: 8 | D21: 8하우스 · 깊은 유대·공유 자원 | E21: 나눔의 기준을 세우는 해 | F21: 깊은 관계를 정리하는 해 · 함께 쓰는 것의 기준을 세우는 해 | G21: 함께 쓰는 돈과 깊은 관계의 기준을 정리하는 때입니다. | H21: 책임의 별이 깊은 유대와 함께 나누는 자원의 자리에 머무는 시기예요. 대출·보험·공동 비용처럼 함께 얽힌 문제를 정리할 일이 생기기 쉽습니다. 마음 깊은 이야기도 가볍게 넘기기 어려워지지만, 그만큼 믿음의 기준이 단단해져요. | I21: 이 시기를 지나면 무엇을 누구와 나눌지에 대한 분명한 기준이 남습니다. | J21: 얽힌 일을 한 번에 풀려 하기보다 목록으로 적어 하나씩 정리해 보세요. | K21: '대출·보험' 언급이 금융 조언으로 읽히는지 확인 부탁(정리 대상 예시로만 씀). | L21: 미검수
A22: SAT_H09 | B22: 토성 | C22: 9 | D22: 9하우스 · 넓은 배움·여행 | E22: 믿음을 다지는 해 | F22: 내 생각을 단단히 하는 해 · 배움을 끝까지 해 보는 해 | G22: 공부와 신념에 깊이를 더하고 방향을 다지는 때예요. | H22: 책임의 별이 넓은 배움과 신념의 자리를 지나는 시기입니다. 긴 공부나 자격 과정처럼 시간이 드는 배움에 무게가 실리기 쉬워요. 내가 무엇을 믿고 어디로 가는지 묻는 시간이 길어져도, 그 답은 오래 쓸 지도가 되어 줍니다. | I22: 이 시기를 지나면 남의 말에 덜 흔들리는 나만의 방향이 남아요. | J22: 답을 빨리 내려 하기보다 한 분야를 정해 꾸준히 파고드는 쪽을 택해 보세요. | L22: 미검수
A23: SAT_H10 | B23: 토성 | C23: 10 | D23: 10하우스 · 커리어·사회적 역할 | E23: 자리를 굳히는 해 | F23: 일의 자리를 다지는 해 · 책임이 커지는 해 | G23: 일의 책임이 커지고 그동안의 결과를 점검받는 때입니다. | H23: 책임의 별이 커리어와 사회적 역할의 자리에 들어오는 시기예요. 맡는 역할이 무거워지고, 그동안 해 온 일의 결과를 돌아볼 일이 생기기 쉽습니다. 버거운 날도 있겠지만 인정받을 실력을 차곡차곡 굳히는 때이기도 해요. | I23: 이 시기를 지나면 쉽게 흔들리지 않는 일의 자리와 신뢰가 남습니다. | J23: 모든 기대에 응하기보다 꼭 지켜야 할 일의 우선순위를 먼저 적어 두세요. | L23: 미검수
A24: SAT_H11 | B24: 토성 | C24: 11 | D24: 11하우스 · 사람들·공동체 | E24: 사람을 고르는 해 | F24: 곁의 사람을 추리는 해 · 오래 갈 사람을 아는 해 | G24: 사람들과의 관계와 미래 목표를 현실적으로 다듬는 때예요. | H24: 책임의 별이 사람들과 공동체의 자리를 지나는 시기입니다. 모임에서 맡는 역할이 늘거나, 어떤 관계가 나에게 맞는지 돌아보기 쉬워요. 넓기보다 깊은 관계, 막연하기보다 구체적인 목표가 남는 때입니다. | I24: 이 시기를 지나면 오래 함께할 사람들과 현실적인 목표가 남아요. | J24: 모든 모임을 지키려 하기보다 에너지를 쓸 곳을 몇 군데로 좁혀 보세요. | K24: 샘플 리포트 2026년(토성 양자리 11하우스) 결과와 결이 맞는지 확인 부탁. | L24: 미검수
A25: SAT_H12 | B25: 토성 | C25: 12 | D25: 12하우스 · 쉼·내면 | E25: 조용히 정리하는 해 | F25: 안을 정돈하는 해 · 조용히 힘을 모으는 해 | G25: 겉으로 드러나지 않는 정리와 쉼이 필요한 때입니다. | H25: 책임의 별이 쉼과 내면의 자리에 머무는 조용한 시기예요. 눈에 보이는 성과보다 미뤄 둔 마음과 일을 정리하는 시간이 길어지기 쉽습니다. 답답하게 느껴질 수 있지만 다음 시작을 위한 자리를 비우는 과정이기도 해요. | I25: 이 시기를 지나면 가볍게 새로 시작할 수 있는 비워진 자리가 남습니다. | J25: 혼자 견디기보다 마음을 털어놓을 사람이나 기록할 공간을 하나 마련해 보세요. | K25: 고립감이 큰 사용자에게 무겁게 읽히지 않는지 확인 부탁. | L25: 미검수

Sheet A10 연말·단기 역행
A1: ID | B1: 행성 | C1: 하우스 | D1: 하우스 이름 | E1: 월별 표 셀(무엇을 조심할까) | F1: 왜 그럴까 한 줄 | G1: 본문(2~3문장) | H1: 해볼 행동 | I1: 검수 메모 | J1: 검수상태 | K1: 수정 문장 | L1: 상담사 메모
A2: RX_MERCURY_H01 | B2: 수성 역행 | C2: 1 | D2: 1하우스 · 나 자신 | E2: 나를 소개하는 말과 첫인상을 한 번 더 다듬기 | F2: 생각·말의 별이 나 자신의 자리에서 거꾸로 가며 나를 드러내는 말을 다시 보게 하는 때예요. | G2: 생각과 말의 별이 나 자신의 자리에서 거꾸로 가는 것처럼 보이는 기간입니다. 내 뜻이 다르게 전해지거나, 스스로 결정을 자꾸 고치고 싶어지기 쉬워요. | H2: 프로필이나 자기소개 글은 올리기 전 하루 묵혀 다시 읽어 보세요. | J2: 미검수
A3: RX_MERCURY_H02 | B3: 수성 역행 | C3: 2 | D3: 2하우스 · 돈·내 것 | E3: 결제·송금 내역과 금액을 한 번 더 확인하기 | F3: 생각·말의 별이 돈과 내 것의 자리에서 거꾸로 가며 돈 계산과 정산을 다시 보게 하는 때입니다. | G3: 생각과 말의 별이 돈과 내 것의 자리에서 거꾸로 가는 기간이에요. 금액을 잘못 적거나 환불·정산이 늦어지는 일이 생기기 쉽습니다. 지난 지출을 다시 들여다보기에는 오히려 좋은 때예요. | H3: 이번 달 결제 내역을 한 번 훑어보고 잊고 있던 구독을 정리해 보세요. | J3: 미검수
A4: RX_MERCURY_H03 | B4: 수성 역행 | C4: 3 | D4: 3하우스 · 배움·말 | E4: 메시지·메일은 보내기 전에 한 번 더 읽기 | F4: 생각·말의 별이 말과 배움의 자리에서 거꾸로 가며 연락과 말을 다시 확인하게 하는 때예요. | G4: 말과 연락을 맡는 별이 바로 그 자리에서 거꾸로 가는 기간입니다. 답장이 늦거나 말이 엇갈리고, 짧은 이동 중 일정이 바뀌기 쉬워요. 대신 미뤄 둔 공부나 글을 다시 꺼내 다듬기에는 좋은 때입니다. | H4: 중요한 메시지는 보내기 전 하루 묵혀 보세요. | I4: 수성이 자기 의미의 자리(3하우스)에서 역행하는 경우라 체감이 가장 클 수 있음. | J4: 미검수
A5: RX_MERCURY_H04 | B5: 수성 역행 | C5: 4 | D5: 4하우스 · 집·마음의 뿌리 | E5: 집·가족 일정과 약속을 한 번 더 확인하기 | F5: 생각·말의 별이 집과 마음의 뿌리 자리에서 거꾸로 가며 집안의 말과 서류를 다시 보게 하는 때입니다. | G5: 생각과 말의 별이 집과 마음의 뿌리 자리에서 거꾸로 가는 기간이에요. 가족 사이에 말이 엇갈리거나 집 관련 서류·수리가 늦어지기 쉽습니다. | H5: 집 관련 계약서나 수리 일정은 날짜와 조건을 다시 확인해 보세요. | J5: 미검수
A6: RX_MERCURY_H05 | B6: 수성 역행 | C6: 5 | D6: 5하우스 · 즐거움·창작 | E6: 들뜬 마음에 한 말이나 약속을 다시 살펴보기 | F6: 생각·말의 별이 즐거움과 창작의 자리에서 거꾸로 가며 지난 작업을 다시 꺼내게 하는 때예요. | G6: 생각과 말의 별이 즐거움과 창작의 자리에서 거꾸로 가는 기간입니다. 예전에 하던 취미나 작업을 다시 꺼내고 싶어지기 쉬워요. 새로 시작하기보다 지난 작업을 고치고 마무리하기 좋은 때입니다. | H6: 멈춰 둔 작업 하나를 꺼내 끝까지 마무리해 보세요. | J6: 미검수
A7: RX_MERCURY_H06 | B7: 수성 역행 | C7: 6 | D7: 6하우스 · 일상·루틴 | E7: 업무 메일·일정·지시를 한 번 더 확인하기 | F7: 생각·말의 별이 매일의 일과 루틴 자리에서 거꾸로 가며 업무 소통을 다시 점검하게 하는 때입니다. | G7: 생각과 말의 별이 매일의 일과 루틴 자리에서 거꾸로 가는 기간이에요. 업무 지시가 엇갈리거나 기기·일정이 꼬이는 일이 생기기 쉽습니다. 일하는 방식을 다시 점검하기에는 좋은 때예요. | H7: 하루를 마칠 때 다음 날 일정과 받은 지시를 한 번 정리해 보세요. | I7: 샘플 리포트(2026 가을 역행 6하우스)와 같은 결. | J7: 미검수
A8: RX_MERCURY_H07 | B8: 수성 역행 | C8: 7 | D8: 7하우스 · 일대일 관계 | E8: 가까운 사람과의 약속·합의를 다시 확인하기 | F8: 생각·말의 별이 일대일 관계의 자리에서 거꾸로 가며 합의와 약속을 다시 확인하게 하는 때예요. | G8: 생각과 말의 별이 가까운 일대일 관계의 자리에서 거꾸로 가는 기간입니다. 같은 말을 서로 다르게 알아듣거나 계약 조건이 다시 오가기 쉬워요. 지난 오해를 차분히 풀어 보기에는 좋은 때입니다. | H8: 중요한 합의는 대화 뒤 짧게 글로 정리해 서로 확인해 보세요. | J8: 미검수
A9: RX_MERCURY_H08 | B9: 수성 역행 | C9: 8 | D9: 8하우스 · 깊은 유대·공유 자원 | E9: 함께 쓰는 돈·서류의 조건을 한 번 더 확인하기 | F9: 생각·말의 별이 공유 자원의 자리에서 거꾸로 가며 서류와 조건을 다시 보게 하는 때입니다. | G9: 생각과 말의 별이 깊은 유대와 함께 나누는 자원의 자리에서 거꾸로 가는 기간이에요. 대출·보험·정산 같은 서류가 늦어지거나 다시 확인할 일이 생기기 쉽습니다. 오래 묻어 둔 이야기를 다시 꺼내 보기 쉬운 때이기도 해요. | H9: 서명 전에는 조건을 한 줄씩 소리 내어 다시 읽어 보세요. | I9: 계약 금지가 아니라 '다시 확인'으로 썼음. | J9: 미검수
A10: RX_MERCURY_H09 | B10: 수성 역행 | C10: 9 | D10: 9하우스 · 넓은 배움·여행 | E10: 여행·출장 일정과 예약을 한 번 더 확인하기 | F10: 생각·말의 별이 여행과 넓은 배움의 자리에서 거꾸로 가며 일정과 예약을 다시 확인하게 하는 때예요. | G10: 생각과 말의 별이 넓은 배움과 여행의 자리에서 거꾸로 가는 기간입니다. 예약이 바뀌거나 이동이 늦어지는 일이 생기기 쉬워요. 새 공부를 벌이기보다 하던 공부를 복습하기 좋은 때입니다. | H10: 출발 전날 예약 내역과 이동 시간을 다시 확인해 보세요. | J10: 미검수
A11: RX_MERCURY_H10 | B11: 수성 역행 | C11: 10 | D11: 10하우스 · 커리어·사회적 역할 | E11: 보고·발표 자료와 업무 결정을 한 번 더 점검하기 | F11: 생각·말의 별이 커리어의 자리에서 거꾸로 가며 일의 결정을 다시 검토하게 하는 때입니다. | G11: 생각과 말의 별이 커리어와 사회적 역할의 자리에서 거꾸로 가는 기간이에요. 윗사람과의 소통이 엇갈리거나 진행하던 일이 다시 검토되기 쉽습니다. 큰 방향 전환은 이 기간이 지난 뒤 다시 보아도 늦지 않아요. | H11: 이직·계약 같은 결정은 메모로 남겨 두고 역행이 끝난 뒤 다시 읽어 보세요. | J11: 미검수
A12: RX_MERCURY_H11 | B12: 수성 역행 | C12: 11 | D12: 11하우스 · 사람들·공동체 | E12: 단체 대화방의 공지와 약속을 다시 확인하기 | F12: 생각·말의 별이 사람들과 공동체의 자리에서 거꾸로 가며 모임의 연락을 다시 챙기게 하는 때예요. | G12: 생각과 말의 별이 사람들과 공동체의 자리에서 거꾸로 가는 기간입니다. 모임 공지가 엇갈리거나 연락이 늦어지는 일이 생기기 쉬워요. 연락이 뜸했던 사람에게서 소식이 오기도 하는 때입니다. | H12: 단체 일정은 확정 전에 날짜와 장소를 한 번 더 공유해 보세요. | J12: 미검수
A13: RX_MERCURY_H12 | B13: 수성 역행 | C13: 12 | D13: 12하우스 · 쉼·내면 | E13: 혼자 곱씹는 생각은 글로 적어 정리하기 | F13: 생각·말의 별이 쉼과 내면의 자리에서 거꾸로 가며 지난 생각을 다시 곱씹게 하는 때입니다. | G13: 생각과 말의 별이 쉼과 내면의 자리에서 거꾸로 가는 기간이에요. 지난 일이 자꾸 떠오르고 생각이 맴돌기 쉽습니다. 밖으로 말하기 전에 안에서 먼저 정리해 보기 좋은 때예요. | H13: 잠들기 전 떠오르는 생각을 세 줄로 적고 노트를 덮어 보세요. | J13: 미검수
A14: RX_VENUS_H01 | B14: 금성 역행 | C14: 1 | D14: 1하우스 · 나 자신 | E14: 헤어스타일·외모의 큰 변화는 잠시 미루기 | F14: 좋아하는 것·관계의 별이 나 자신의 자리에서 거꾸로 가며 내 모습을 보는 기준을 다시 묻게 하는 때예요. | G14: 좋아하는 것과 관계의 별이 나 자신의 자리에서 거꾸로 가는 기간입니다. 내 모습이나 매력을 보는 기준이 흔들리고, 확 바꾸고 싶은 마음이 들기 쉬워요. 바꾸기보다 지금의 나에게서 좋은 점을 다시 찾아보기 좋은 때입니다. | H14: 바꾸고 싶은 모습은 사진으로 모아 두고 역행이 끝난 뒤 다시 보세요. | J14: 미검수
A15: RX_VENUS_H02 | B15: 금성 역행 | C15: 2 | D15: 2하우스 · 돈·내 것 | E15: 큰 지출과 충동구매는 한 번 미뤄 두기 | F15: 좋아하는 것·관계의 별이 돈과 내 것의 자리에서 거꾸로 가며 돈 쓰는 감각을 다시 돌아보게 하는 때입니다. | G15: 좋아하는 것과 돈 감각의 별이 돈과 내 것의 자리에서 거꾸로 가는 기간이에요. 사고 싶은 것과 필요한 것의 기준이 흔들리기 쉽습니다. 내가 무엇에 가치를 두는지 다시 따져 보기에는 좋은 때예요. | H15: 장바구니에 담은 물건은 사흘 뒤에도 갖고 싶은지 다시 확인해 보세요. | I15: 투자 언급 없이 소비·가치 감각으로만 씀. | J15: 미검수
A16: RX_VENUS_H03 | B16: 금성 역행 | C16: 3 | D16: 3하우스 · 배움·말 | E16: 감정이 실린 말은 한 템포 늦춰 전하기 | F16: 좋아하는 것·관계의 별이 말과 배움의 자리에서 거꾸로 가며 가까운 사람과 나누는 말에 담긴 마음을 다시 보게 하는 때예요. | G16: 좋아하는 것과 관계의 별이 말과 가까운 이웃의 자리에서 거꾸로 가는 기간입니다. 가까운 사람과 주고받는 말에 서운함이 묻어나기 쉬워요. 예전에 나눈 대화를 떠올리며 고마움을 다시 전하기 좋은 때입니다. | H16: 고마웠던 사람에게 짧은 안부 메시지를 한 통 보내 보세요. | J16: 미검수
A17: RX_VENUS_H04 | B17: 금성 역행 | C17: 4 | D17: 4하우스 · 집·마음의 뿌리 | E17: 집 꾸미기·가구 같은 큰 구매는 미뤄 두기 | F17: 좋아하는 것·관계의 별이 집과 마음의 뿌리 자리에서 거꾸로 가며 집과 가족을 향한 마음을 다시 보게 하는 때입니다. | G17: 좋아하는 것과 관계의 별이 집과 마음의 뿌리 자리에서 거꾸로 가는 기간이에요. 가족과의 지난 일이 떠오르거나, 집이 낯설게 느껴지기 쉽습니다. 크게 바꾸기보다 있는 공간을 다시 아껴 보기 좋은 때예요. | H17: 새로 사기 전에 집 안 물건 하나를 꺼내 다시 써 보세요. | J17: 미검수
A18: RX_VENUS_H05 | B18: 금성 역행 | C18: 5 | D18: 5하우스 · 즐거움·창작 | E18: 지난 인연이 떠올라도 마음을 바로 행동으로 옮기지 않기 | F18: 좋아하는 것·관계의 별이 즐거움과 창작의 자리에서 거꾸로 가며 지난 인연과 즐거움을 떠올리게 하는 때예요. | G18: 좋아하는 것과 관계의 별이 즐거움과 연애의 자리에서 거꾸로 가는 기간입니다. 지난 인연이나 예전에 좋아하던 것이 다시 떠오르기 쉬워요. 그 기억이 지금의 나에게 무엇을 알려 주는지 살펴보기 좋은 때입니다. | H18: 떠오르는 마음을 글로 적어 두고, 연락은 하루 뒤에 다시 생각해 보세요. | I18: 재회 권유·만류 어느 쪽으로도 읽히지 않게 '하루 뒤 다시 생각'으로만 씀. 확인 부탁. | J18: 미검수
A19: RX_VENUS_H06 | B19: 금성 역행 | C19: 6 | D19: 6하우스 · 일상·루틴 | E19: 일상 속 작은 지출과 습관을 다시 점검하기 | F19: 좋아하는 것·관계의 별이 매일의 일과 루틴 자리에서 거꾸로 가며 일상의 작은 즐거움을 다시 돌아보게 하는 때입니다. | G19: 좋아하는 것과 관계의 별이 매일의 일과 루틴 자리에서 거꾸로 가는 기간이에요. 동료와의 분위기나 일의 즐거움이 예전 같지 않게 느껴지기 쉽습니다. 나를 기분 좋게 하던 작은 루틴을 다시 찾아보기 좋은 때예요. | H19: 출근길이나 점심시간에 예전에 좋아하던 작은 즐거움 하나를 되살려 보세요. | J19: 미검수
A20: RX_VENUS_H07 | B20: 금성 역행 | C20: 7 | D20: 7하우스 · 일대일 관계 | E20: 관계의 중요한 결정은 서두르지 않기 | F20: 좋아하는 것·관계의 별이 일대일 관계의 자리에서 거꾸로 가며 관계의 균형을 다시 따지게 하는 때예요. | G20: 좋아하는 것과 관계의 별이 가까운 일대일 관계의 자리에서 거꾸로 가는 기간입니다. 상대에게 바라는 것과 내가 주는 것의 균형을 다시 따져 보기 쉬워요. 결론을 내기보다 서로의 마음을 다시 들어 보기 좋은 때입니다. | H20: 서운한 마음은 바로 말하기 전에 내가 바라는 것 하나로 정리해 보세요. | I20: 이별·결혼 권유 금지 규칙에 따라 '결정은 서두르지 않기'로만 씀. | J20: 미검수
A21: RX_VENUS_H08 | B21: 금성 역행 | C21: 8 | D21: 8하우스 · 깊은 유대·공유 자원 | E21: 함께 쓰는 돈이나 빌려주는 일은 조건을 다시 확인하기 | F21: 좋아하는 것·관계의 별이 공유 자원의 자리에서 거꾸로 가며 나누는 것의 균형을 다시 보게 하는 때입니다. | G21: 좋아하는 것과 돈 감각의 별이 깊은 유대와 공유 자원의 자리에서 거꾸로 가는 기간이에요. 누구와 무엇을 나누고 있는지, 그 균형이 맞는지 돌아보기 쉽습니다. 깊은 관계에서 내가 바라는 것을 다시 알아보기 좋은 때예요. | H21: 함께 쓰는 비용이 있다면 이번 기회에 나누는 방식을 적어 보세요. | J21: 미검수
A22: RX_VENUS_H09 | B22: 금성 역행 | C22: 9 | D22: 9하우스 · 넓은 배움·여행 | E22: 비싼 여행·수업 결제는 한 번 더 따져 보기 | F22: 좋아하는 것·관계의 별이 여행과 넓은 배움의 자리에서 거꾸로 가며 좋아하던 배움을 다시 떠올리게 하는 때예요. | G22: 좋아하는 것과 관계의 별이 넓은 배움과 여행의 자리에서 거꾸로 가는 기간입니다. 예전에 가 본 곳이나 접었던 공부가 다시 마음을 끌기 쉬워요. 새 계획보다 지난 경험에서 좋았던 점을 되짚어 보기 좋은 때입니다. | H22: 예전 여행 사진을 보며 다음에 꼭 해 보고 싶은 것 하나를 적어 보세요. | J22: 미검수
A23: RX_VENUS_H10 | B23: 금성 역행 | C23: 10 | D23: 10하우스 · 커리어·사회적 역할 | E23: 일터의 관계와 평판을 서두르지 말고 다듬기 | F23: 좋아하는 것·관계의 별이 커리어의 자리에서 거꾸로 가며 일을 좋아하는 이유를 다시 묻게 하는 때입니다. | G23: 좋아하는 것과 관계의 별이 커리어의 자리에서 거꾸로 가는 기간이에요. 지금 하는 일을 정말 좋아하는지, 일터의 관계가 괜찮은지 다시 묻기 쉽습니다. 방향을 바꾸기보다 내가 일에서 아끼는 것을 다시 적어 보기 좋은 때예요. | H23: 일에서 좋았던 순간 세 가지를 적고 그 공통점을 찾아보세요. | J23: 미검수
A24: RX_VENUS_H11 | B24: 금성 역행 | C24: 11 | D24: 11하우스 · 사람들·공동체 | E24: 모임 지출과 무리한 약속을 줄이기 | F24: 좋아하는 것·관계의 별이 사람들과 공동체의 자리에서 거꾸로 가며 편한 사람이 누구인지 다시 보게 하는 때예요. | G24: 좋아하는 것과 관계의 별이 사람들과 공동체의 자리에서 거꾸로 가는 기간입니다. 예전 친구나 모임이 다시 떠오르고, 지금의 관계와 견주어 보기 쉬워요. 나에게 편한 사람이 누구인지 다시 알아보기 좋은 때입니다. | H24: 오래 못 본 친구 한 명에게 가볍게 안부를 물어보세요. | J24: 미검수
A25: RX_VENUS_H12 | B25: 금성 역행 | C25: 12 | D25: 12하우스 · 쉼·내면 | E25: 혼자 쌓아 둔 서운함을 한꺼번에 터뜨리지 않기 | F25: 좋아하는 것·관계의 별이 쉼과 내면의 자리에서 거꾸로 가며 말하지 못한 마음을 떠올리게 하는 때입니다. | G25: 좋아하는 것과 관계의 별이 쉼과 내면의 자리에서 거꾸로 가는 기간이에요. 지난 관계의 기억이나 말하지 못한 마음이 조용히 떠오르기 쉽습니다. 누군가에게 털어놓기 전에 나 자신에게 먼저 다정해지기 좋은 때예요. | H25: 떠오르는 마음을 편지처럼 적고, 보내지 않은 채 간직해 보세요. | J25: 미검수
A26: RX_MARS_H01 | B26: 화성 역행 | C26: 1 | D26: 1하우스 · 나 자신 | E26: 의욕이 떨어져도 자신을 몰아붙이지 않기 | F26: 의욕·행동의 별이 나 자신의 자리에서 거꾸로 가며 의욕의 속도를 늦추게 하는 때예요. | G26: 의욕과 행동의 별이 나 자신의 자리에서 거꾸로 가는 기간입니다. 추진력이 평소 같지 않고, 사소한 일에 짜증이 나기 쉬워요. 속도를 늦추고 내가 정말 하고 싶은 일이 무엇인지 다시 고르기 좋은 때입니다. | H26: 하루 할 일을 세 가지로만 줄여 적어 보세요. | J26: 미검수
A27: RX_MARS_H02 | B27: 화성 역행 | C27: 2 | D27: 2하우스 · 돈·내 것 | E27: 돈 문제로 서두르는 결정은 미뤄 두기 | F27: 의욕·행동의 별이 돈과 내 것의 자리에서 거꾸로 가며 돈을 향한 조급함을 돌아보게 하는 때입니다. | G27: 의욕과 행동의 별이 돈과 내 것의 자리에서 거꾸로 가는 기간이에요. 벌고 싶은 마음은 큰데 일이 생각만큼 빨리 풀리지 않기 쉽습니다. 미뤄 둔 정산이나 정리를 다시 손보기에는 좋은 때예요. | H27: 미뤄 둔 정산이나 서류 하나를 골라 이번 주에 끝내 보세요. | J27: 미검수
A28: RX_MARS_H03 | B28: 화성 역행 | C28: 3 | D28: 3하우스 · 배움·말 | E28: 말다툼이 생기면 바로 받아치지 않기 | F28: 의욕·행동의 별이 말과 배움의 자리에서 거꾸로 가며 날카로운 말을 다스리게 하는 때예요. | G28: 의욕과 행동의 별이 말과 가까운 이웃의 자리에서 거꾸로 가는 기간입니다. 말이 날카로워지거나 이동 중에 조급해지기 쉬워요. 지난 대화를 다시 정리해 차분히 전하기 좋은 때입니다. | H28: 화가 난 메시지는 임시 저장해 두고 한 시간 뒤에 다시 읽어 보세요. | I28: 운전 사고 연상을 피하려고 '이동 중 조급함'으로만 씀. | J28: 미검수
A29: RX_MARS_H04 | B29: 화성 역행 | C29: 4 | D29: 4하우스 · 집·마음의 뿌리 | E29: 이사·집 관련 큰 결정은 서두르지 않기 | F29: 의욕·행동의 별이 집과 마음의 뿌리 자리에서 거꾸로 가며 집에서의 짜증을 돌아보게 하는 때입니다. | G29: 의욕과 행동의 별이 집과 마음의 뿌리 자리에서 거꾸로 가는 기간이에요. 집에서 짜증이 늘거나 가족과 부딪히기 쉽습니다. 크게 바꾸기보다 미뤄 둔 집안일을 하나씩 끝내기 좋은 때예요. | H29: 집에서 오래 미뤄 둔 정리 하나를 골라 주말에 끝내 보세요. | I29: 샘플 리포트(2027 초 화성 역행 4하우스)와 같은 결. | J29: 미검수
A30: RX_MARS_H05 | B30: 화성 역행 | C30: 5 | D30: 5하우스 · 즐거움·창작 | E30: 놀이와 취미에서도 승부욕에 휩쓸리지 않기 | F30: 의욕·행동의 별이 즐거움과 창작의 자리에서 거꾸로 가며 멈춘 작업을 다시 잡게 하는 때예요. | G30: 의욕과 행동의 별이 즐거움과 창작의 자리에서 거꾸로 가는 기간입니다. 하고 싶던 일이 막히거나 재미가 잘 붙지 않기 쉬워요. 멈춰 둔 작업을 다시 꺼내 손보기에는 좋은 때입니다. | H30: 새 취미를 들이기보다 멈춰 둔 작업 하나를 다시 이어 가 보세요. | J30: 미검수
A31: RX_MARS_H06 | B31: 화성 역행 | C31: 6 | D31: 6하우스 · 일상·루틴 | E31: 몸이 지치면 무리해서 버티지 않기 | F31: 의욕·행동의 별이 매일의 일과 루틴 자리에서 거꾸로 가며 일의 속도와 피로를 조절하게 하는 때입니다. | G31: 의욕과 행동의 별이 매일의 일과 몸 관리 자리에서 거꾸로 가는 기간이에요. 업무 속도가 떨어지고 피로가 쌓이기 쉽습니다. 일의 순서를 다시 짜고 쉬는 리듬을 챙기기 좋은 때예요. | H31: 운동이나 일의 강도를 평소보다 한 단계 낮춰 꾸준히 이어 가 보세요. | I31: 몸 이야기는 피로·강도 조절 수준으로만 씀. | J31: 미검수
A32: RX_MARS_H07 | B32: 화성 역행 | C32: 7 | D32: 7하우스 · 일대일 관계 | E32: 상대와의 갈등에서 이기려고 몰아붙이지 않기 | F32: 의욕·행동의 별이 일대일 관계의 자리에서 거꾸로 가며 덮어 둔 갈등을 다시 보게 하는 때예요. | G32: 의욕과 행동의 별이 가까운 일대일 관계의 자리에서 거꾸로 가는 기간입니다. 예전에 덮어 둔 갈등이 다시 떠오르거나 말다툼이 길어지기 쉬워요. 이기는 것보다 서로 원하는 것을 다시 확인하기 좋은 때입니다. | H32: 다툼이 생기면 잠시 자리를 떠났다가 차분해진 뒤 다시 이야기해 보세요. | J32: 미검수
A33: RX_MARS_H08 | B33: 화성 역행 | C33: 8 | D33: 8하우스 · 깊은 유대·공유 자원 | E33: 함께 쓰는 돈 문제로 감정 섞인 결정을 하지 않기 | F33: 의욕·행동의 별이 공유 자원의 자리에서 거꾸로 가며 얽힌 문제를 천천히 풀게 하는 때입니다. | G33: 의욕과 행동의 별이 깊은 유대와 공유 자원의 자리에서 거꾸로 가는 기간이에요. 얽힌 돈이나 깊은 감정 문제가 다시 떠오르기 쉽습니다. 서두르기보다 오래 미뤄 둔 정리를 천천히 시작하기 좋은 때예요. | H33: 얽힌 문제는 감정이 아닌 사실만 목록으로 적어 보세요. | J33: 미검수
A34: RX_MARS_H09 | B34: 화성 역행 | C34: 9 | D34: 9하우스 · 넓은 배움·여행 | E34: 무리한 일정의 여행이나 공부 계획은 줄이기 | F34: 의욕·행동의 별이 여행과 넓은 배움의 자리에서 거꾸로 가며 계획의 속도를 늦추게 하는 때예요. | G34: 의욕과 행동의 별이 넓은 배움과 여행의 자리에서 거꾸로 가는 기간입니다. 계획한 이동이나 공부가 늦어지고, 생각이 다른 사람과 부딪히기 쉬워요. 새 목표를 세우기보다 하던 공부를 다시 붙잡기 좋은 때입니다. | H34: 멈춘 공부가 있다면 하루 분량을 아주 작게 정해 다시 시작해 보세요. | J34: 미검수
A35: RX_MARS_H10 | B35: 화성 역행 | C35: 10 | D35: 10하우스 · 커리어·사회적 역할 | E35: 일에서 조급하게 밀어붙이거나 갑자기 그만두지 않기 | F35: 의욕·행동의 별이 커리어의 자리에서 거꾸로 가며 일의 추진 속도를 조절하게 하는 때입니다. | G35: 의욕과 행동의 별이 커리어의 자리에서 거꾸로 가는 기간이에요. 일이 생각만큼 나아가지 않아 답답하고, 윗사람과 부딪히기 쉽습니다. 멈춘 프로젝트를 다시 다듬고 실력을 쌓기에는 좋은 때예요. | H35: 그만두고 싶은 마음이 들면 이유를 적어 두고 역행이 끝난 뒤 다시 읽어 보세요. | J35: 미검수
A36: RX_MARS_H11 | B36: 화성 역행 | C36: 11 | D36: 11하우스 · 사람들·공동체 | E36: 모임에서의 신경전에 에너지를 쓰지 않기 | F36: 의욕·행동의 별이 사람들과 공동체의 자리에서 거꾸로 가며 함께하는 일의 속도를 맞추게 하는 때예요. | G36: 의욕과 행동의 별이 사람들과 공동체의 자리에서 거꾸로 가는 기간입니다. 함께하는 일의 속도가 느려지거나 의견 차이가 커지기 쉬워요. 예전에 함께하던 사람들과 미뤄 둔 계획을 다시 다듬기 좋은 때입니다. | H36: 단체 일은 내 몫을 분명히 정하고 그 이상은 맡지 않도록 해 보세요. | J36: 미검수
A37: RX_MARS_H12 | B37: 화성 역행 | C37: 12 | D37: 12하우스 · 쉼·내면 | E37: 쌓인 짜증을 혼자 삼키지만 말고 풀어 주기 | F37: 의욕·행동의 별이 쉼과 내면의 자리에서 거꾸로 가며 속에 쌓인 기운을 돌보게 하는 때입니다. | G37: 의욕과 행동의 별이 쉼과 내면의 자리에서 거꾸로 가는 기간이에요. 이유 없이 기운이 빠지거나 속으로 화가 쌓이기 쉽습니다. 몸을 움직여 마음을 풀고 충분히 쉬어 가기 좋은 때예요. | H37: 답답할 때는 가볍게 걷거나 몸을 풀어 쌓인 기운을 내보내 보세요. | J37: 미검수

Sheet A11 하늘의 공통 흐름 2026말~2031
A1: ID | B1: 기간 | C1: 하늘의 사건 | D1: 공통 문구 | E1: 접힌 근거 한 줄 | F1: 검수 메모 | G1: 검수상태 | H1: 수정 문장 | I1: 상담사 메모
A2: SKY_01 | B2: 2026년 10~11월 | C2: 금성 역행(전갈→천칭)·수성 역행(전갈) | D2: 가을 끝자락은 관계와 돈의 감각, 그리고 말과 연락을 다시 살펴보는 때입니다. 큰 결정은 서두르기보다 한 번 더 확인하고 움직이기 좋아요. | E2: 좋아하는 것·관계의 별과 생각·말의 별이 함께 거꾸로 가는 것처럼 보이는 기간이에요. | F2: 정확한 시작·종료일은 엔진 계산값으로 확인 필요. 두 역행이 끝나는 날이 거의 같아 '중순 이후 다시 보기' 문구와 묶어 쓰기 좋음. | G2: 미검수
A3: SKY_02 | B3: 2027년 1~4월 | C3: 화성 역행(처녀→사자) | D3: 새해 초에는 의욕과 추진의 속도가 평소보다 느려지기 쉬워요. 새로 벌이기보다 미뤄 둔 일을 다시 다듬기 좋은 때입니다. | E3: 의욕과 행동의 별이 석 달 가까이 거꾸로 가는 것처럼 보이는 기간입니다. | F3: 정확한 시작·종료일은 엔진 계산값으로 확인 필요. 역행 전후 그림자 기간을 표시할지 결정 필요. | G3: 미검수
A4: SKY_03 | B4: 2026년 7월~2027년 7월 | C4: 목성 사자자리 | D4: 나를 표현하고 즐거움을 되찾는 일에 순풍이 부는 흐름입니다. 나다운 모습을 드러내는 시도가 반가운 반응을 얻기 쉬워요. | E4: 확장의 별이 자기표현의 별자리인 사자자리를 지나는 때예요. | F4: 정확한 시작·종료일은 엔진 계산값으로 확인 필요. | G4: 미검수
A5: SKY_04 | B5: 2027년 7월~2028년 8월 | C5: 목성 처녀자리 | D5: 일상과 일하는 방식을 정돈하는 데 힘이 실리는 흐름이에요. 작은 습관과 꼼꼼한 손질이 생각보다 큰 결실로 이어지기 쉽습니다. | E5: 확장의 별이 정리와 돌봄의 별자리인 처녀자리를 지나는 때입니다. | F5: 정확한 시작·종료일은 엔진 계산값으로 확인 필요. | G5: 미검수
A6: SKY_05 | B6: 2026년~2028년 초 (해왕성은 2039년까지) | C6: 토성·해왕성 양자리 | D6: 새로운 시작을 책임 있게 다져 가는 흐름이 모두에게 이어집니다. 꿈꾸던 방향을 현실의 모양으로 다듬는 시도가 늘어나기 쉬워요. | E6: 책임의 별과 꿈·영감의 별이 시작의 별자리인 양자리에 함께 머무는 시기예요. | F6: 정확한 시작·종료일은 엔진 계산값으로 확인 필요. 토성·해왕성 모두 진입 직후 한 차례 물고기자리로 되돌아간 구간이 있으면 문구 분기 필요. | G6: 미검수
A7: SKY_06 | B7: 2026년~2033년 | C7: 천왕성 쌍둥이자리 | D7: 배우고 말하고 연결되는 방식이 빠르게 달라지는 흐름입니다. 낯선 도구나 새로운 소통 방식이 뜻밖의 기회를 열어 주기도 해요. | E7: 변화의 별이 소통과 정보의 별자리인 쌍둥이자리를 오래 지나는 때입니다. | F7: 정확한 시작·종료일은 엔진 계산값으로 확인 필요. 진입 직후 황소자리로 잠시 되돌아가는 구간 처리 확인. | G7: 미검수
A8: SKY_07 | B8: 2028년~2030년 | C8: 토성 황소자리 | D8: 생활의 기반과 돈의 감각을 천천히 다지는 흐름이에요. 빠른 성과보다 오래갈 기반을 만드는 일이 빛나기 쉽습니다. | E8: 책임의 별이 안정과 소유의 별자리인 황소자리를 지나는 때입니다. | F8: 정확한 시작·종료일은 엔진 계산값으로 확인 필요. 돈 관련 문구가 투자 시점처럼 읽히지 않는지 확인 부탁. | G8: 미검수
A9: SKY_08 | B9: 2030년~2031년 | C9: 토성 쌍둥이자리·목성 사수자리 | D9: 배움과 말에는 책임이 실리고, 넓은 세상을 향한 호기심에는 순풍이 부는 흐름입니다. 공부와 경험을 차근차근 이어 가기 좋아요. | E9: 책임의 별은 소통의 별자리에, 확장의 별은 탐험의 별자리에 머물며 서로 마주 보는 자리를 이뤄요. | F9: 정확한 시작·종료일은 엔진 계산값으로 확인 필요. 목성 사수자리 기간과 토성 쌍둥이자리 기간이 겹치는 정확한 구간 확인. | G9: 미검수
A10: SKY_09 | B10: 2026년~2031년 (2024년~2043년) | C10: 명왕성 물병자리 | D10: 사람들과 기술, 공동체의 모습이 깊은 곳에서부터 바뀌어 가는 긴 흐름입니다. 혼자보다 함께할 때 새로운 길이 열리기 쉬워요. | E10: 깊은 변형의 별이 공동체와 미래의 별자리인 물병자리에 오래 머무는 시기예요. | F10: 정확한 시작·종료일은 엔진 계산값으로 확인 필요. | G10: 미검수
A11: SKY_10 | B11: 2027년 | C11: 일식·월식(사자자리–물병자리 축) | D11: 나를 드러내는 일과 사람들 속의 나 사이에서 균형을 다시 잡는 해입니다. 그 과정에서 무엇이 시작되고 무엇이 마무리되는지 살펴보기 좋아요. | E11: 해나 달이 가려지는 일식·월식이 사자자리와 물병자리를 잇는 축에서 이어지는 해예요. | F11: 정확한 시작·종료일은 엔진 계산값으로 확인 필요. 한 해 일·월식 가운데 일부는 처녀자리·염소자리 쪽에 걸릴 수 있으니 축 판정 기준 확인 필요. | G11: 미검수

Sheet A12 Q2 공감 도입문 (2026 한 단어)
A1: ID | B1: Q2 단어 | C1: 부드러운 톤(Y/N) | D1: 도입문 — 하늘 흐름과 맞을 때 | E1: 도입문 — 하늘 흐름과 엇갈릴 때 | F1: 섹션 마무리 문장 | G1: 상담 연결 안내(soft=Y만) | H1: 검수 메모 | I1: 검수상태 | J1: 수정 문장 | K1: 상담사 메모
A2: Q2_01 | B2: 버텨 | C2: N | D2: ‘버텨’를 고르셨네요. 하늘도 올해를 버티며 단단해지는 한 해로 그리고 있었습니다. | E2: ‘버텨’를 고를 만큼 애쓴 한 해였다면, 그 마음이 가장 정확합니다. 하늘은 그 곁에서 숨 고를 틈에 대한 이야기도 하고 있었어요. | F2: 버틴 시간은 사라지지 않고 다음 해를 받쳐 줄 힘으로 남습니다. 올해의 나에게 수고했다는 말 한마디를 건네 주세요. | I2: 미검수
A3: Q2_02 | B3: 배움 | C3: N | D3: ‘배움’을 고르셨네요. 하늘도 올해를 새로 알고 넓혀 가는 해로 보여 주고 있었습니다. | E3: ‘배움’을 고르셨다면 올해 손에 쥔 깨달음이 분명히 있었다는 뜻입니다. 하늘은 그 배움 곁에서 다른 이야기도 하나 들려주고 있었어요. | F3: 올해 배운 것 가운데 하나만 골라 내년에도 이어 가 보세요. 작게 이어 가는 배움이 가장 오래 남습니다. | I3: 미검수
A4: Q2_03 | B4: 변화 | C4: N | D4: ‘변화’를 고르셨죠. 하늘도 같은 말을 하고 있었습니다. | E4: ‘변화’를 느낀 한 해였다면 그 체감이 가장 정확합니다. 하늘은 그 변화 아래에서 조용히 이어지던 흐름에 대해서도 이야기하고 있었어요. | F4: 변화는 흔들림이면서 새 자리를 만드는 과정이기도 해요. 올해 달라진 것 하나를 적어 두면 내년의 방향을 잡는 데 도움이 됩니다. | H4: intro_match는 샘플 리포트 문장을 따랐고, 어미 섞기 규칙 때문에 둘째 문장만 ‘있었습니다’로 바꿨습니다. | I4: 미검수
A5: Q2_04 | B5: 멈춤 | C5: N | D5: ‘멈춤’을 고르셨네요. 하늘도 올해를 잠시 서서 숨을 고르는 해로 그리고 있었습니다. | E5: ‘멈춤’을 고를 만큼 걸음이 무거웠던 한 해, 그 느낌을 그대로 믿으셔도 됩니다. 하늘은 그 멈춤 아래에서 조용히 움직이던 흐름도 함께 보여 주고 있었어요. | F5: 멈춘 시간은 뒤처진 시간이 아니라 방향을 다시 고르는 시간입니다. 다시 걸을 때는 내 속도를 먼저 정해 보세요. | I5: 미검수
A6: Q2_05 | B6: 성취 | C6: N | D6: ‘성취’를 고르셨네요. 하늘도 올해 쌓아 온 것이 모양을 갖추는 흐름을 보여 주고 있었습니다. | E6: ‘성취’를 고르셨다면 올해 이뤄 낸 것이 분명히 있었다는 뜻입니다. 하늘은 그 성취 곁에서 다른 이야기도 하나 하고 있었어요. | F6: 이룬 것을 바로 다음 목표로 덮기보다 잠시 머물러 바라봐 주세요. 무엇이 나를 여기까지 오게 했는지 아는 것이 다음 걸음의 바탕이 됩니다. | I6: 미검수
A7: Q2_06 | B7: 이별 | C7: Y | D7: ‘이별’을 고르셨네요. 하늘도 올해를 무언가를 떠나보내고 자리를 정리하는 흐름으로 그리고 있었습니다. | E7: ‘이별’이라는 말이 떠오른 한 해, 그 마음을 그대로 존중합니다. 하늘은 그 곁에서 나를 돌보는 흐름에 대해서도 이야기하고 있었어요. | F7: 떠나보낸 것이 있다면 그 자리를 서둘러 채우지 않아도 괜찮아요. 지금은 나에게 필요한 것이 무엇인지 천천히 살펴볼 수 있는 때입니다. | G7: 헤어짐의 무게가 오래 남아 있다면 혼자 견디지 않아도 됩니다. 쏘웰라와 편하게 이야기를 나눠 보거나, 필요할 때는 전문 상담의 도움도 함께 받아 보세요. | H7: 이별의 대상(연인·가족·일·장소)을 특정하지 않았고, 관계를 끝내는 것을 권하거나 잘잘못을 평가하지 않도록 썼습니다. care_note는 결과 하단에 작게 붙는 안내로, 다음 화면 진행을 막지 않는 형태로 노출 부탁드립니다. | I7: 미검수
A8: Q2_07 | B8: 고생 | C8: Y | D8: ‘고생’을 고르셨네요. 하늘도 올해가 유난히 무거운 짐을 진 해였다고 말하고 있었습니다. | E8: ‘고생’이라는 말이 먼저 떠오를 만큼 애쓴 한 해였다는 것, 그대로 맞습니다. 하늘은 그 고생 곁에서 조금씩 힘이 붙던 흐름도 함께 보여 주고 있었어요. | F8: 고생한 시간은 내가 무엇을 감당할 수 있는지 알려 주기도 합니다. 연말에는 해낸 일보다 쉬어 간 순간을 하나 더 만들어 주세요. | G8: 몸과 마음이 많이 지쳐 있다면 혼자 버티지 않아도 괜찮습니다. 쏘웰라와 지친 마음을 조금씩 나눠 보거나, 필요하면 전문 상담의 도움도 편하게 받아 보세요. | H8: care_note는 결과 하단에 작게 붙는 안내로, 다음 화면 진행을 막지 않는 형태로 노출 부탁드립니다. | I8: 미검수
A9: Q2_08 | B9: 그만하자 | C9: Y | D9: ‘그만하자’를 고를 만큼 많이 지친 한 해였군요. 하늘도 올해를 오래 쥐고 있던 것을 내려놓고 싶어지는 흐름으로 그리고 있었습니다. | E9: ‘그만하자’를 고를 만큼 지쳐 있는 그 마음이 먼저입니다. 하늘은 그 곁에서 쉬어 가며 다시 고를 수 있다는 이야기도 하고 있었어요. | F9: 그만하고 싶은 마음은 약해서가 아니라 오래 애써 왔다는 신호예요. 무엇을 그만둘지는 충분히 쉰 다음에 천천히 정해도 늦지 않습니다. | G9: 지친 마음이 오래 이어지고 있다면 혼자 결론 내리지 않아도 돼요. 쏘웰라에게 지금 마음을 편하게 털어놓거나, 필요할 때는 전문 상담의 도움을 함께 받아 보시길 권합니다. | H9: 지쳐 있는 마음을 첫 문장에서 먼저 인정하도록 썼고, 무언가를 그만두라고 권하지 않도록 했습니다. care_note는 결과 하단에 작게 붙는 안내로, 다음 화면 진행을 막지 않는 형태로 노출 부탁드립니다. | I9: 미검수
A10: Q2_09 | B10: 시작 | C10: N | D10: ‘시작’을 고르셨네요. 하늘도 올해를 새 출발선이 그어지는 해로 보여 주고 있었습니다. | E10: ‘시작’을 고르셨다면 올해 무언가에 첫걸음을 뗐다는 뜻입니다. 하늘은 그 시작 곁에서 이전 것을 마무리하는 이야기도 함께 하고 있었어요. | F10: 시작의 모양은 첫날보다 이어 가는 날들이 만듭니다. 올해 시작한 것을 내년에도 작게 이어 갈 방법 하나를 정해 보세요. | I10: 미검수
A11: Q2_10 | B11: 설렘 | C11: N | D11: ‘설렘’을 고르셨네요. 하늘도 올해 새로운 가능성이 반짝이는 흐름을 보여 주고 있었습니다. | E11: ‘설렘’을 고를 만큼 마음이 움직인 한 해였다면 그 감각이 가장 소중한 기록입니다. 하늘은 그 설렘 곁에서 차분히 다지는 이야기도 하고 있었어요. | F11: 설렘이 어디에서 왔는지 한 줄로 적어 두세요. 그 마음이 향한 곳에 내가 바라는 것이 담겨 있을 때가 많습니다. | I11: 미검수

Sheet A12b 2026 회고 표현 변형
A1: ID | B1: Q2 단어 | C1: 자리(intro_match/intro_differ/closing) | D1: 번호(2~5) | E1: 문장 | F1: 작성 메모 | G1: 검수상태 | H1: 수정 문장 | I1: 상담사 메모
A2: Q2_01_IM_2 | B2: 버텨 | C2: intro_match | D2: 2 | E2: 하늘의 흐름도 올해를 견디며 뿌리를 내리는 해로 읽고 있었어요. 당신이 고른 ‘버텨’라는 말과 꼭 닮은 그림입니다. | G2: 미검수
A3: Q2_01_IM_3 | B3: 버텨 | C3: intro_match | D3: 3 | E3: 올해를 ‘버텨’ 한 단어로 정리하셨군요. 하늘 역시 무게를 견디는 사이 안쪽이 단단해지는 해라고 말하고 있었습니다. | G3: 미검수
A4: Q2_01_IM_4 | B4: 버텨 | C4: intro_match | D4: 4 | E4: 쉽게 흔들리지 않으려 애쓴 시간이 보입니다. 하늘도 ‘버텨’라는 말처럼 자리를 지켜 내는 흐름을 그리고 있었어요. | G4: 미검수
A5: Q2_01_IM_5 | B5: 버텨 | C5: intro_match | D5: 5 | E5: 하늘이 그린 올해의 모양과 당신의 ‘버텨’가 같은 곳을 가리키고 있어요. 바람을 맞으면서도 제자리를 지킨 한 해로 읽힙니다. | G5: 미검수
A6: Q2_01_ID_2 | B6: 버텨 | C6: intro_differ | D6: 2 | E6: 올해를 ‘버텨’로 기억한다면 그만큼 견딘 시간이 있었다는 뜻이고, 그 기억이 가장 정확합니다. 하늘은 그 곁에서 힘을 빼도 괜찮았던 순간들도 함께 보여 주고 있었어요. | G6: 미검수
A7: Q2_01_ID_3 | B7: 버텨 | C7: intro_differ | D7: 3 | E7: 버틴 사람만 아는 무게가 있죠. ‘버텨’라는 당신의 말이 먼저이고, 하늘은 그 옆에서 조금 다른 결의 이야기를 하나 더 들려주고 있었습니다. | G7: 미검수
A8: Q2_01_ID_4 | B8: 버텨 | C8: intro_differ | D8: 4 | E8: 하늘의 흐름만 보면 올해는 조금 다른 색으로 읽히기도 합니다. 그래도 ‘버텨’라고 답한 당신의 체감이 가장 정확하고, 하늘의 이야기는 그 곁에 놓아 두는 또 하나의 시선이에요. | G8: 미검수
A9: Q2_01_ID_5 | B9: 버텨 | C9: intro_differ | D9: 5 | E9: 하루하루를 ‘버텨’ 온 마음, 그대로 믿으셔도 됩니다. 하늘은 그 시간 아래에서 천천히 쌓이던 여유에 대해서도 말하고 있었어요. | G9: 미검수
A10: Q2_01_CL_2 | B10: 버텨 | C10: closing | D10: 2 | E10: 견디는 동안 놓치지 않은 것들이 지금의 나를 지탱하고 있습니다. 올해 끝까지 지켜 낸 것 하나를 떠올리며 잠깐 숨을 골라 보세요. | G10: 미검수
A11: Q2_01_CL_3 | B11: 버텨 | C11: closing | D11: 3 | E11: 버티는 일에도 힘이 들고, 그 힘을 쓴 건 바로 당신입니다. 이번 주에는 하루쯤 아무것도 해내지 않아도 되는 저녁을 남겨 두세요. | G11: 미검수
A12: Q2_01_CL_4 | B12: 버텨 | C12: closing | D12: 4 | E12: 버틴 날들이 모두 근사하지 않았어도 괜찮아요. 그 하루하루가 모여 다음 해에 기댈 바닥이 되어 줍니다. | G12: 미검수
A13: Q2_01_CL_5 | B13: 버텨 | C13: closing | D13: 5 | E13: 올해를 버텨 낸 방법을 한 가지 적어 두면 좋아요. 다음에 힘이 들 때 그 메모가 나만의 작은 안내서가 되어 줄 수 있습니다. | G13: 미검수
... A61: Q2_05_CL_5 | B61: 성취 | C61: closing | D61: 5 | E61: 다음 목표는 조금 숨을 고른 뒤에 세워도 늦지 않아요. 올해 나를 여기까지 데려온 마음을 먼저 기억해 두면 좋습니다. | G61: 미검수
A62: Q2_06_IM_2 | B62: 이별 | C62: intro_match | D62: 2 | E62: 하늘도 올해를 익숙한 것과 작별하는 흐름으로 보여 주고 있었어요. ‘이별’이라는 말을 고르기까지 마음이 많이 무거웠을 것 같습니다. | F62: 부드러운 톤(soft=Y): 이별의 대상을 특정하지 않았고, 관계를 끝내라는 권유·극복 압박 없이 썼습니다. | G62: 미검수
A63: Q2_06_IM_3 | B63: 이별 | C63: intro_match | D63: 3 | E63: 무언가를 떠나보낸 시간이 ‘이별’이라는 한 단어에 담겨 있네요. 하늘 역시 올해를 정든 것과 거리가 생기는 흐름으로 그리고 있었습니다. | G63: 미검수
A64: Q2_06_IM_4 | B64: 이별 | C64: intro_match | D64: 4 | E64: ‘이별’을 고른 마음을 조심스럽게 받아 듭니다. 하늘에서도 한 시절이 저물고 자리가 비워지는 흐름이 보였어요. | G64: 미검수
A65: Q2_06_IM_5 | B65: 이별 | C65: intro_match | D65: 5 | E65: 올해의 하늘은 문 하나가 조용히 닫히는 장면에 가까웠어요. 그 앞에서 ‘이별’이라고 답한 마음의 무게를 조용히 헤아려 봅니다. | G65: 미검수
A66: Q2_06_ID_2 | B66: 이별 | C66: intro_differ | D66: 2 | E66: 올해를 ‘이별’로 기억한다면, 그 기억이 무엇보다 정확합니다. 하늘은 그 곁에서 마음이 쉬어 갈 자리에 대해서도 말하고 있었어요. | F66: 부드러운 톤(soft=Y): 이별의 대상을 특정하지 않았고, 관계를 끝내라는 권유·극복 압박 없이 썼습니다. | G66: 미검수
A67: Q2_06_ID_3 | B67: 이별 | C67: intro_differ | D67: 3 | E67: 떠나보낸 것의 무게는 겪은 사람만이 압니다. ‘이별’이라는 당신의 답을 먼저 두고, 하늘의 이야기는 마음이 허락할 때 천천히 들어도 괜찮아요. | G67: 미검수
A68: Q2_06_ID_4 | B68: 이별 | C68: intro_differ | D68: 4 | E68: 하늘의 그림은 조금 다른 쪽을 비추고 있었지만, ‘이별’을 지나온 당신의 마음이 가장 정확합니다. 하늘의 이야기는 지금 꼭 받아들이지 않아도 괜찮아요. | G68: 미검수
A69: Q2_06_ID_5 | B69: 이별 | C69: intro_differ | D69: 5 | E69: 무언가와 작별한 한 해였다면, ‘이별’이라는 그 말보다 정확한 것은 없습니다. 하늘은 그 시간 속에서도 끊어지지 않고 남아 있던 작은 연결들에 대해 이야기하고 있었어요. | G69: 미검수
A70: Q2_06_CL_2 | B70: 이별 | C70: closing | D70: 2 | E70: 이별의 마음은 정해진 속도 없이 오고 갑니다. 그리운 날이 있다면 그리워하는 것도 괜찮아요. | F70: 부드러운 톤(soft=Y): 이별의 대상을 특정하지 않았고, 관계를 끝내라는 권유·극복 압박 없이 썼습니다. | G70: 미검수
A71: Q2_06_CL_3 | B71: 이별 | C71: closing | D71: 3 | E71: 아픈 마음을 정리하려 애쓰지 않아도 됩니다. 오늘은 따뜻한 것을 마시며 나를 조금 돌봐 주는 것만으로 충분해요. | G71: 미검수
A72: Q2_06_CL_4 | B72: 이별 | C72: closing | D72: 4 | E72: 혼자 감당하기 무거운 날에는 믿을 만한 사람에게 마음을 조금 나눠 보세요. 함께 있어 주는 사람이 있다는 것만으로도 숨이 조금 편해질 수 있습니다. | G72: 미검수
A73: Q2_06_CL_5 | B73: 이별 | C73: closing | D73: 5 | E73: 마음이 조금 가라앉은 날, 내 곁에 남아 있는 것들을 천천히 둘러봐도 좋아요. 오늘 하루 나를 편하게 해 준 것 하나만 기억해 두셔도 충분합니다. | G73: 미검수
A74: Q2_07_IM_2 | B74: 고생 | C74: intro_match | D74: 2 | E74: 하늘도 올해를 어깨가 무거운 해로 읽고 있었어요. ‘고생’이라는 말이 그냥 나온 것이 아니었다는 뜻입니다. | F74: 부드러운 톤(soft=Y): 수고를 먼저 인정하고, 쉼·기대기 제안까지만 썼습니다. | G74: 미검수
A75: Q2_07_IM_3 | B75: 고생 | C75: intro_match | D75: 3 | E75: 쉽지 않은 날이 많았다는 게 ‘고생’이라는 한 단어에서 느껴집니다. 하늘 역시 올해를 애쓰는 만큼 짐도 함께 지는 흐름으로 그리고 있었어요. | G75: 미검수
A76: Q2_07_IM_4 | B76: 고생 | C76: intro_match | D76: 4 | E76: ‘고생’, 그 말 그대로의 한 해였군요. 하늘에서도 해야 할 일과 책임이 겹겹이 쌓이는 흐름이 보였습니다. | G76: 미검수
A77: Q2_07_IM_5 | B77: 고생 | C77: intro_match | D77: 5 | E77: 오르막길이 길게 이어지는 한 해, 하늘도 올해를 그렇게 그리고 있었습니다. 그 길을 걸어온 당신이 ‘고생’이라고 답한 건 너무나 자연스러워요. | G77: 미검수
A78: Q2_07_ID_2 | B78: 고생 | C78: intro_differ | D78: 2 | E78: 올해를 ‘고생’으로 기억한다면 그 기억이 가장 정확합니다. 하늘은 그 곁에서 잠시 짐을 내려놓을 수 있는 순간들에 대해서도 이야기하고 있었어요. | F78: 부드러운 톤(soft=Y): 수고를 먼저 인정하고, 쉼·기대기 제안까지만 썼습니다. | G78: 미검수
A79: Q2_07_ID_3 | B79: 고생 | C79: intro_differ | D79: 3 | E79: 누가 알아주지 않아도 애쓴 시간은 분명히 있었습니다. ‘고생’이라는 당신의 말을 그대로 믿으며, 하늘이 들려주는 다른 이야기도 하나 조심스럽게 꺼내 볼게요. | G79: 미검수
A80: Q2_07_ID_4 | B80: 고생 | C80: intro_differ | D80: 4 | E80: 같은 하늘 아래에서도 한 해의 무게는 사람마다 다르게 느껴집니다. ‘고생’을 지나온 당신의 체감이 먼저이고, 하늘의 이야기는 그다음에 들어도 늦지 않아요. | G80: 미검수
A81: Q2_07_ID_5 | B81: 고생 | C81: intro_differ | D81: 5 | E81: 쉬지 못하고 달려온 한 해, ‘고생’이라는 그 답을 존중합니다. 하늘은 그 시간 안에서 당신을 돕던 손길에 대해서도 말하고 있었어요. | G81: 미검수
A82: Q2_07_CL_2 | B82: 고생 | C82: closing | D82: 2 | E82: 오늘은 나에게 해야 할 일 대신 쉴 시간을 먼저 건네 보세요. 고생한 시간을 증명하려 애쓰지 않아도, 그 수고는 이미 충분했습니다. | F82: 부드러운 톤(soft=Y): 수고를 먼저 인정하고, 쉼·기대기 제안까지만 썼습니다. | G82: 미검수
A83: Q2_07_CL_3 | B83: 고생 | C83: closing | D83: 3 | E83: 지친 마음은 혼자 들고 있을 때 더 무거워집니다. 가까운 사람에게 올해 힘들었다고 한마디 털어놓는 것만으로도 조금 가벼워질 수 있어요. | G83: 미검수
A84: Q2_07_CL_4 | B84: 고생 | C84: closing | D84: 4 | E84: 고생이 끝났는지 아직 이어지는지와 상관없이, 지금의 피로를 돌보는 것이 먼저예요. 잠드는 시간을 조금 앞당기는 것처럼 작은 쉼부터 챙겨 보셔도 좋습니다. | G84: 미검수
A85: Q2_07_CL_5 | B85: 고생 | C85: closing | D85: 5 | E85: 힘든 한 해를 지나온 것만으로도 충분히 애쓰신 거예요. 연말의 계획표는 잠시 비워 두고, 나를 쉬게 하는 일 하나만 적어 두셔도 됩니다. | G85: 미검수
A86: Q2_08_IM_2 | B86: 그만하자 | C86: intro_match | D86: 2 | E86: 하늘도 올해를 힘을 쏟던 자리에서 한 걸음 물러나고 싶어지는 흐름으로 보여 주고 있었어요. ‘그만하자’라는 말이 나올 만큼 마음이 고단했던 한 해였을 것 같습니다. | F86: 부드러운 톤(soft=Y): 무언가를 그만두라고 권하지 않고, 지친 마음 인정과 쉼 제안까지만 썼습니다. | G86: 미검수
A87: Q2_08_IM_3 | B87: 그만하자 | C87: intro_match | D87: 3 | E87: 많이 애쓰고 많이 지친 시간이 ‘그만하자’라는 말에 고스란히 묻어 있네요. 하늘 역시 올해를 쉼과 정리가 필요한 해로 그리고 있었습니다. | G87: 미검수
A88: Q2_08_IM_4 | B88: 그만하자 | C88: intro_match | D88: 4 | E88: ‘그만하자’는 말에는 그동안의 수고가 다 들어 있습니다. 하늘에서도 더 밀어붙이기보다 힘을 거두고 싶어지는 흐름이 보였어요. | G88: 미검수
A89: Q2_08_IM_5 | B89: 그만하자 | C89: intro_match | D89: 5 | E89: 긴 길 끝에서 잠시 앉아 쉬고 싶어지는 마음, 하늘도 올해를 그런 흐름으로 그리고 있었어요. 그 마음으로 ‘그만하자’를 고른 당신을 충분히 이해합니다. | G89: 미검수
A90: Q2_08_ID_2 | B90: 그만하자 | C90: intro_differ | D90: 2 | E90: 올해를 ‘그만하자’로 정리했다면, 그만큼 지친 마음이 가장 정확한 답입니다. 하늘은 그 곁에서 당신을 아껴 주는 것들에 대해서도 조용히 말하고 있었어요. | F90: 부드러운 톤(soft=Y): 무언가를 그만두라고 권하지 않고, 지친 마음 인정과 쉼 제안까지만 썼습니다. | G90: 미검수
A91: Q2_08_ID_3 | B91: 그만하자 | C91: intro_differ | D91: 3 | E91: ‘그만하자’는 말이 나오기까지 얼마나 오래 참아 왔을지 다 헤아리기 어렵습니다. 그 마음이 먼저이고, 하늘은 그 곁에 다른 이야기 하나를 조용히 놓아 두고 있었어요. | G91: 미검수
A92: Q2_08_ID_4 | B92: 그만하자 | C92: intro_differ | D92: 4 | E92: 지금은 하늘의 이야기보다 당신의 마음이 더 중요합니다. ‘그만하자’라고 느낀 그 마음을 그대로 두고, 하늘이 건네는 다른 이야기는 여유가 생길 때 살펴봐도 괜찮아요. | G92: 미검수
A93: Q2_08_ID_5 | B93: 그만하자 | C93: intro_differ | D93: 5 | E93: 오래 버텨 온 끝에 나온 말, ‘그만하자’를 그대로 존중합니다. 하늘은 그 시간 속에서도 당신을 쉬게 해 줄 자리에 대해 말하고 있었어요. | G93: 미검수
A94: Q2_08_CL_2 | B94: 그만하자 | C94: closing | D94: 2 | E94: 그만하고 싶다는 마음을 부끄러워하지 않아도 됩니다. 오늘 하루만큼은 해야 할 일 대신 나를 편하게 하는 일을 하나 골라 보세요. | F94: 부드러운 톤(soft=Y): 무언가를 그만두라고 권하지 않고, 지친 마음 인정과 쉼 제안까지만 썼습니다. | G94: 미검수
A95: Q2_08_CL_3 | B95: 그만하자 | C95: closing | D95: 3 | E95: 기댈 곳이 있다면 지금 기대도 괜찮아요. 누군가 곁에서 이야기를 들어 주는 것만으로도 마음의 짐이 조금 나뉠 수 있습니다. | G95: 미검수
A96: Q2_08_CL_4 | B96: 그만하자 | C96: closing | D96: 4 | E96: 애써 온 날들이 있었기에 지금 이렇게 지친 거예요. 이번 주에는 잠을 조금 더 자거나 좋아하는 곳에 잠시 머무는 것처럼 아주 작은 쉼 하나를 챙겨 두면 좋겠습니다. | G96: 미검수
A97: Q2_08_CL_5 | B97: 그만하자 | C97: closing | D97: 5 | E97: 내려놓고 싶은 마음이 든다는 건 그만큼 오래 들고 있었다는 뜻이기도 합니다. 오늘은 그 무게를 잠시 바닥에 내려놓고 쉬어 가셔도 괜찮아요. | G97: 미검수
A98: Q2_09_IM_2 | B98: 시작 | C98: intro_match | D98: 2 | E98: 하늘도 올해를 새 문이 열리고 첫발을 내딛는 해로 그리고 있었어요. ‘시작’이라는 답과 잘 맞는 흐름입니다. | G98: 미검수
A99: Q2_09_IM_3 | B99: 시작 | C99: intro_match | D99: 3 | E99: 새로운 것에 손을 내민 한 해가 ‘시작’이라는 말에서 느껴집니다. 하늘 역시 새 장을 펼치는 흐름을 보여 주고 있었어요. | G99: 미검수
A100: Q2_09_IM_4 | B100: 시작 | C100: intro_match | D100: 4 | E100: ‘시작’이라는 답이 올해의 하늘과 나란히 놓입니다. 씨앗을 심고 첫 줄을 쓰는 흐름이 보였어요. | G100: 미검수
A101: Q2_09_IM_5 | B101: 시작 | C101: intro_match | D101: 5 | E101: 올해의 하늘은 빈 공책의 첫 장을 넘기는 장면에 가까웠어요. 그 첫 장에 ‘시작’이라고 적은 사람이 바로 당신입니다. | G101: 미검수
A102: Q2_09_ID_2 | B102: 시작 | C102: intro_differ | D102: 2 | E102: 올해를 ‘시작’으로 기억한다면 그 감각이 가장 정확합니다. 하늘은 그 곁에서 새것이 자리 잡도록 속도를 고르는 이야기도 하고 있었어요. | G102: 미검수
A103: Q2_09_ID_3 | B103: 시작 | C103: intro_differ | D103: 3 | E103: 작게라도 첫걸음을 뗐다면 그것만으로 ‘시작’이라는 답은 충분히 정확합니다. 하늘은 그 곁에서 뿌리를 내리는 시간에 대한 이야기도 함께 보태고 있었어요. | G103: 미검수
A104: Q2_09_ID_4 | B104: 시작 | C104: intro_differ | D104: 4 | E104: 하늘이 그린 올해는 조금 다른 색이었지만, ‘시작’을 직접 겪은 당신의 체감이 먼저예요. 두 이야기를 겹쳐 보면 지금 시작한 것을 어떻게 키울지 실마리가 보일 수 있습니다. | G104: 미검수
A105: Q2_09_ID_5 | B105: 시작 | C105: intro_differ | D105: 5 | E105: 새로운 무언가에 발을 들인 한 해, ‘시작’이라는 그 답을 존중합니다. 하늘은 그 시간 아래에서 천천히 다져지던 기반에 대해서도 이야기하고 있었어요. | G105: 미검수
A106: Q2_09_CL_2 | B106: 시작 | C106: closing | D106: 2 | E106: 시작한 것이 아직 작아 보여도 괜찮아요. 처음의 마음을 한 줄로 적어 두면 흔들릴 때 다시 꺼내 볼 수 있습니다. | G106: 미검수
... A121: Q2_10_CL_5 | B121: 설렘 | C121: closing | D121: 5 | E121: 내년에도 설렐 거리를 하나 미리 심어 두면 어떨까요. 가 보고 싶은 곳이나 배우고 싶은 것을 하나 정해 두는 것만으로 충분합니다. | G121: 미검수

Sheet A13 Q3 바람 × 판정 (이루어짐)
A1: ID | B1: Q3 바람 | C1: 판정 | D1: 본문(3~4문장) | E1: 5년 표 한 줄 | F1: 순풍 해가 없을 때(열리는 해만) | G1: 검수 메모 | H1: 검수상태 | I1: 수정 문장 | J1: 상담사 메모
A2: WISH_01_FAV | B2: 안정 | C2: 활짝 열리는 해(순풍) | D2: 다가오는 해는 안정이 활짝 열리는 해(순풍)예요. {{근거}} 때라 집과 생활의 바탕이 한결 넓고 든든해지기 쉽습니다. 새로 벌이기보다 지금의 집·일·사람을 정돈할 때 이 흐름을 가장 잘 잡을 수 있어요. 다만 편안해졌다고 모든 것을 서둘러 굳히기보다 한 걸음씩 자리를 잡아 주세요. | E2: 활짝 열리는 해(순풍) · 생활의 바탕을 넓히기 좋은 해 | G2: 공통: ‘다가오는 해’는 리포트 기준 다음 해(내년)입니다. 판정 이름은 늘 두 말을 함께 씁니다. 순풍 행의 {{근거}}는 목성 구절(예: ‘목성이 집·뿌리의 자리를 지나는’), 역풍 행은 토성 구절을 전제로 뒤에 ‘때라/흐름이라/덕분에’를 붙였습니다. | H2: 미검수
A3: WISH_01_NEU | B3: 안정 | C3: 내 손에 달린 해(보통) | D3: 안정이라는 바람으로 보면 다가오는 해는 내 손에 달린 해(보통)입니다. 하늘이 어느 한쪽으로 크게 기울지 않아, 매일 무엇을 고르고 얼마나 꾸준히 지키느냐가 결과를 좌우해요. 잠드는 시간이나 장보는 요일처럼 바쁜 날에도 지킬 기준 하나를 먼저 정해 보세요. | E3: 내 손에 달린 해(보통) · 작은 기준이 안정을 만드는 해 | G3: 공통: 보통 판정은 근거 구절이 없을 수 있어 {{근거}}를 넣지 않았고, ‘돕는 흐름과 무게가 함께 있는 경우’와 ‘어느 쪽도 크지 않은 경우’ 모두에 맞는 말로 썼습니다. | H3: 미검수
A4: WISH_01_HEAD | B4: 안정 | C4: 기반을 다지는 해(역풍) | D4: 다가오는 해는 안정을 바로 얻기는 쉽지 않은, 기반을 다지는 해(역풍)입니다. {{근거}} 때라 집과 생활을 지키는 책임이 무겁게 느껴지거나 일이 생각보다 더디게 풀리기 쉬워요. 모든 것을 지키려 하기보다 꼭 지킬 것 하나를 정하고 그 둘레부터 다지는 편이 좋습니다. 이렇게 다진 바탕은 쉽게 무너지지 않는 나만의 안정이 되어 줄 수 있어요. | E4: 기반을 다지는 해(역풍) · 지킬 것 하나를 단단히 하는 해 | G4: 공통: 역풍의 장애는 토성(책임·무게·지연·시험)으로만 쓰고 변화·흔들림은 장애로 쓰지 않았습니다. 첫 순풍 연도 안내는 같은 바람의 열리는 해 행(OPEN)을 이어 붙이는 것을 전제로 했습니다. | H4: 미검수
A5: WISH_01_OPEN | B5: 안정 | C5: 열리는 해 | D5: {{열리는해}}에는 {{근거}} 덕분에 바라던 안정이 한층 가까워져요. 그해에는 생활의 자리를 넓히기보다 뿌리를 내리는 쪽으로 힘을 쓰는 것이 좋습니다. 그 전까지 잠, 지출, 가까운 사람처럼 매일의 바탕을 하나씩 다져 두면 그 흐름을 더 오래 붙잡을 수 있어요. | E5: 열리는 해 · 안정이 가장 가까워지는 해 | F5: 앞으로 다섯 해 안에 안정이 활짝 열리는 해는 따로 보이지 않아, 하늘의 큰 도움보다 내가 쌓는 힘이 결과를 좌우합니다. 그중 {{가까운해}}에 안정이 가장 가까워지니, 그때를 바라보며 매일 지킬 작은 기준부터 쌓아 가 보세요. | G5: 공통: fallback_text는 다섯 해 안에 활짝 열리는 해(순풍)가 없을 때만 씁니다. {{열리는해}}·{{가까운해}} 뒤에는 받침과 무관한 ‘에는/에’만 붙였습니다. | H5: 미검수
A6: WISH_02_FAV | B6: 도약 | C6: 활짝 열리는 해(순풍) | D6: 도약을 바라는 당신에게 다가오는 해는 활짝 열리는 해(순풍)입니다. {{근거}} 흐름이라 새 역할이나 도전에 문이 열리기 쉬워요. 미뤄 둔 제안이나 하고 싶던 일을 작은 형태로라도 먼저 꺼내 보면 이 흐름을 잡기 좋습니다. 다만 속도가 붙을수록 일정과 체력에는 여유를 넉넉히 남겨 두세요. | E6: 활짝 열리는 해(순풍) · 미뤄 둔 도전을 꺼내기 좋은 해 | H6: 미검수
A7: WISH_02_NEU | B7: 도약 | C7: 내 손에 달린 해(보통) | D7: 도약이라는 바람에서 다가오는 해는 내 손에 달린 해(보통)예요. 밀어주는 힘과 붙잡는 힘이 엇비슷해, 어디로 얼마나 뛸지는 내 선택과 꾸준함이 정합니다. 해 보고 싶은 일 하나를 정해 한 달에 한 번씩 작게 시도해 보는 것부터 시작해 보세요. 움직임이 많은 해라면 그 흐름이 도약을 거들어 줄 수도 있어요. | E7: 내 손에 달린 해(보통) · 내가 고른 방향이 길이 되는 해 | G7: 변화를 바라는 바람이라 움직임이 많은 해의 도움을 한 문장으로 가볍게 덧붙였습니다. 움직임 문장(B9)과 겹치면 마지막 문장은 빼도 됩니다. | H7: 미검수
A8: WISH_02_HEAD | B8: 도약 | C8: 기반을 다지는 해(역풍) | D8: 다가오는 해는 도약보다 발판을 마련하는, 기반을 다지는 해(역풍)입니다. {{근거}} 때라 일과 역할의 책임이 무거워지고 결과가 기대보다 더디게 나오기 쉬워요. 지금은 실력과 준비물을 하나씩 채우고 뛸 때를 고르는 눈을 기르는 편이 좋습니다. 이 시기에 다진 발판이 다음 도약의 높이를 받쳐 줄 수 있어요. | E8: 기반을 다지는 해(역풍) · 다음 도약의 발판을 다지는 해 | H8: 미검수
A9: WISH_02_OPEN | B9: 도약 | C9: 열리는 해 | D9: {{열리는해}}에는 {{근거}} 덕분에 바라던 도약이 한층 가까워져요. 그해에는 미뤄 두었던 도전이나 새 역할을 꺼내 보기 좋습니다. 그 전까지 실력과 포트폴리오, 함께할 사람을 차근차근 준비해 두면 열리는 문을 더 자신 있게 지나갈 수 있어요. | E9: 열리는 해 · 도약이 가장 가까워지는 해 | F9: 앞으로 다섯 해는 활짝 열리는 해보다 내가 쌓는 실력과 준비가 도약을 좌우하는 시기예요. 그중 {{가까운해}}에 도약이 가장 가까워지므로, 그때를 목표로 준비를 한 칸씩 쌓아 두면 좋습니다. | H9: 미검수
A10: WISH_03_FAV | B10: 회복 | C10: 활짝 열리는 해(순풍) | D10: 회복을 바란다면, 다가오는 해는 활짝 열리는 해(순풍)예요. {{근거}} 때라 무리하지 않아도 에너지가 조금씩 차오르기 쉽습니다. 일정 사이에 비워 둘 시간을 먼저 정해 두면 이 흐름을 잘 받을 수 있어요. 다만 기운이 돌아왔다고 바로 예전 속도를 내기보다 한 단계씩 올려 주세요. | E10: 활짝 열리는 해(순풍) · 에너지를 채우기 좋은 해 | H10: 미검수
A11: WISH_03_NEU | B11: 회복 | C11: 내 손에 달린 해(보통) | D11: 회복은 다가오는 해에 내 손에 달린 해(보통)입니다. 돕는 흐름과 무게가 함께 있거나 어느 쪽도 크지 않아, 쉼을 얼마나 일정에 넣느냐가 회복의 속도를 좌우해요. 한 주에 하루, 아무 약속 없는 저녁을 먼저 달력에 적어 두는 것부터 해 보세요. | E11: 내 손에 달린 해(보통) · 쉼을 일정에 넣는 만큼 채워지는 해 | H11: 미검수
A12: WISH_03_HEAD | B12: 회복 | C12: 기반을 다지는 해(역풍) | D12: 다가오는 해는 회복이 더디게 느껴질 수 있는, 기반을 다지는 해(역풍)예요. {{근거}} 때라 쉬고 싶은 마음과 달리 할 일과 책임이 늘어나기 쉽습니다. 그래서 이 해에는 쉼을 남는 시간에 하는 일이 아니라 먼저 정해 두는 일로 다루는 편이 좋아요. 바쁜 와중에 지켜 낸 쉼의 습관은 그다음 해까지 이어지는 회복의 기초가 되어 줍니다. | E12: 기반을 다지는 해(역풍) · 쉼을 먼저 정해 두는 해 | H12: 미검수
A13: WISH_03_OPEN | B13: 회복 | C13: 열리는 해 | D13: {{열리는해}}에는 {{근거}} 덕분에 바라던 회복이 한층 가까워져요. 그해에는 일정과 마음에 여백을 넉넉히 두고 충전에 집중하기 좋습니다. 그 전까지 잠과 휴식의 리듬을 조금씩 지켜 두면 열리는 흐름을 더 깊이 누릴 수 있어요. | E13: 열리는 해 · 회복이 가장 가까워지는 해 | F13: 앞으로 다섯 해 안에는 회복이 활짝 열리는 해가 뚜렷하지 않아, 내가 지키는 쉼의 습관이 회복을 좌우하는 시기입니다. 그중 {{가까운해}}에 회복이 가장 가까워지니, 그때까지 하루의 쉼을 작게라도 꾸준히 지켜 주세요. | H13: 미검수
A14: WISH_04_FAV | B14: 사랑 | C14: 활짝 열리는 해(순풍) | D14: 사랑이라는 바람에서 다가오는 해는 활짝 열리는 해(순풍)입니다. {{근거}} 때라 마음을 표현하고 받아들이는 일이 한결 자연스러워지기 쉬워요. 가까운 사람에게 고마움이나 좋아하는 마음을 먼저 말로 건네 보면 이 흐름을 잘 받을 수 있습니다. 다만 상대의 속도도 나만큼 소중하다는 것을 함께 기억해 주세요. | E14: 활짝 열리는 해(순풍) · 마음을 표현하기 좋은 해 | G14: 만남·새 인연을 예측하거나 연애를 권하지 않고, 지금 있는 관계를 포함한 ‘마음을 표현하는 준비’로만 썼습니다. | H14: 미검수
A15: WISH_04_NEU | B15: 사랑 | C15: 내 손에 달린 해(보통) | D15: 사랑에 대해 다가오는 해는 내 손에 달린 해(보통)예요. 하늘의 저울이 어느 쪽으로도 크게 기울지 않아, 내가 마음을 얼마나 열어 두느냐가 관계의 온도를 좌우합니다. 내가 어떤 순간에 사랑받는다고 느끼는지 한 문장으로 적어 보는 것부터 시작해 보세요. | E15: 내 손에 달린 해(보통) · 마음을 여는 준비가 온도를 정하는 해 | H15: 미검수
A16: WISH_04_HEAD | B16: 사랑 | C16: 기반을 다지는 해(역풍) | D16: 다가오는 해는 사랑이 마음먹은 대로 닿지 않는다고 느끼기 쉬운, 기반을 다지는 해(역풍)예요. {{근거}} 때라 관계에서 맡은 몫이 무겁게 느껴지거나 기대와 현실 사이의 거리가 더 크게 보일 수 있습니다. 지금은 관계의 속도를 재촉하기보다 내가 바라는 것과 지키고 싶은 것을 차분히 정리해 두는 편이 좋아요. 그 정리는 앞으로 마음을 나눌 때 나를 지켜 주는 단단한 기준이 되어 줍니다. | E16: 기반을 다지는 해(역풍) · 내 마음의 기준을 정리하는 해 | G16: 이별 권유로 읽히지 않도록 이전 ‘관계의 결론을 서두르기보다’를 ‘관계의 속도를 재촉하기보다’로 바꿨습니다. | H16: 미검수
A17: WISH_04_OPEN | B17: 사랑 | C17: 열리는 해 | D17: {{열리는해}}에는 {{근거}} 덕분에 바라던 사랑이 한층 가까워져요. 그해에는 마음을 표현하고 다정함을 나누는 일이 한결 수월하게 느껴지기 쉽습니다. 그 전까지 나를 아끼는 방법과 관계에서 바라는 것을 차분히 알아 두면 그 흐름을 더 편안하게 맞을 수 있어요. | E17: 열리는 해 · 사랑이 가장 가까워지는 해 | F17: 앞으로 다섯 해는 활짝 열리는 해보다 내가 마음을 여는 준비가 사랑을 좌우하는 시기예요. 그중 {{가까운해}}에 사랑이 가장 가까워지므로, 그때까지 나를 아끼는 연습과 마음을 표현하는 연습을 함께 쌓아 가면 좋습니다. | H17: 미검수
A18: WISH_05_FAV | B18: 좋은 사람들 | C18: 활짝 열리는 해(순풍) | D18: 다가오는 해는 좋은 사람들과의 인연이 활짝 열리는 해(순풍)예요. {{근거}} 때라 모임이나 함께하는 일에서 마음 맞는 사람과 이어지기 쉽습니다. 가고 싶던 모임에 한 번 나가 보거나 오래 연락하지 못한 사람에게 먼저 안부를 건네 보세요. 다만 모든 자리에 다 가려 하기보다 나에게 맞는 자리를 골라 가는 것이 좋습니다. | E18: 활짝 열리는 해(순풍) · 먼저 안부를 건네기 좋은 해 | H18: 미검수
A19: WISH_05_NEU | B19: 좋은 사람들 | C19: 내 손에 달린 해(보통) | D19: 사람과의 인연에서 다가오는 해는 내 손에 달린 해(보통)입니다. 하늘이 어느 한쪽으로 크게 기울지 않는 만큼, 내가 먼저 건네는 연락 하나가 관계의 모양을 좌우해요. 한 달에 한 사람, 고마운 사람에게 짧은 안부를 보내는 것부터 해 보세요. | E19: 내 손에 달린 해(보통) · 먼저 건넨 연락이 관계를 만드는 해 | H19: 미검수
A20: WISH_05_HEAD | B20: 좋은 사람들 | C20: 기반을 다지는 해(역풍) | D20: 좋은 사람들을 바란다면, 다가오는 해는 관계를 넓히기보다 기반을 다지는 해(역풍)예요. {{근거}} 때라 모임이나 공동체에서 맡을 책임이 늘거나 기대한 만큼 마음이 돌아오지 않는다고 느낄 수 있습니다. 지금은 이미 곁에 있는 몇 사람과의 연결을 깊게 하는 편이 좋아요. 이 시기를 지나며 오래 함께할 좋은 사람이 누구인지 더 또렷해지기도 합니다. | E20: 기반을 다지는 해(역풍) · 곁의 몇 사람을 깊게 하는 해 | H20: 미검수
A21: WISH_05_OPEN | B21: 좋은 사람들 | C21: 열리는 해 | D21: {{열리는해}}에는 {{근거}} 덕분에 마음 맞는 사람들과 이어지기가 한층 수월해져요. 그해에는 새 모임이나 함께하는 일에 문을 열어 두기 좋습니다. 그 전까지 지금 곁에 있는 사람들과의 관계를 정성껏 가꿔 두면 좋은 인연이 머물 자리가 넉넉해져요. | E21: 열리는 해 · 좋은 사람들과 가장 가까워지는 해 | F21: 앞으로 다섯 해 안에 좋은 인연이 활짝 열리는 해는 따로 보이지 않아, 내가 가꾸는 관계의 힘이 인연의 모양을 좌우하는 시기입니다. 그중 {{가까운해}}에 좋은 사람들과 가장 가까워지기 쉬우니, 그때까지 고마운 사람에게 먼저 안부를 건네는 습관을 이어 가 보세요. | H21: 미검수
A22: WISH_06_FAV | B22: 여유 | C22: 활짝 열리는 해(순풍) | D22: 여유를 바라는 당신에게 다가오는 해는 활짝 열리는 해(순풍)예요. {{근거}} 때라 마음의 속도를 늦추고 즐거움을 누리기 쉽습니다. 하고 싶었던 취미나 짧은 여행처럼 나를 위한 시간을 미리 달력에 적어 두면 좋아요. 다만 여유가 생긴 자리를 다른 일로 금세 채우지 않도록 살펴 주세요. | E22: 활짝 열리는 해(순풍) · 나를 위한 시간을 누리기 좋은 해 | H22: 미검수
A23: WISH_06_NEU | B23: 여유 | C23: 내 손에 달린 해(보통) | D23: 여유에 관해 다가오는 해는 내 손에 달린 해(보통)입니다. 밀어주는 힘과 붙잡는 힘이 엇비슷해서, 무엇을 덜어 내느냐가 여유의 크기를 좌우해요. 이번 주 할 일 목록에서 꼭 내가 하지 않아도 되는 일 하나를 지워 보는 것부터 시작해 보세요. | E23: 내 손에 달린 해(보통) · 덜어 내는 만큼 넉넉해지는 해 | H23: 미검수
A24: WISH_06_HEAD | B24: 여유 | C24: 기반을 다지는 해(역풍) | D24: 다가오는 해는 여유보다 해야 할 일이 먼저 밀려오기 쉬운, 기반을 다지는 해(역풍)입니다. {{근거}} 때라 일정과 책임이 겹치며 마음이 급해질 수 있어요. 큰 여유를 기다리기보다 하루 중 짧은 쉼표 몇 개를 지키는 편이 현실적입니다. 바쁜 해에 지켜 낸 작은 여유는 나에게 맞는 속도를 알려 주는 기준으로 남아요. | E24: 기반을 다지는 해(역풍) · 하루의 작은 쉼표를 지키는 해 | H24: 미검수
A25: WISH_06_OPEN | B25: 여유 | C25: 열리는 해 | D25: {{열리는해}}에는 {{근거}} 덕분에 바라던 여유가 한층 가까워져요. 그해에는 속도를 늦추고 즐거움과 쉼을 누리는 데 마음을 써도 좋습니다. 그 전까지 덜어 낼 일과 지킬 일을 하나씩 구분해 두면 찾아온 여유를 온전히 내 것으로 누릴 수 있어요. | E25: 열리는 해 · 여유가 가장 가까워지는 해 | F25: 앞으로 다섯 해는 활짝 열리는 해보다 내가 덜어 내는 힘이 여유를 좌우하는 시기예요. 그중 {{가까운해}}에 여유가 가장 가까워지니, 그때까지 하루에 하나씩 덜어 내는 연습을 이어 가면 좋습니다. | H25: 미검수
A26: WISH_07_FAV | B26: 건강한 생활 | C26: 활짝 열리는 해(순풍) | D26: 생활 습관을 가꾸고 싶은 당신에게, 다가오는 해는 건강한 생활이 활짝 열리는 해(순풍)입니다. {{근거}} 때라 새로운 생활 습관을 들이고 이어 가기 쉬워요. 잠드는 시간, 걷기, 식사 시간처럼 작은 루틴 하나를 정해 매일 같은 때에 해 보면 좋습니다. 다만 의욕이 날수록 여러 습관을 한꺼번에 시작하기보다 하나씩 늘려 가 주세요. | E26: 활짝 열리는 해(순풍) · 새 루틴을 들이기 좋은 해 | G26: 몸 상태·질병 언급 없이 루틴·습관만 다뤘습니다. | H26: 미검수
A27: WISH_07_NEU | B27: 건강한 생활 | C27: 내 손에 달린 해(보통) | D27: 건강한 생활을 바란다면, 다가오는 해는 내 손에 달린 해(보통)예요. 돕는 흐름과 무게가 함께 있거나 어느 쪽도 크지 않아, 매일 반복하는 작은 선택이 생활의 결을 좌우합니다. 아침에 물 한 잔, 저녁에 짧은 산책처럼 부담 없는 습관 하나부터 시작해 보세요. | E27: 내 손에 달린 해(보통) · 작은 습관이 생활의 결을 만드는 해 | H27: 미검수
A28: WISH_07_HEAD | B28: 건강한 생활 | C28: 기반을 다지는 해(역풍) | D28: 다가오는 해는 마음먹은 루틴을 이어 가는 데 힘이 드는, 기반을 다지는 해(역풍)예요. {{근거}} 때라 맡은 일과 책임이 늘면서 생활 리듬을 지킬 틈이 줄어들기 쉽습니다. 완벽한 계획보다 바쁜 날에도 지킬 수 있는 가장 작은 습관 하나를 정해 두는 편이 좋아요. 무게가 실린 해에 지켜 낸 작은 루틴은 이후 생활을 받쳐 주는 단단한 바닥이 되어 줄 수 있어요. | E28: 기반을 다지는 해(역풍) · 가장 작은 습관 하나를 지키는 해 | H28: 미검수
A29: WISH_07_OPEN | B29: 건강한 생활 | C29: 열리는 해 | D29: {{열리는해}}에는 {{근거}} 덕분에 바라던 건강한 생활 리듬이 한층 가까워져요. 그해에는 새로운 루틴을 들이고 자리 잡게 하기 좋습니다. 그 전까지 잠과 식사 시간처럼 기본 리듬을 조금씩 맞춰 두면 그해의 습관이 더 쉽게 몸에 붙어요. | E29: 열리는 해 · 건강한 생활 리듬이 가장 가까워지는 해 | F29: 앞으로 다섯 해 안에는 건강한 생활이 활짝 열리는 해가 뚜렷하지 않아, 내가 이어 가는 습관이 생활 리듬을 좌우하는 시기입니다. 그중 {{가까운해}}에 건강한 생활 리듬이 가장 가까워지니, 그때까지 부담 없는 루틴 하나를 꾸준히 이어 가 보세요. | H29: 미검수
A30: WISH_08_FAV | B30: 경제적 여유 | C30: 활짝 열리는 해(순풍) | D30: 다가오는 해는 경제적 여유를 위한 기반이 활짝 열리는 해(순풍)예요. {{근거}} 때라 돈을 대하는 기준을 세우고 생활의 기반을 넓히기 쉽습니다. 고정 지출을 한 번 정리하고 매달 따로 모아 둘 몫을 정해 두면 이 흐름을 잘 쓸 수 있어요. 다만 마음이 넉넉해질수록 지출도 함께 커지기 쉬우니 큰 지출은 하루 묵혀 생각해 보세요. | E30: 활짝 열리는 해(순풍) · 돈의 기준을 세우기 좋은 해 | G30: 수입·수익·투자 예측 없이 지출 기준과 생활 기반으로만 썼습니다. 첫 문장도 ‘경제적 여유를 위한 기반이’ 열린다고 표현했습니다. | H30: 미검수
A31: WISH_08_NEU | B31: 경제적 여유 | C31: 내 손에 달린 해(보통) | D31: 경제적 여유를 바라는 마음으로 보면 다가오는 해는 내 손에 달린 해(보통)입니다. 하늘이 어느 한쪽으로 크게 기울지 않아, 매달의 지출 기준이 생활의 넉넉함을 좌우해요. 한 달 동안 지출을 꼭 필요한 것과 즐거움을 위한 것으로 나눠 적어 보는 것부터 시작해 보세요. | E31: 내 손에 달린 해(보통) · 지출 기준이 넉넉함을 만드는 해 | H31: 미검수
A32: WISH_08_HEAD | B32: 경제적 여유 | C32: 기반을 다지는 해(역풍) | D32: 다가오는 해는 돈 앞에서 여유를 느끼기 쉽지 않은, 기반을 다지는 해(역풍)입니다. {{근거}} 때라 생활을 꾸리는 책임이나 지출의 무게가 늘었다고 느끼기 쉬워요. 큰 계획보다 고정 지출을 점검하고 비상금처럼 생활의 바탕을 다지는 데 힘을 쓰는 편이 좋습니다. 이 시기에 세운 돈의 기준은 이후의 여유를 지키는 울타리가 되어 줄 수 있어요. | E32: 기반을 다지는 해(역풍) · 지출 기준과 생활의 바탕을 다지는 해 | H32: 미검수
A33: WISH_08_OPEN | B33: 경제적 여유 | C33: 열리는 해 | D33: {{열리는해}}에는 {{근거}} 덕분에 경제적 여유를 위한 생활의 기반을 다지기가 한층 수월해져요. 그해에는 돈을 쓰고 모으는 기준을 정비하고 생활의 안정을 넓히기 좋습니다. 그 전까지 매달의 지출 흐름을 꾸준히 기록해 두면 그해에 더 현실적인 기준을 세울 수 있어요. | E33: 열리는 해 · 경제적 기반이 가장 단단해지기 쉬운 해 | F33: 앞으로 다섯 해는 활짝 열리는 해보다 내가 세우는 지출 기준과 생활 리듬이 경제적 여유를 좌우하는 시기입니다. 그중 {{가까운해}}에 그 기반을 다지기 가장 좋으니, 그때까지 매달의 지출 기준을 하나씩 지켜 가 보세요. | G33: ‘경제적 여유가 가까워진다’가 수입 예측으로 읽힐 수 있어 ‘경제적 여유를 위한 생활의 기반’으로 썼습니다. | H33: 미검수
A34: WISH_09_FAV | B34: 인정 | C34: 활짝 열리는 해(순풍) | D34: 인정을 바라는 마음에 하늘이 힘을 보태는, 활짝 열리는 해(순풍)가 다가옵니다. {{근거}} 때라 그동안 해 온 일이 다른 사람의 눈에 띄기 쉬워요. 내가 한 일을 짧게 정리해 공유하거나 맡고 싶은 역할을 먼저 말해 보면 이 흐름을 잘 잡을 수 있습니다. 다만 칭찬에 힘입어 일을 더 떠안기보다 감당할 수 있는 만큼만 맡아 주세요. | E34: 활짝 열리는 해(순풍) · 해 온 일을 드러내기 좋은 해 | H34: 미검수
A35: WISH_09_NEU | B35: 인정 | C35: 내 손에 달린 해(보통) | D35: 인정에서는 다가오는 해가 내 손에 달린 해(보통)예요. 밀어주는 힘과 붙잡는 힘이 엇비슷해, 내가 한 일을 어떻게 보여 주느냐가 결과를 좌우합니다. 한 주가 끝날 때 해낸 일 세 가지를 적어 두고, 필요할 때 꺼내 말해 보세요. | E35: 내 손에 달린 해(보통) · 해낸 일을 보여 주는 만큼 돌아오는 해 | H35: 미검수
A36: WISH_09_HEAD | B36: 인정 | C36: 기반을 다지는 해(역풍) | D36: 다가오는 해는 애쓴 만큼 인정이 바로 돌아오지 않는다고 느끼기 쉬운, 기반을 다지는 해(역풍)예요. {{근거}} 때라 책임은 늘어나는데 눈에 보이는 보상은 더디게 느껴질 수 있습니다. 남의 평가를 기다리기보다 스스로 정한 기준으로 한 해의 성과를 기록해 두는 편이 좋아요. 이 시기에 쌓은 실력과 기록은 다음 기회에 나를 보여 주는 든든한 근거로 남습니다. | E36: 기반을 다지는 해(역풍) · 스스로의 기준으로 기록하는 해 | H36: 미검수
A37: WISH_09_OPEN | B37: 인정 | C37: 열리는 해 | D37: {{열리는해}}에는 {{근거}} 덕분에 바라던 인정이 한층 가까워져요. 그해에는 그동안 쌓아 온 일을 드러내고 새 역할을 맡아 보기 좋습니다. 그 전까지 해낸 일을 꾸준히 기록해 두면 기회가 왔을 때 나를 더 자신 있게 보여 줄 수 있어요. | E37: 열리는 해 · 인정이 가장 가까워지는 해 | F37: 앞으로 다섯 해 안에 인정이 활짝 열리는 해는 따로 보이지 않아, 내가 쌓는 실력과 기록이 인정을 좌우하는 시기예요. 그중 {{가까운해}}에 인정이 가장 가까워지므로, 그때를 바라보며 해낸 일을 하나씩 기록해 두면 좋습니다. | H37: 미검수
A38: WISH_10_FAV | B38: 나다움 | C38: 활짝 열리는 해(순풍) | D38: 다가오는 해는 나답게 사는 길이 활짝 열리는 해(순풍)입니다. {{근거}} 때라 내가 좋아하는 것과 원하는 방향이 또렷해지기 쉬워요. 남의 기대보다 내 마음이 끌리는 선택을 하나씩 해 보면 이 흐름을 잘 잡을 수 있습니다. 다만 나다움을 찾는 과정에서 가까운 사람과 생각을 나누는 일도 함께 챙겨 주세요. | E38: 활짝 열리는 해(순풍) · 내 방향이 또렷해지기 좋은 해 | H38: 미검수
A39: WISH_10_NEU | B39: 나다움 | C39: 내 손에 달린 해(보통) | D39: 나다움의 바람에서 보면 다가오는 해는 내 손에 달린 해(보통)예요. 하늘의 저울이 어느 쪽으로도 크게 기울지 않아, 작은 선택에서 내 마음을 얼마나 따르느냐가 결과를 좌우합니다. 이번 주에 남의 기준 말고 내 기준으로 고른 일 하나를 적어 보세요. 움직임이 많은 해라면 그 흐름도 나다움을 찾는 데 힘을 보태 줄 수 있어요. | E39: 내 손에 달린 해(보통) · 작은 선택이 나를 만드는 해 | G39: 변화를 바라는 바람이라 움직임이 많은 해의 도움을 한 문장으로 가볍게 덧붙였습니다. B9 문장과 겹치면 빼도 됩니다. | H39: 미검수
A40: WISH_10_HEAD | B40: 나다움 | C40: 기반을 다지는 해(역풍) | D40: 다가오는 해는 역할과 기대에 맞추느라 나다움을 지키기 어렵다고 느끼기 쉬운, 기반을 다지는 해(역풍)입니다. {{근거}} 때라 해야 하는 일과 책임이 하고 싶은 일보다 앞서기 쉬워요. 하루 중 짧게라도 오롯이 나를 위한 시간을 지키고, 그 시간에 무엇이 즐거운지 살펴보는 편이 좋습니다. 무게를 견디며 지켜 낸 그 시간은 쉽게 꺾이지 않는 나만의 기준을 세워 줄 수 있어요. | E40: 기반을 다지는 해(역풍) · 나만의 시간을 지키는 해 | H40: 미검수
A41: WISH_10_OPEN | B41: 나다움 | C41: 열리는 해 | D41: {{열리는해}}에는 {{근거}} 덕분에 바라던 나다움이 한층 가까워져요. 그해에는 내 방식대로 일하고 사는 쪽을 골라 보기 좋습니다. 그 전까지 내가 언제 가장 나답다고 느끼는지 기록해 두면 그해의 선택이 한결 수월해져요. | E41: 열리는 해 · 나다움이 가장 가까워지는 해 | F41: 앞으로 다섯 해는 활짝 열리는 해보다 내가 쌓는 선택의 기준이 나다움을 좌우하는 시기입니다. 그중 {{가까운해}}에 나다움이 가장 가까워지니, 그때까지 내 기준으로 고른 작은 선택을 하나씩 쌓아 가 보세요. | H41: 미검수
A42: WISH_11_FAV | B42: 새로운 시작 | C42: 활짝 열리는 해(순풍) | D42: 새로운 시작을 꿈꾼다면, 다가오는 해는 활짝 열리는 해(순풍)예요. {{근거}} 때라 새로운 배움이나 낯선 곳, 처음 해 보는 일에 문이 열리기 쉽습니다. 오래 마음에 두었던 시작 하나를 골라 첫 단계를 작게라도 밟아 보면 이 흐름을 잘 탈 수 있어요. 다만 설렘에 여러 일을 한꺼번에 벌이기보다 하나에 먼저 마음을 모아 주세요. | E42: 활짝 열리는 해(순풍) · 첫걸음을 내딛기 좋은 해 | G42: 신규 바람(추가 후보): 하우스 1·9, 상승궁·태양·목성. 새 배움·낯선 곳·처음 해 보는 일의 결로 썼습니다. | H42: 미검수
A43: WISH_11_NEU | B43: 새로운 시작 | C43: 내 손에 달린 해(보통) | D43: 새로운 시작이라는 바람에서 다가오는 해는 내 손에 달린 해(보통)입니다. 돕는 흐름과 무게가 함께 있거나 어느 쪽도 크지 않아, 언제 어떻게 첫발을 떼느냐는 내 선택에 달려 있어요. 시작하고 싶은 일을 하나 정해 이번 달에 해 볼 가장 작은 첫 단계를 적어 보세요. 움직임이 많은 해라면 그 흐름이 새 출발에 힘을 실어 줄 수도 있습니다. | E43: 내 손에 달린 해(보통) · 첫 단계를 내가 정하는 해 | G43: 변화를 바라는 바람이라 움직임이 많은 해의 도움을 한 문장으로 가볍게 덧붙였습니다. B9 문장과 겹치면 빼도 됩니다. | H43: 미검수
A44: WISH_11_HEAD | B44: 새로운 시작 | C44: 기반을 다지는 해(역풍) | D44: 다가오는 해는 새로운 시작보다 준비에 힘이 실리는, 기반을 다지는 해(역풍)예요. {{근거}} 때라 시작하려는 일에 책임과 조건이 먼저 따라붙고, 일이 기대보다 더디게 풀리기 쉽습니다. 지금은 시작을 서두르기보다 필요한 배움과 준비를 차근차근 갖춰 두는 편이 좋아요. 이 시기에 다진 준비는 새 출발을 오래 이어 가게 하는 든든한 뿌리가 되어 줍니다. | E44: 기반을 다지는 해(역풍) · 새 출발의 준비를 갖추는 해 | H44: 미검수
A45: WISH_11_OPEN | B45: 새로운 시작 | C45: 열리는 해 | D45: {{열리는해}}에는 {{근거}} 덕분에 바라던 새로운 시작이 한층 가까워져요. 그해에는 새로운 배움이나 낯선 곳, 처음 해 보는 일에 문을 열어 두기 좋습니다. 그 전까지 시작하고 싶은 일의 목록과 필요한 준비를 차근차근 갖춰 두면 열리는 흐름에 가볍게 올라탈 수 있어요. | E45: 열리는 해 · 새로운 시작이 가장 가까워지는 해 | F45: 앞으로 다섯 해 안에 새로운 시작이 활짝 열리는 해는 따로 보이지 않아, 내가 갖추는 준비가 첫걸음을 좌우하는 시기입니다. 그중 {{가까운해}}에 새로운 시작이 가장 가까워지니, 그때를 바라보며 필요한 배움과 준비를 하나씩 쌓아 가 보세요. | H45: 미검수

Sheet A13b 바람 판정 표현 변형
A1: ID | B1: Q3 바람 | C1: 판정 | D1: 칸(text/fallback_text) | E1: 번호(2~5) | F1: 문장 | G1: 작성 메모 | H1: 검수상태 | I1: 수정 문장 | J1: 상담사 메모
A2: WISH_01_FAV_2 | B2: 안정 | C2: 활짝 열리는 해(순풍) | D2: text | E2: 2 | F2: 안정을 꿈꿔 왔다면 다가오는 해를 반갑게 맞아도 좋습니다. 이 해는 안정이 활짝 열리는 해(순풍)예요. {{근거}} 흐름이라 머무는 자리와 하루의 리듬이 차분히 자리 잡기 쉽습니다. 오래 미뤄 둔 서랍 하나나 방 한쪽을 정리해 손 닿는 곳부터 편안하게 만들어 보세요. | G2: {{근거}}는 목성 구절(‘-는’)을 전제로 뒤에 때라/흐름이라/덕분에/시기라를 붙였습니다. | H2: 미검수
A3: WISH_01_FAV_3 | B3: 안정 | C3: 활짝 열리는 해(순풍) | D3: text | E3: 3 | F3: {{근거}} 때라, 다가오는 해는 안정이 활짝 열리는 해(순풍)입니다. 흩어져 있던 생활의 조각들이 제자리를 찾고, 마음 붙일 곳이 한결 또렷해지기 쉬워요. 이 흐름을 받으려면 한 주에 한 번 집에서 보내는 저녁을 정해 온전히 쉬어 보세요. 서두르지 않고 쌓은 편안함이 가장 오래 남습니다. | G3: {{근거}}는 목성 구절(‘-는’)을 전제로 뒤에 때라/흐름이라/덕분에/시기라를 붙였습니다. | H3: 미검수
A4: WISH_01_FAV_4 | B4: 안정 | C4: 활짝 열리는 해(순풍) | D4: text | E4: 4 | F4: 집과 일상에 뿌리를 내리고 싶은 마음이 크다면, 다가오는 해는 안정이 활짝 열리는 해(순풍)입니다. {{근거}} 덕분에 기대고 쉴 수 있는 바탕이 넓어지기 쉬워요. 매일 아침 같은 시간에 일어나 같은 자리에서 차 한 잔을 마시는 작은 의식을 만들어 보세요. 그 반복이 안정을 몸으로 느끼게 해 주는 닻이 되어 줄 수 있습니다. | G4: {{근거}}는 목성 구절(‘-는’)을 전제로 뒤에 때라/흐름이라/덕분에/시기라를 붙였습니다. | H4: 미검수
A5: WISH_01_FAV_5 | B5: 안정 | C5: 활짝 열리는 해(순풍) | D5: text | E5: 5 | F5: 다가오는 해는 흐트러졌던 일상이 제자리를 찾기 쉬운, 안정이 활짝 열리는 해(순풍)입니다. 집에서 지킬 작은 규칙 하나를 정해 보면 좋아요. {{근거}} 시기라 그런 약속이 부담보다 편안함으로 자리 잡기 쉽습니다. 다만 좋은 흐름일수록 큰 결정은 한 계절쯤 지켜본 뒤에 내려도 늦지 않아요. | G5: {{근거}}는 목성 구절(‘-는’)을 전제로 뒤에 때라/흐름이라/덕분에/시기라를 붙였습니다. | H5: 미검수
A6: WISH_01_NEU_2 | B6: 안정 | C6: 내 손에 달린 해(보통) | D6: text | E6: 2 | F6: 다가오는 해는 안정이 저절로 주어지기보다 내 손에 달린 해(보통)예요. 하늘의 힘이 어느 한쪽으로 쏠리지 않아, 하루하루의 습관이 생활의 바탕을 만듭니다. 잠들기 전 다음 날 챙길 것을 미리 꺼내 두는 일처럼, 아침을 덜 허둥대게 하는 준비 하나부터 들여 보세요. | G6: 보통 판정이라 {{근거}}를 넣지 않았고, 돕는 흐름과 무게가 함께 있는 경우와 어느 쪽도 크지 않은 경우 모두에 맞게 썼습니다. | H6: 미검수
A7: WISH_01_NEU_3 | B7: 안정 | C7: 내 손에 달린 해(보통) | D7: text | E7: 3 | F7: 안정을 바라는 당신에게 다가오는 해는 내 손에 달린 해(보통)입니다. 돕는 기운과 무게가 엇비슷하게 놓여 있어, 무엇을 꾸준히 지키느냐에 따라 마음의 바닥이 달라져요. 한 달에 한 번, 일정과 집안일과 지출을 한눈에 훑어보는 나만의 점검일을 정해 보세요. | G7: 보통 판정이라 {{근거}}를 넣지 않았고, 돕는 흐름과 무게가 함께 있는 경우와 어느 쪽도 크지 않은 경우 모두에 맞게 썼습니다. | H7: 미검수
A8: WISH_01_NEU_4 | B8: 안정 | C8: 내 손에 달린 해(보통) | D8: text | E8: 4 | F8: 다가오는 해의 안정은 내가 쌓는 만큼 자라는 쪽이에요. 하늘의 무게가 어느 한쪽으로 크게 쏠리지 않는, 내 손에 달린 해(보통)이기 때문입니다. 주말 중 반나절은 약속 없이 집을 돌보고 장을 보는 시간으로 비워 두면 한 주가 한결 단단해져요. | G8: 보통 판정이라 {{근거}}를 넣지 않았고, 돕는 흐름과 무게가 함께 있는 경우와 어느 쪽도 크지 않은 경우 모두에 맞게 썼습니다. | H8: 미검수
A9: WISH_01_NEU_5 | B9: 안정 | C9: 내 손에 달린 해(보통) | D9: text | E9: 5 | F9: 내 손에 달린 해(보통), 다가오는 해의 안정을 한마디로 말하면 이렇습니다. 큰 바람이 한쪽으로 떠밀지 않으니, 내가 고른 작은 기준들이 하루의 무게중심이 돼요. 마음이 자주 흔들리는 순간을 떠올려 보고, 그때 돌아갈 나만의 자리 하나를 정해 두세요. 산책길이든 좋아하는 카페든 괜찮습니다. | G9: 보통 판정이라 {{근거}}를 넣지 않았고, 돕는 흐름과 무게가 함께 있는 경우와 어느 쪽도 크지 않은 경우 모두에 맞게 썼습니다. | H9: 미검수
A10: WISH_01_HEAD_2 | B10: 안정 | C10: 기반을 다지는 해(역풍) | D10: text | E10: 2 | F10: 안정을 원하는 마음과 달리, 다가오는 해는 지킬 것이 많아 어깨가 무거운 기반을 다지는 해(역풍)예요. {{근거}} 시기라 집과 생활에 드는 손길이 늘고, 정리하려던 일이 한 번에 끝나지 않기 쉽습니다. 이럴 땐 한 주에 한 가지씩만 손보는 목록을 만들어 하나를 끝낼 때마다 지워 보세요. 천천히 채운 그 목록이 이 해를 지나고 나면 믿을 수 있는 생활의 뼈대로 남아요. | G10: {{근거}}는 토성 구절 전제(때라/시기라). 장애는 책임·무게·더딤·시험·조건으로만 쓰고 끝은 남는 것으로 맺었습니다. | H10: 미검수
A11: WISH_01_HEAD_3 | B11: 안정 | C11: 기반을 다지는 해(역풍) | D11: text | E11: 3 | F11: {{근거}} 때라, 다가오는 해는 안정이 손에 잡히기까지 시간이 걸리는 기반을 다지는 해(역풍)입니다. 생활을 꾸리는 조건들이 하나둘 시험처럼 다가와 버겁게 느껴질 수 있어요. 그럴수록 매일 밤 같은 시간에 하루를 마무리하는 작은 순서를 지켜 보세요. 무게를 견디며 다진 리듬은 웬만한 일에는 쉽게 기울지 않는 안정의 바닥이 되어 줍니다. | G11: {{근거}}는 토성 구절 전제(때라/시기라). 장애는 책임·무게·더딤·시험·조건으로만 쓰고 끝은 남는 것으로 맺었습니다. | H11: 미검수
A12: WISH_01_HEAD_4 | B12: 안정 | C12: 기반을 다지는 해(역풍) | D12: text | E12: 4 | F12: 다가오는 해는 안정을 얻기보다 안정을 지탱할 기둥을 세우는, 기반을 다지는 해(역풍)예요. {{근거}} 시기라 맡은 몫이 무거워지고 애쓴 만큼의 결과가 늦게 보일 수 있습니다. 집에서 가장 자주 쓰는 공간 한 곳을 골라, 이 해 동안 그곳만큼은 늘 정돈된 상태로 지켜 보세요. 그렇게 지켜 낸 한 자리가 다음 해의 안정을 넓혀 갈 출발점이 됩니다. | G12: {{근거}}는 토성 구절 전제(때라/시기라). 장애는 책임·무게·더딤·시험·조건으로만 쓰고 끝은 남는 것으로 맺었습니다. | H12: 미검수
A13: WISH_01_HEAD_5 | B13: 안정 | C13: 기반을 다지는 해(역풍) | D13: text | E13: 5 | F13: 솔직히 말하면 다가오는 해는 안정이 쉽게 찾아오는 해는 아니에요. {{근거}} 때라 생활의 책임이 한꺼번에 어깨에 얹히는, 기반을 다지는 해(역풍)입니다. 버거울 때 기댈 사람 한 명과 쉴 시간 한 칸을 미리 정해 두면 무게를 나눠 질 수 있어요. 이 시기를 지나며 세운 생활의 기준은 쉽게 무너지지 않는 안정의 밑돌로 남습니다. | G13: {{근거}}는 토성 구절 전제(때라/시기라). 장애는 책임·무게·더딤·시험·조건으로만 쓰고 끝은 남는 것으로 맺었습니다. | H13: 미검수
... A221: WISH_11_OPENFB_5 | B221: 새로운 시작 | C221: 열리는 해 | D221: fallback_text | E221: 5 | F221: 다섯 해를 내다봐도 새로운 시작에 순풍이 크게 부는 해는 보이지 않아, 스스로 문을 여는 힘이 더 중요해요. {{가까운해}}에는 그 문이 한결 가볍게 열리기 쉬우니, 하던 일 가운데 마무리할 것을 미리 정리해 두면 좋습니다. | G221: 다섯 해 안에 순풍 해가 없을 때만 씁니다. {{가까운해}} 뒤에는 ‘에는/에’만, {{근거}} 없음. | H221: 미검수

Sheet A14 웰니스 실천 (역량 × 고민 영역)
A1: ID | B1: 역량 | C1: 고민 영역 | D1: 실천1 DB ID | E1: 실천1 이름 | F1: 실천1 방법 | G1: 실천1 도움이 되는 이유 | H1: 실천1 이론 배경(내부용) | I1: 실천1 조건 | J1: 실천2 DB ID | K1: 실천2 이름 | L1: 실천2 방법 | M1: 실천2 도움이 되는 이유 | N1: 실천2 이론 배경(내부용) | O1: 실천2 조건 | P1: 실천3 DB ID | Q1: 실천3 이름 | R1: 실천3 방법 | S1: 실천3 도움이 되는 이유 | T1: 실천3 이론 배경(내부용) | U1: 실천3 조건 | V1: 소요 시간(분) | W1: 검수 메모 | X1: 검수상태 | Y1: 수정 문장 | Z1: 상담사 메모
A2: PRAC_LEAN_CAREER | B2: 기대기 | C2: 직업·커리어 | D2: THX-LTA-18 | E2: '혼자 해낸 일'과 '부탁해도 됐던 일' 하나씩 나란히 적기 | F2: 이번 주 혼자 힘으로 해낸 업무 하나와, 혼자 짊어졌지만 사실 부탁해도 됐던 업무 하나를 나란히 적어 보세요. 뒤의 것에는 다음에 부탁할 동료 이름과 그에게 건넬 한 문장을 덧붙여 둡니다. | G2: 모두 기대거나 혼자 다 짊어지면 어느 쪽이든 지치기 쉽습니다. 해낸 것은 인정하고 부탁할 것은 미리 챙겨 두면 기대는 문턱이 낮아져요. | H2: TH-LTA · 의존과 반의존(Dependence & counterdependence - 인생 함정 접근, Young & Klosko) | J2: WORK-TALK-L1-02 | K2: 모르는 것을 인정하고 도움을 청해보기 | L2: 오늘 업무 중 막히는 것 하나를 혼자 오래 붙잡기 전에 아는 동료에게 짧게 물어보세요. 사소한 질문일수록 연습으로는 더 좋습니다. | M2: 작게 물어본 경험이 쌓이면 '물어봐도 괜찮다'는 감각이 생깁니다. 큰 도움을 청할 때의 부담도 그만큼 줄어들어요. | N2: 연결: CBT:fit · PPT:fit · REBT:fit · ST:fit · WBT:fit | O2: 재직 중일 때 | P2: WORK-HELP-L1-01 | Q2: 혼자 끌어안지 않고 가볍게 이야기해보기 | R2: 요즘 일 때문에 마음이 무거웠다면 편한 동료나 친구에게 '요즘 이 일이 좀 버거워' 정도로만 꺼내 보세요. 해결책을 듣지 않아도 괜찮습니다. | S2: 힘든 마음은 말로 나누기만 해도 무게가 조금 덜어집니다. 기댈 사람이 곁에 있다는 걸 확인하는 시간이기도 해요. | T2: 배경 미기재(기존 DB) | U2: 재직 중일 때 | V2: 3~5 · - · - | W2: THX-LTA-18 DB 메모: 이 실천은 적기까지, 실제 부탁은 다음 실천(WORK-TALK-L1-02)으로 이어짐 — 같은 행에 배치함. | X2: 미검수
A3: PRAC_LEAN_GROWTH | B3: 기대기 | C3: 진로·자기계발 | D3: THX-REBT-12 | E3: 막히는 일을 '방법을 몰라서 / 불안해서'로 나눠 보기 | F3: 준비 중인 공부나 계획에서 막히는 일 하나를 골라 '방법을 안다면 해 볼까?' 하고 스스로 물어보세요. 방법을 몰라서라면 물어볼 사람이나 자료를 하나 적고, 불안해서라면 그때 속으로 한 말을 한 줄 적습니다. | G3: 막힘이 내가 모자라서가 아니라 배우면 되는 문제일 때가 많아요. 무엇이 필요한지 가려지면 누구에게 기댈지도 선명해집니다. | H3: TH-REBT · 기술 부족과 신념 문제 구분(Skill deficit vs belief problem - REBT, Ellis) | J3: THX-LTA-07 | K3: 기준은 높아도 여유 있는 사람에게 하루 시간 배분 물어보기 | L3: 자기 일을 잘하면서도 삶을 즐기는 것 같은 사람 한 명에게 공부·일·쉼·잠에 하루를 어떻게 나눠 쓰는지 가볍게 물어보세요. 내 하루와 나란히 적어 보고, 가장 다른 칸 하나만 조금 옮겨 봅니다. | M3: 내 기준이 적당한지는 혼자 가늠하기 어렵습니다. 그대로 따라 하지 않고 참고만 해도 균형을 찾는 데 도움을 받을 수 있어요. | N3: TH-LTA · 합리적 기준 인터뷰(Reasonable standards interview - 가혹한 기준, 인생 함정 접근, Young & Klosko) | P3: THX-WBT-18 | Q3: '쉬면 안 될 이유'를 적고 잠깐 쉬어보기 | R3: 공부나 준비 때문에 쉬지 못한 순간을 떠올려 '쉬면 안 될 이유'를 적은 뒤, 잠깐 쉬어도 되는 때를 정해 실제로 쉬어 보세요. 쉬는 동안 떠오르는 생각에는 '할 일 생각이네' 하고 이름만 붙여 둡니다. | S3: 혼자 다 해내려는 마음은 쉼마저 미루게 만들어요. 쉬는 데 시간을 내어 주는 것도 나에게 기대는 연습입니다. | T3: TH-WBT · 환경 숙달의 쏠림과 쉼 허락(Environmental mastery, allow rest - WBT, Fava) | V3: 5~10 · 10~20 · 10~15 | W3: THX-LTA-07 DB 메모: 상대 필요, 비교로 위축되면 멈추기. THX-WBT-18: 쉼을 성과로 만들지 않기. | X3: 미검수
A4: PRAC_LEAN_LOVE | B4: 기대기 | C4: 연애 | D4: THX-ST-13 | E4: '따뜻함·이해·든든함' 세 칸에 바라는 것 한 줄씩 쓰기 | F4: 안아 주고 관심 가져 주기, 들어 주고 알아주기, 힘을 실어 주기 세 칸에 요즘 연애에서 '이렇게 해 주면 좋겠다'를 한 줄씩 적어 보세요. 그중 하나를 골라 상대나 가까운 사람에게 건넬 문장으로 바꿔 봅니다. | G4: 받고 싶은 것이 따뜻함인지 이해인지 든든함인지 이름이 붙으면 청할 방향이 생깁니다. 막연한 서운함보다 훨씬 전하기 쉬워요. | H4: TH-ST · 정서적 결핍의 세 종류(Three types of deprivation - 스키마치료, Young) | J4: THX-EFT-12 | K4: 외로울 때 '연결이 필요하구나' 적고 작은 연결 하나 하기 | L4: 외로움이나 허전함이 올라오면 '지금 나는 연결이 필요하구나'라고 한 줄 적고, 그 마음을 탓하지 않는 문장 하나를 나에게 건네 보세요. 그다음 안부 메시지 한 통처럼 오늘 할 수 있는 작은 연결 하나를 해 봅니다. | M4: 외로움은 부족함이 아니라 연결이 필요하다는 신호입니다. 그 마음을 인정하고 작게 채우면 기대는 힘도 조금씩 자라요. | N4: TH-EFT · 혼자일 때의 안정 기반(Secure base within - EFT 개인 버전, Johnson) | P4: NEW-COUPLE-CARE-04 | Q4: 각자 선호하는 응원 표현 알아보기 | R4: 힘든 날 어떤 말이 부담스럽고 어떤 말이 도움이 되는지 연인과 서로 하나씩 알려 주세요. 서로의 답을 메모해 두면 다음에 꺼내 쓰기 좋습니다. | S4: 응원도 사람마다 와닿는 말이 다릅니다. 나에게 맞는 위로를 미리 알려 두면 힘든 날 기대기가 한결 수월해져요. | T4: 지지의 적합도(Support matching) | U4: 연인이 있을 때 | V4: 5~10 · 3~10 · 8~10 | W4: THX-EFT-12는 DB상 싱글·이별 사용자용 — 연인이 없는 사용자도 이 행에서 실천 두 개는 할 수 있게 구성. THX-ST-13: 어린 시절·부모 탓으로 번지지 않게. | X4: 미검수
A5: PRAC_LEAN_FAMILY | B5: 기대기 | C5: 가족 | D5: THX-IPT-01 | E5: 내 곁의 사람 지도를 그리고 마음 쓰이는 한 명에 별표하기 | F5: 가족을 중심으로 떠오르는 사람들을 적고, 얼마나 가까운지, 기댈 수 있는지, 불편한 말도 할 수 있는지 표시해 보세요. 요즘 가장 마음에 걸리는 한 사람에게만 별표를 달면 충분합니다. | G5: 곁의 사람들을 한 장에 그려 보면 지금 기대는 사람과 더 가까워지고 싶은 사람이 함께 보여요. 떠오르는 사람이 적어도 괜찮습니다. | H5: TH-IPT · 중요한 사람들의 지도(Interpersonal inventory - IPT, Weissman 외) | J5: REL-HELP-L1-01 | K5: 혼자 안고 있지 않고 가볍게 이야기부터 꺼내기 | L5: 가족 일로 혼자 고민하던 것이 있다면 편한 가족 한 사람에게 '요즘 이게 좀 마음에 걸려' 정도로만 꺼내 보세요. 답을 정해 두지 않고 이야기를 여는 것까지가 목표입니다. | M5: 가족 사이일수록 걱정을 끼칠까 봐 혼자 안고 있기 쉽습니다. 가볍게 꺼내 보면 기대도 되는 사이라는 것을 확인할 수 있어요. | N5: 도움 요청 행동(Help-seeking behavior) | P5: NEW-REL-ASYNC-02 | Q5: 함께한 기억 한 장면 전하기 | R5: 가족과 함께했던 좋은 기억 하나가 떠오르면 짧은 메시지로 전해 보세요. 사진 한 장을 곁들여도 좋습니다. | S5: 좋았던 장면을 함께 떠올리면 부탁이나 용건 없이도 마음이 가까워져요. 이런 연결이 쌓여 있어야 힘들 때 기대기도 쉬워집니다. | T5: 연결: MCP:fit | V5: 10~15 · - · 8~10 | W5: 가족 전용 실천이 DB에 적어 일반 관계 실천(REL)을 가족 장면으로 맞춤. 가족 관계가 안전하지 않은 사용자 고려 필요(연락 권유 문장). | X5: 미검수
A6: PRAC_LEAN_SOCIAL | B6: 기대기 | C6: 교우·사회관계 | D6: THX-EFT-11 | E6: 힘들 때 기댈 곳과 응원받을 곳을 한 장에 적기 | F6: 가운데 나를 적고, 힘든 날 연락하면 마음이 놓이는 친구, 새로운 걸 해 볼 때 응원해 줄 사람, 사람이 아니어도 마음이 놓이는 곳을 둘레에 적어 보세요. 빈칸은 앞으로 채워 갈 자리로 남겨 두면 됩니다. | G6: 든든한 사람이 있으면 더 잘 쉬고 더 멀리 가 볼 수 있습니다. 기댈 곳을 눈으로 확인해 두면 연락할 용기도 생겨요. | H6: TH-EFT · 안전한 피난처와 안전 기지(Safe haven & secure base - Bowlby, EFT 맥락) | J6: SELF-HELP-L1-03 | K6: 혼자 끌어안지 않고 힘들다는 것부터 주변에 알리기 | L6: 요즘 힘든 일이 있다면 해결을 부탁하기 전에 믿을 만한 친구에게 '나 요즘 좀 힘들어' 하고 지금 상태부터 알려 보세요. 길게 설명하지 않아도 괜찮습니다. | M6: 도움을 청하는 첫걸음은 힘들다는 걸 알리는 일입니다. 알고 있는 사람이 한 명만 있어도 마음이 덜 외로워져요. | N6: 도움 요청 행동(Help-seeking behavior) · 연결: EFT:fit | P6: NEW-REL-ASYNC-01 | Q6: 답장을 재촉하지 않는 안부 보내기 | R6: 오랜만에 떠오른 친구에게 '답장은 편할 때 해도 돼'라는 말과 함께 가벼운 안부를 보내 보세요. 답이 늦어도 기다리지 않는 것이 이 실천의 약속입니다. | S6: 부담 없는 안부는 관계의 끈을 느슨하게라도 이어 줍니다. 그 끈이 있어야 필요할 때 기대기도 편해요. | T6: 비동기 소통과 관계 유지(Asynchronous communication & relationship maintenance) | V6: 5~10 · - · 8~10 | W6: THX-EFT-11 DB 메모: 빈칸을 결핍으로 단정하지 않기, 고립감이 깊으면 안전 규칙. | X6: 미검수
A7: PRAC_LEAN_MONEY | B7: 기대기 | C7: 재정·생활안정 | D7: SELF-HELP-L1-05 | E7: 누군가에게 말하기 전, 글로 상태를 정리해보기 | F7: 돈이나 생활 문제로 마음이 무거울 때, 누군가에게 말하기 전에 지금 걱정되는 것과 필요한 도움을 글로 적어 보세요. 정리가 덜 돼도 떠오르는 대로 쓰면 됩니다. | G7: 돈 걱정은 막연할수록 꺼내기 어렵습니다. 글로 먼저 정리해 두면 무엇을 누구에게 물어볼지가 보여요. | H7: 연결: RBT:fit | J7: REL-HELP-L1-04 | K7: 당사자가 아닌 사람에게 객관적 의견을 구해보기 | L7: 지출이나 생활비 고민 하나를 골라, 그 일과 직접 얽히지 않은 믿을 만한 사람에게 의견을 물어보세요. '너라면 어떻게 하겠어?' 한마디면 충분합니다. | M7: 혼자 계산하면 걱정이 커지기 쉽지만 바깥의 눈은 의외로 담백한 답을 줄 때가 있어요. 생활 문제도 기대어 풀 수 있다는 감각이 생깁니다. | N7: 연결: LTA:fit | P7: THX-CFT-01 | Q7: 잠깐 숨을 천천히 늦춰보기 | R7: 통장이나 카드 내역을 열기 전, 등을 의자에 기대고 들숨과 날숨을 천천히 늦춰 잠깐 쉬어 보세요. 잘 안 느려져도 괜찮으니 숨이 오가는 감각에만 살짝 주의를 둡니다. | S7: 몸이 긴장하면 숫자도 더 무섭게 보이기 쉽습니다. 숨을 늦추는 것만으로도 마음이 조금 가라앉아 차분히 볼 수 있어요. | T7: TH-CFT · 진정 리듬 호흡(Soothing rhythm breathing - CFT, Gilbert) | V7: - · - · 1~2 | W7: 재정 전용 실천이 DB에 거의 없어 일반 도움 요청·호흡 실천을 돈 장면으로 맞춤(적합도 보통). 생활 위기가 크면 지원 제도·전문 상담 연계 문구 검토. THX-CFT-01: 의학적 효과 단정 금지. | X7: 미검수
A8: PRAC_TRUST_CAREER | B8: 믿기 | C8: 직업·커리어 | D8: NEW-WORK-TRANSITION-05 | E8: 당장 해결하려 하지 않고 '걱정이 남아 있구나' 적어두기 | F8: 퇴근 무렵까지 마음에 남은 업무 걱정은 억지로 지금 해결하려 하지 말고 '이 걱정이 아직 남아 있구나' 하고 짧게 적어 두세요. 그리고 다시 확인할 시간만 정해 둡니다. | G8: 감정에 이름을 붙이면 그 감정과 조금 거리가 생깁니다. 확인할 때를 정해 두면 그 전까지는 마음을 놓아도 돼요. | H8: 정서 명명하기(Affect labeling - Lieberman) · 연결: ACT:fit · CBT:fit | I8: 재직 중일 때 | J8: NEW-WORK-FOCUS-07 | K8: 미완료 업무에 다음 행동 표시하기 | L8: 오늘 끝내지 못한 일에는 내일 가장 먼저 할 행동 하나만 적어 두세요. '자료 열어 보기'처럼 작을수록 좋습니다. | M8: 끝내지 못한 일은 머릿속에 계속 맴돌기 쉬워요. 다음 걸음을 적어 두면 머리가 그 일을 잠시 내려놓을 수 있습니다. | N8: 차이가라닉 효과(Zeigarnik effect - 미완료 과제의 인지적 잔류) · 연결: CBT:fit | O8: 재직 중일 때 | P8: WORK-BODY-L1-02 | Q8: 목, 어깨 등 뭉친 부위를 짧게 풀어주기 | R8: 일하다 긴장이 느껴질 때 어깨를 귀 쪽으로 올렸다가 툭 떨어뜨리고, 목을 천천히 좌우로 기울여 보세요. 자리에서 잠깐이면 충분합니다. | S8: 걱정이 많을 때 몸은 먼저 굳어 있곤 합니다. 몸의 긴장을 풀어 주면 마음도 함께 한숨 돌릴 수 있어요. | T8: 배경 미기재(기존 DB) | U8: 재직 중일 때 | V8: 8~10 · 8~10 · - | W8: 세 실천 모두 재직필요. WORK-BODY-L1-02는 DB 설명이 한 줄뿐이라 방법을 구체화함. | X8: 미검수
A9: PRAC_TRUST_GROWTH | B9: 믿기 | C9: 진로·자기계발 | D9: THX-WBT-13 | E9: 막막한 일과 예전에 해낸 일을 한 줄로 잇기 | F9: 앞두고 막막한 준비 하나를 적고, 예전에 비슷하게 어려웠지만 결국 해낸 일과 그때 쓴 방법을 적어 보세요. 이번에 실제로 쓸 수 있는 부분 하나만 골라 둡니다. | G9: 이번 일이 낯설게만 느껴져도 예전에 해낸 일과 닮은 데가 있어요. 해낸 경험을 떠올리면 나를 믿을 근거가 생깁니다. | H9: TH-WBT · 경험 전이(Transfer of experiences - WBT, Fava) / 자기효능감(Self-efficacy - Bandura) | J9: THX-CBT-24 | K9: 해낼 수 있겠다 싶을 만큼 계획 크기 줄이기 | L9: 이번 주 공부나 준비 계획 하나를 적고, 정말 해낼 수 있을지 마음속으로 가늠해 보세요. 자신이 없으면 시간이나 분량을 줄여 다시 쓰고, 못 한 날은 게으름이 아니라 크기를 고치라는 신호로 봅니다. | M9: 계획이 너무 크면 못 한 날 자책만 남기 쉽습니다. 해낼 만한 크기로 줄여 지켜 내는 경험이 쌓이면 나에 대한 믿음도 단단해져요. | N9: TH-CBT · 해볼 것의 크기 정하기(Homework principles - CBT, Beck) | P9: SELF-MIND-L1-03 | Q9: 보이는 것, 만져지는 것 순으로 주의를 지금 여기로 돌리기 | R9: 공부를 시작하기 전이나 불안이 올라올 때, 눈에 보이는 것 몇 가지와 손에 닿는 것 몇 가지를 차례로 속으로 짚어 보세요. 발바닥이 바닥에 닿는 느낌으로 마무리해도 좋습니다. | S9: 앞날 걱정에 머리가 바쁠 때 감각은 마음을 지금 여기로 데려와요. 지금 할 수 있는 일로 돌아오기도 한결 쉬워집니다. | T9: 접지 기법(5-4-3-2-1 grounding technique) · 연결: ACT:fit | V9: 5~10 · 3~5 · - | W9: THX-CBT-24 원문의 퍼센트 매기기는 숫자 금지로 '마음속으로 가늠'으로 바꿈. SELF-MIND-L1-03 제목의 개수(다섯·넷)를 뺌. | X9: 미검수
A10: PRAC_TRUST_LOVE | B10: 믿기 | C10: 연애 | D10: THX-EFT-14 | E10: 알아가는 사람이 반응해준 순간과 조마조마했던 순간 적기 | F10: 요즘 알아가거나 만나는 사람이 있다면 최근을 떠올려, 내 연락이나 이야기에 반응해 줬던 순간과 조마조마했던 순간을 한 줄씩 적어 보세요. 관계를 판정하는 시험이 아니라 나에게 편안한 관계의 모습을 알아보는 연습입니다. | G10: 안정감은 설렘의 크기보다 꾸준히 반응해 주는 순간에서 자라요. 반응해 준 순간을 눈으로 확인하면 불안한 해석에 덜 휩쓸립니다. | H10: TH-EFT · 새 관계의 반응성(Responsiveness - EFT, Johnson / Hazan & Shaver) | J10: NEW-COUPLE-CHECKIN-05 | K10: 다음 주의 가장 바쁜 날 알려주기 | L10: 서로 바쁠 것 같은 날을 미리 알려 주고, 그날은 연락이 뜸해도 괜찮은지 기대를 맞춰 보세요. 짧은 대화로도 충분합니다. | M10: 연락이 줄어든 이유를 모르면 마음이 나쁜 쪽으로 해석하기 쉽습니다. 미리 알면 기다리는 시간이 훨씬 편안해져요. | N10: 배경 미기재(기존 DB) | O10: 연인이 있을 때 | P10: THX-CFT-15 | Q10: 마음이 놓이는 장소 하나를 감각으로 채워두기 | R10: 편안했던 장소나 순간 하나를 정해 보이는 것·소리·냄새·촉감을 한 줄씩 적어 보세요. 답장을 기다리며 마음이 불안할 때 잠깐 떠올릴 수 있게 짧게 줄여 둡니다. | S10: 마음이 쉴 수 있는 곳을 정해 두면 불안이 올라올 때 돌아갈 자리가 생깁니다. 상대의 반응과 상관없이 스스로 마음을 놓는 연습이에요. | T10: TH-CFT · 안전한 장소 이미지(Safe place imagery - CFT) | V10: 5 · 8~10 · 5 | W10: THX-EFT-14 DB 메모: 썸·관계 초기용, 관계 판정·끝내기 권유로 쓰지 않기. | X10: 미검수
A11: PRAC_TRUST_FAMILY | B11: 믿기 | C11: 가족 | D11: THX-REBT-21 | E11: 바꿀 수 없는 조건 옆에 '그래도 할 수 있는 일' 적기 | F11: 가족 일 중 지금 당장 바꿀 수 없는 조건 하나를 적고, 그 옆에 그래도 내가 할 수 있는 일 하나를 적어 보세요. 바꿀 수 있는 것까지 포기하자는 뜻은 아닙니다. | G11: 가족 걱정은 내 힘 밖의 일까지 끌어안기 쉬워요. 할 수 있는 한 가지에 힘을 모으면 나머지는 조금 내려놓을 수 있습니다. | H11: TH-REBT · 무조건적 삶 수용(Unconditional life-acceptance - REBT, Ellis) | J11: REL-BODY-L2-02 | K11: 즉흥이 아닌 정해진 만남으로 관계를 이어가기 | L11: 가족과의 통화나 만남을 그때그때 정하기보다 '주말 저녁 통화'처럼 정해 둔 날로 이어 가 보세요. 길지 않아도 꾸준한 것이 중요합니다. | M11: 언제 연락이 닿을지 알면 사이사이 걱정이 줄어듭니다. 예측할 수 있는 연결은 그 자체로 안정감을 줘요. | N11: 단순노출효과(Mere exposure effect - Zajonc) | P11: NEW-SELF-SENSE-08 | Q11: 내 방에서 가장 아늑한 자리 찾기 | R11: 집 안에서 가장 편안한 자리를 찾아 담요나 쿠션 같은 작은 물건 하나로 더 아늑하게 꾸며 보세요. 마음이 복잡한 날 그 자리에 잠깐 앉아 있기만 하면 됩니다. | S11: 몸이 편히 머무는 자리가 있으면 마음도 기댈 곳이 생겨요. 가족 일로 흔들릴 때 돌아올 나만의 쉼터가 됩니다. | T11: 연결: CFT:fit · ST:fit | V11: 5 · - · 8~10 | W11: THX-REBT-21 DB 메모: 부당·위험 상황을 받아들이라는 뜻으로 쓰지 않음. REL-BODY-L2-02는 '꾸준히 이어가기' 단계. | X11: 미검수
A12: PRAC_TRUST_SOCIAL | B12: 믿기 | C12: 교우·사회관계 | D12: REL-MIND-L1-02 | E12: 확신하기 전에 다른 가능성을 생각해보기 | F12: 모임 뒤 '나를 싫어하나?' 같은 생각이 들면, 확신하기 전에 그 장면을 설명할 다른 가능성 두 가지를 떠올려 보세요. 피곤했을 수도, 다른 일에 정신이 팔렸을 수도 있습니다. | G12: 불안할 때 마음은 가장 나쁜 해석을 먼저 붙잡기 쉬워요. 다른 가능성을 열어 두기만 해도 관계를 믿을 여지가 생깁니다. | H12: 인지적 종결 욕구(Need for cognitive closure - Kruglanski) · 연결: CBT:fit · DBT:fit · RBT:fit | J12: NEW-REL-NEW-06 | K12: 새로운 모임에 가기 전 귀가 계획 세우기 | L12: 처음 가는 모임이나 행사라면 집에 돌아갈 방법과 나올 시간을 미리 정해 보세요. 정한 시간보다 일찍 나와도 괜찮습니다. | M12: 끝이 보이면 낯선 자리도 덜 막막합니다. 스스로 정한 안전한 틀이 있으면 그 안에서 마음을 놓기 쉬워요. | N12: 배경 미기재(기존 DB) | P12: NEW-REL-SHARED-09 | Q12: 모임 후 좋았던 대화 한 가지 기억하기 | R12: 사람들을 만난 뒤 특히 기분 좋았던 대화 주제 하나를 메모해 두세요. 아쉬운 장면보다 이것을 먼저 적는 것이 순서입니다. | S12: 모임이 끝나면 아쉬웠던 장면만 오래 남기 쉬워요. 좋았던 순간을 기록해 두면 사람들 사이에서 편안했던 기억도 함께 쌓입니다. | T12: 연결: IPT:fit | V12: - · 8~10 · 8~10 | X12: 미검수
A13: PRAC_TRUST_MONEY | B13: 믿기 | C13: 재정·생활안정 | D13: THX-CBT-15 | E13: 머릿속 고민을 다 꺼낸 뒤 가장 큰 두 가지만 고르기 | F13: 돈과 생활에 관해 마음을 무겁게 하는 일을 생각나는 대로 모두 적고, 비슷한 것끼리 묶어 가장 중요한 두 가지만 골라 보세요. 나머지는 '나중에 볼 목록'으로 옮겨 두면 됩니다. | G13: 걱정이 한꺼번에 몰리면 모든 게 다 급해 보입니다. 큰 두 가지만 남기면 나머지는 잠시 내려놓을 수 있어요. | H13: TH-CBT · 문제 목록(Problem list - CBT, Beck) | J13: THX-CBT-17 | K13: 걱정이 끼어들 때 하던 일의 한 지점으로 눈 돌리기 | L13: 일하거나 쉬는 중에 돈 걱정이 올라와 잔고를 확인하고 싶어지면, 속으로 '걱정이 지나가는 중이네'라고 말해 보세요. 걱정은 그대로 둔 채 하던 일의 구체적인 한 곳으로 눈을 옮깁니다. | M13: 걱정과 싸우지 않아도 하던 일은 이어 갈 수 있어요. 확인을 조금 미뤄 보는 경험이 쌓이면 마음이 쫓기는 느낌도 줄어듭니다. | N13: TH-CBT · 재초점(Refocusing - CBT, Beck) | P13: SELF-CARE-L2-02 | Q13: 매일 비슷한 시간에 자고 일어나는 리듬을 만들기 | R13: 이번 주에는 잠드는 시간과 일어나는 시간을 비슷하게 맞춰 보세요. 주말에도 크게 벗어나지 않는 것이 핵심입니다. | S13: 돈 문제처럼 당장 바꾸기 어려운 걱정이 있을 때, 하루의 리듬은 내가 지킬 수 있는 안정의 바탕이 됩니다. 몸이 안정되면 생각도 덜 흔들려요. | T13: 일주기 리듬과 수면 위생(Circadian rhythm/Sleep hygiene) · 연결: DBT:fit | V13: 5~10 · 1~2 · - | W13: 재정 전용 실천 부족 — 걱정 정리·주의 돌리기·생활 리듬 실천을 돈 장면으로 맞춤(적합도 보통). THX-CBT-17은 '꾸준히 이어가기', 공황 증상이 심하면 임상 연계(DB 메모). 생활 위기가 크면 지원 제도 안내 검토. | X13: 미검수
A14: PRAC_BOUND_CAREER | B14: 선 지키기 | C14: 직업·커리어 | D14: NEW-WORK-CONTEXT-06 | E14: 내가 도와줄 수 있는 범위 구체화하기 | F14: 새로운 요청을 받으면 바로 '네'라고 하기 전에 지금 가능한 부분과 어려운 부분을 나눠 보세요. '이 부분은 이번 주에 가능하고, 나머지는 다음 주가 될 것 같아요'처럼 말해 봅니다. | G14: 다 받거나 다 거절하는 것 말고도 선택지가 있어요. 범위를 분명히 하면 동료도 계획을 세우기 쉬워집니다. | H14: 배경 미기재(기존 DB) | I14: 재직 중일 때 | J14: NEW-WORK-FOCUS-03 | K14: 회의 없는 짧은 시간 직접 확보하기 | L14: 일정표에 짧은 집중 시간을 하나 막아 두고, 그동안에는 한 가지 작업만 해 보세요. 일정 이름을 '집중 시간'으로 적어 두면 지키기가 더 쉽습니다. | M14: 내 시간을 지키는 일도 경계를 세우는 연습입니다. 비워 둔 시간이 있으면 쏟아지는 요청 속에서도 숨 쉴 틈이 생겨요. | N14: 배경 미기재(기존 DB) | O14: 재직 중일 때 | P14: NEW-WORK-TRANSITION-01 | Q14: 퇴근을 알리는 마지막 파일 닫기 | R14: 업무를 마칠 때 작업 파일을 정리하고 내일 첫 행동만 남겨 둔 뒤 창을 모두 닫아 보세요. 이 동작을 퇴근 신호로 삼습니다. | S14: 일과 쉼 사이에 분명한 선이 있으면 퇴근 뒤에도 일이 덜 따라옵니다. 하루의 끝을 내가 정하는 작은 연습이에요. | T14: 차이가라닉 효과(Zeigarnik effect) | U14: 재직 중일 때 | V14: 8~10 · 8~10 · 8~10 | W14: 세 실천 모두 재직필요. NEW-WORK-FOCUS-03 제목의 '15분'을 '짧은 시간'으로 바꿈. | X14: 미검수
A15: PRAC_BOUND_GROWTH | B15: 선 지키기 | C15: 진로·자기계발 | D15: THX-RBT-15 | E15: 붙들고 있는 목표에 '누가 정한 기준?' 묻고 내 말로 다시 쓰기 | F15: 요즘 마음을 쓰는 진로 목표 하나를 적고, 그 기준이 어디서 왔는지 부모님·회사·SNS·나 중에서 표시해 보세요. 그다음 '내가 원하는 삶에서는 이 정도면 충분하다'처럼 내 말로 한 번 다시 써 봅니다. | G15: 어떤 삶이 좋은지는 내가 정할 수 있어요. 기준의 주인을 확인하는 것만으로도 남의 기대와 내 기준 사이에 선이 생깁니다. | H15: TH-RBT · 좋은 결과의 기준은 스스로 정한다(Goals set by the client - RBT, Maultsby) | J15: SELF-CARE-L1-04 | K15: 잠깐이라도 방해받지 않는 시간을 확보하기 | L15: 공부나 자기계발을 하는 동안 휴대폰을 멀리 두고, 함께 사는 사람에게 '이 시간만은 방해하지 말아 줘'라고 알려 보세요. 짧아도 온전히 지켜지는 시간이 중요합니다. | M15: 내 시간을 지켜 달라고 말하는 것도 선을 긋는 일입니다. 방해받지 않는 시간이 쌓이면 나와의 약속을 믿을 수 있어요. | N15: 배경 미기재(기존 DB) | P15: REL-MIND-L2-04 | Q15: 타인과 나를 비교하는 습관을 의식적으로 줄이기 | R15: 남의 성과가 자주 보이는 앱이나 계정을 하나 골라 쉬는 날을 정해 보세요. 비교가 시작되면 '지금 비교하고 있네' 하고 알아차리는 것까지가 연습입니다. | S15: 비교는 남의 속도를 내 기준으로 끌어오기 쉬워요. 들어오는 정보에 선을 그으면 내 속도를 지키기가 한결 수월해집니다. | T15: 연결: CBT:fit | V15: 3~5 · 10~15 · - | W15: SELF-CARE-L1-04 제목의 '10~15분'을 '잠깐'으로 바꿈. REL-MIND-L2-04는 '꾸준히 이어가기'. | X15: 미검수
A16: PRAC_BOUND_LOVE | B16: 선 지키기 | C16: 연애 | D16: NEW-REL-BOUNDARY-10 | E16: 연락 빈도에 대한 내 선호 적어두기 | F16: 연인이나 알아가는 사람과 연락할 때 편한 주기와 부담스러운 상황을 적어 보세요. 필요할 때 꺼낼 수 있게 다정하게 설명할 문장도 하나 만들어 둡니다. | G16: 내 리듬을 먼저 알아야 상대에게도 부드럽게 전할 수 있어요. 문장이 준비돼 있으면 서운함이 쌓이기 전에 말을 꺼내기 쉽습니다. | H16: 자기주장 훈련(Assertiveness training) | J16: NEW-COUPLE-FUTURE-02 | K16: 이번 달 각자 지키고 싶은 개인 일정 공유하기 | L16: 함께하는 일정 말고 각자 중요하게 여기는 시간을 하나씩 알려 주세요. 운동, 친구 모임, 혼자 쉬는 저녁처럼 무엇이든 괜찮습니다. | M16: 각자의 시간을 미리 알면 서로 서운해할 일이 줄어듭니다. 가까운 사이에서도 나를 지키는 선은 관계를 오래 편안하게 해 줘요. | N16: 자기분화(Differentiation of self - Bowen) | O16: 연인이 있을 때 | P16: REL-CARE-L2-02 | Q16: 관계와 별개로 나를 채우는 활동을 이어가기 | R16: 연애와 상관없이 나를 즐겁게 하는 활동 하나를 정해 이번 주에도 이어 가 보세요. 혼자 하는 취미든 친구와의 약속이든 좋습니다. | S16: 관계 밖에도 나를 채우는 곳이 있으면 상대에게 모든 걸 기대지 않아도 됩니다. 그 여유가 건강한 선을 지키는 힘이 돼요. | T16: 자기분화(Differentiation of self - Bowen) | V16: 8~10 · 8~10 · - | W16: NEW-REL-BOUNDARY-10, REL-CARE-L2-02는 '꾸준히 이어가기'. | X16: 미검수
A17: PRAC_BOUND_FAMILY | B17: 선 지키기 | C17: 가족 | D17: THX-MCP-08 | E17: 챙기는 사람·일을 '고른 것 / 떠맡은 것'으로 나누고 하나 덜어보기 | F17: 요즘 가족 안에서 챙기고 있는 사람과 일을 한 장에 적고, '내가 고른 것'과 '떠맡은 것' 중 가까운 쪽을 표시해 보세요. 떠맡은 것 중 하나는 이번 주에 나누거나 줄여 봅니다. | G17: 챙기는 일에는 내가 아끼는 마음이 담겨 있어요. 고른 것은 지키고 떠맡은 것은 덜어 내야 오래 다정할 수 있습니다. | H17: TH-MCP · 책임(Responsibility - 의미중심치료, Breitbart; Frankl) | J17: NEW-REL-BOUNDARY-06 | K17: 불편한 농담에 내 마음 짧게 표현하기 | L17: 가족 모임에서 불편한 농담이나 질문을 들으면, 안전한 분위기에서 '그 얘기는 좀 불편해요'처럼 짧게 알려 보세요. 미리 문장 하나를 정해 두면 꺼내기 쉽습니다. | M17: 가족이라도 듣기 힘든 말에는 선을 그을 수 있어요. 짧고 차분하게 말하면 관계를 해치지 않으면서 나를 지킬 수 있습니다. | N17: 자기주장 훈련(Assertiveness training) | P17: SELF-BODY-L1-01 | Q17: 집 앞을 잠깐 걸으며 기분 전환하기 | R17: 가족과 함께 있는 시간이 길어져 마음이 답답해지면, 잠깐 바람 쐬고 오겠다고 말하고 집 앞을 걸어 보세요. 돌아오는 시간도 미리 정해 두면 마음이 편합니다. | S17: 잠시 떨어져 있는 것도 관계를 지키는 방법이에요. 걷는 동안 몸이 풀리면 다시 돌아가 대화할 여유가 생깁니다. | T17: 운동과 기분 효과(Exercise-mood effect) · 연결: CBT:fit | V17: 5~10 · 8~10 · 10~15 | W17: THX-MCP-08 DB 메모: 책임을 늘리는 말로 들리지 않게, 돌봄 소진이 크면 공감·도움 자원 먼저. NEW-REL-BOUNDARY-06은 '농담'을 가족의 곤란한 질문까지 넓혀 맞춤. SELF-BODY-L1-01 제목의 '10~15분'을 '잠깐'으로 바꿈. | X17: 미검수
A18: PRAC_BOUND_SOCIAL | B18: 선 지키기 | C18: 교우·사회관계 | D18: NEW-SELF-VALUES-03 | E18: 최근 거절해서 잘했다고 느낀 일 떠올리기 | F18: 친구나 모임 요청을 거절해서 잘했다고 느낀 선택 하나를 떠올려, 그 덕분에 무엇을 지켰는지 적어 보세요. 쉼, 일정, 컨디션처럼 작은 것이어도 충분합니다. | G18: 거절 뒤에는 미안함이 더 오래 남기 쉬워요. 거절로 지킨 것을 확인해 두면 다음 거절이 조금 덜 무겁습니다. | H18: 자기주장 훈련(Assertiveness training) | J18: NEW-REL-BOUNDARY-08 | K18: 모임 불참 메시지 짧게 준비하기 | L18: 쉬고 싶은 날 쓸 수 있는 정중한 불참 문장을 미리 하나 써서 메모장에 저장해 두세요. '이번엔 쉬어 갈게, 다음에 꼭 보자'처럼 짧을수록 좋습니다. | M18: 그 자리에서 거절할 말을 찾으려면 마음이 급해집니다. 준비된 문장이 있으면 미안함에 끌려가지 않고 내 선택을 지킬 수 있어요. | N18: 자기주장 훈련(Assertiveness training) | P18: REL-CARE-L1-04 | Q18: 사람을 만나지 않는 저녁을 의도적으로 만들기 | R18: 이번 주 저녁 하루를 골라 약속을 잡지 않는 날로 비워 두세요. 그날은 연락에도 바로 답하지 않아도 됩니다. | S18: 사람을 좋아해도 혼자 회복하는 시간은 필요해요. 비워 둔 저녁이 있어야 다른 날의 만남도 더 즐겁게 누릴 수 있습니다. | T18: 배경 미기재(기존 DB) | V18: 8~10 · 3~5 · - | X18: 미검수
A19: PRAC_BOUND_MONEY | B19: 선 지키기 | C19: 재정·생활안정 | D19: NEW-SELF-VALUES-01 | E19: 내가 지키고 싶은 일상의 규칙 한 줄 쓰기 | F19: 돈과 관련해 나를 위해 지키고 싶은 작은 원칙 하나를 문장으로 적어 보세요. '돈을 빌려줄 때는 하루 생각하고 답한다'처럼 구체적일수록 좋습니다. | G19: 기준이 미리 있으면 부탁을 받거나 사고 싶은 게 생길 때 흔들림이 줄어요. 정해 둔 한 줄이 나 대신 선을 그어 줍니다. | H19: 실행 의도(Implementation intentions - Gollwitzer) · 연결: LOGO:fit | J19: THX-DBT-04 | K19: 충동 행동에 장단점 네 칸 채우기 | L19: 자꾸 하게 되는 충동구매 하나를 골라, 샀을 때와 사지 않고 넘겼을 때의 좋은 점·나쁜 점 네 칸을 채워 휴대폰에 저장해 두세요. 같은 충동이 오면 결제 전에 꺼내 읽어 봅니다. | M19: 당장의 마음과 나중의 내가 바라는 것을 나란히 놓으면 고르기가 쉬워져요. 지출에 선을 긋는 것은 참는 일이 아니라 나를 챙기는 일입니다. | N19: TH-DBT · 장단점 따져보기(Pros and cons - DBT) | P19: SELF-CARE-L2-05 | Q19: 부담 없는 선에서 나를 기쁘게 하는 것들을 정해두기 | R19: 돈이 거의 들지 않으면서 나를 기쁘게 하는 것들을 몇 가지 적어 두세요. 산책, 좋아하는 노래, 도서관 나들이처럼 소박할수록 좋습니다. | S19: 기분을 돌보는 방법이 소비 하나뿐이면 지출의 선을 지키기 어렵습니다. 부담 없는 즐거움이 있으면 무리한 요청이나 유혹에도 덜 흔들려요. | T19: 자기주장 훈련(Assertiveness training - 거절하기) · 연결: CBT:fit · DBT:fit | V19: 8~10 · 5~10 · - | W19: 재정 전용 실천 부족 — 일상 원칙·충동 장단점·소박한 즐거움 실천을 돈 장면으로 맞춤(적합도 보통). THX-DBT-04 DB 메모: 자해·위험 행동 충동에는 쓰지 않음. THX-DBT-04, SELF-CARE-L2-05는 '꾸준히 이어가기'. | X19: 미검수
A20: PRAC_SPEAK_CAREER | B20: 말하기 | C20: 직업·커리어 | D20: NEW-WORK-CONTEXT-07 | E20: 다음 회의에서 확인할 한 문장 준비하기 | F20: 회의 전에 꼭 확인하거나 말하고 싶은 것 하나를 질문 문장으로 적어 두세요. '이 부분은 제가 이렇게 이해했는데 맞을까요?'처럼 쓰면 꺼내기 쉽습니다. | G20: 말할 문장이 준비돼 있으면 타이밍을 놓쳐도 다시 꺼낼 수 있어요. 미리 쓴 한 줄이 목소리를 내는 출발점이 됩니다. | H20: 심리적 안전감(Psychological safety - Edmondson) | I20: 재직 중일 때 | J20: WORK-TALK-L1-04 | K20: 회의 중 작은 의견부터 말하는 연습을 하기 | L20: 다음 회의에서 '저도 그 방향이 좋아 보여요'처럼 짧은 의견 하나를 소리 내어 말해 보세요. 동의나 질문도 훌륭한 의견입니다. | M20: 작은 말이라도 한 번 해 보면 다음 발언의 문턱이 낮아집니다. 내 목소리가 회의에 있다는 감각이 조금씩 자라요. | N20: 심리적 안전감(Psychological safety - Edmondson) · 연결: LTA:fit · ST:fit | O20: 재직 중일 때 | P20: WORK-TALK-L2-01 | Q20: 일이 쌓이기 전에 지금 상황 알리기 | R20: 일정이 빠듯하거나 업무가 몰릴 것 같으면 문제가 커지기 전에 담당자에게 지금 상황을 짧게 알려 보세요. '이 일은 이번 주 안에는 어렵고, 이렇게 하면 가능할 것 같아요'처럼 대안을 붙이면 좋습니다. | S20: 힘든 상황을 늦게 말할수록 말하기도 어렵고 수습할 일도 커집니다. 미리 전하는 것은 핑계가 아니라 함께 일하는 사람을 위한 정보예요. | T20: 배경 미기재(기존 DB) | U20: 재직 중일 때 | V20: 3~5 · - · - | W20: 세 실천 모두 말하기 계열이지만 준비(글)·회의 발언·상황 공유로 단계를 나눔. 몸 실천은 DB 재직 실천 중 말하기와 맞는 것이 없어 넣지 않음. | X20: 미검수
A21: PRAC_SPEAK_GROWTH | B21: 말하기 | C21: 진로·자기계발 | D21: SELF-TALK-L1-04 | E21: 말하기 전에 글로 먼저 정리하며 감정을 선명하게 하기 | F21: 요즘 하고 싶은 일이나 진로 고민을 누군가에게 말하기 전에, 떠오르는 대로 글로 먼저 적어 보세요. 그중 꼭 전하고 싶은 문장 하나에 밑줄을 긋습니다. | G21: 생각이 글이 되면 막연하던 마음이 선명해져요. 정리된 한 문장이 있으면 말로 꺼낼 용기도 생깁니다. | H21: 연결: RBT:fit · WBT:fit | J21: THX-EFT-22 | K21: 새로 해보는 일 앞에서 든든한 한 사람에게 알리기 | L21: 이번 주 새로 시작하거나 도전하는 일이 있다면, 응원해 줄 만한 사람 한 명에게 '나 이거 해 보려고 해'라고 짧게 알려 보세요. 조언을 구하지 않아도 괜찮습니다. | M21: 든든한 한 사람에게 시작을 알리는 것만으로도 힘이 생깁니다. 내 계획을 소리 내어 말하는 연습도 돼요. | N21: TH-EFT · 안전 기지(Secure base - Bowlby, Feeney / EFT 맥락) | P21: THX-REBT-20 | Q21: 나를 지켜줄 문장을 소리 내어 녹음하고 다시 듣기 | R21: 준비하다 흔들릴 때 나를 붙잡아 줄 문장 한 줄을 정해 휴대폰 음성 메모에 또박또박 녹음해 보세요. 하루 한 번 들어 보고, 믿기 어렵다면 문장을 조금 더 현실적으로 고칩니다. | S21: 불안한 목소리만큼 단단한 목소리도 연습할수록 자라요. 내 목소리로 내 편을 들어 보는 경험은 다른 사람 앞에서 말할 때도 힘이 됩니다. | T21: TH-REBT · 소리 내어 힘 있게 논박하기(Forceful taped disputing - REBT, Ellis) | V21: - · 1~3 · 3~5 | W21: THX-EFT-22 DB 메모: 상대 필요. THX-REBT-20은 '꾸준히 이어가기', 원문의 믿음 점수 매기기는 숫자 금지로 뺌, 혼자 있는 곳에서. | X21: 미검수
A22: PRAC_SPEAK_LOVE | B22: 말하기 | C22: 연애 | D22: THX-EFT-03 | E22: 화난 순간에 '겉감정 / 속감정 / 하고 싶던 말' 세 줄 적기 | F22: 연애하며 화나거나 싸늘해졌던 순간 하나를 골라, 겉으로 나온 감정 한 단어, 그 아래 있던 여린 감정 한 단어, 그 감정이 하고 싶었던 말 한 문장을 적어 보세요. 속감정이 잘 안 떠오르면 '잘 모르겠음'도 충분한 답입니다. | G22: 겉으로 나온 화 밑에 서운함이나 불안이 숨어 있을 때가 많아요. 속마음을 찾아야 정말 하고 싶던 말을 전할 수 있습니다. | H22: TH-EFT · 1차 정서와 2차 정서(Primary vs secondary emotion - EFT, Johnson / Greenberg & Safran) | J22: COUPLE-TALK-L1-01 | K22: "왜 안 했어" 대신 "나는 이럴 때 서운했어"로 시작하기 | L22: 서운한 일이 생기면 상대의 행동을 따지기 전에 '나는 이럴 때 서운했어'로 말을 시작해 보세요. 한 가지 장면만 짧게 말하는 것이 좋습니다. | M22: '왜'로 시작하는 말은 상대를 방어하게 만들기 쉽습니다. 내 마음을 주어로 말하면 상대도 귀를 열기 쉬워요. | N22: 나-전달법(I-statements - 비폭력대화, Rosenberg) · 연결: EFT:fit · IPT:fit | O22: 연인이 있을 때 | P22: REL-TALK-L1-01 | Q22: 구체적인 한 가지를 짚어 칭찬해보기 | R22: 연인이나 요즘 알아가는 사람에게 고마웠던 행동 하나를 구체적으로 짚어 말해 보세요. '오늘 먼저 연락해 줘서 좋았어'처럼 짧아도 됩니다. | S22: 좋은 마음도 말해야 전해집니다. 긍정적인 표현이 자주 오가면 어려운 말을 꺼낼 때도 덜 긴장돼요. | T22: 연결: PPT:fit | V22: 5~10 · - · - | W22: THX-EFT-03 DB 메모: 속감정을 정답처럼 정해 주지 않기. | X22: 미검수
A23: PRAC_SPEAK_FAMILY | B23: 말하기 | C23: 가족 | D23: THX-IPT-11 | E23: 불편한 마음을 푸는, 우리 집에 맞는 방식 하나 고르기 | F23: 우리 집에서는 불편한 일이 생기면 보통 어떻게 푸는지 적고, 직접 말하기·글로 전하기·다른 가족의 도움 받기·시간 두기를 나란히 놓아 보세요. 지금 상황에 가장 맞는 방식에 별을 달고, 괜찮다면 그 방식으로 한 번 해 봅니다. | G23: 마음을 푸는 방식은 집집마다 달라요. 우리 집에 맞는 길을 고르면 말하기의 부담이 한결 줄어듭니다. | H23: TH-IPT · 문화·가족 맥락에 맞는 방식(Cultural adaptation - IPT) | J23: REL-TALK-L1-02 | K23: 비난 대신 내 감정을 주어로 말해보기 | L23: 가족에게 불편한 점이 있을 때 '왜 맨날 그래' 대신 '나는 그 말을 들으면 좀 속상해'처럼 내 감정을 주어로 말해 보세요. 한 번에 한 가지만 전하는 것이 좋습니다. | M23: 탓하는 말은 대화를 다툼으로 바꾸기 쉽습니다. 내 감정을 전하면 가족도 내 마음을 알아들을 여지가 생겨요. | N23: 나-전달법(I-statements - 비폭력대화, Rosenberg) · 연결: IPT:fit | P23: THX-DBT-03 | Q23: 욱한 순간 '멈춤 → 한 걸음 물러남' 한 번 해보기 | R23: 가족과 이야기하다 화가 확 올라오면 바로 말하지 말고 잠깐 멈춘 뒤 한 걸음 물러나 숨을 길게 내쉬어 보세요. 그다음 원하는 결과를 떠올리고 할 말을 고릅니다. | S23: 가까운 사이일수록 말이 먼저 튀어나오기 쉬워요. 한 박자 멈추면 하고 싶은 말을 내가 고를 수 있습니다. | T23: TH-DBT · STOP 기술(Stop, step back, observe, proceed - DBT) | V23: 10~15 · - · 1~3 | W23: THX-IPT-11은 '꾸준히 이어가기', DB 메모: 직접 말하기를 기본값으로 밀지 않기. THX-DBT-03 원문의 '3초'는 '잠깐'으로 바꿈. | X23: 미검수
A24: PRAC_SPEAK_SOCIAL | B24: 말하기 | C24: 교우·사회관계 | D24: SELF-MIND-L1-04 | E24: 지금 느끼는 감정을 한 단어로 표현해보기 | F24: 친구와 대화한 뒤나 모임에서 돌아오는 길에 지금 느끼는 감정에 한 단어로 이름을 붙여 보세요. '뿌듯함', '서운함', '지침'처럼 짧을수록 좋습니다. | G24: 감정에 이름이 붙으면 막연한 기분이 조금 정리돼요. 내 마음을 먼저 알아야 다른 사람에게도 표현할 수 있습니다. | H24: 정서 명명하기(Affect labeling - Lieberman) · 연결: CBT:fit · EFT:fit · RBT:fit | J24: THX-WBT-17 | K24: 전하고 싶은 말을 '속마음 / 전할 말'로 나눠 다시 쓰기 | L24: 친구에게 하고 싶은 말을 떠오르는 대로 적은 뒤, 내 감정을 쏟아 내는 부분과 상대에게 꼭 전해야 할 부분을 나눠 보세요. 전할 부분만 한두 문장으로 다듬어 둡니다. | M24: 다 털어놓는 것이 오히려 서로를 서운하게 할 때가 있어요. 꼭 필요한 말을 골라 두면 차분하게 전하기 쉽습니다. | N24: TH-WBT · 마음속 조정 후 전하기(Internal dialogue before sharing - WBT, Fava) / 긍정적 관계(Positive relations - Ryff) | P24: REL-TALK-L1-04 | Q24: 쌓아두지 않고 가볍게라도 표현해보기 | R24: 모임에서 메뉴나 장소, 시간에 대한 내 선호가 있다면 한 번은 가볍게 말해 보세요. '나는 이쪽이 좀 더 좋아'면 충분합니다. | S24: 작은 의견을 삼키다 보면 서운함이 쌓이기 쉽습니다. 가볍게 자주 말하는 연습이 큰 이야기도 꺼낼 수 있는 바탕이 돼요. | T24: 연결: IPT:fit · LTA:fit · ST:fit | V24: - · 5~10 · - | X24: 미검수
A25: PRAC_SPEAK_MONEY | B25: 말하기 | C25: 재정·생활안정 | D25: THX-IPT-10 | E25: 어려운 대화를 두세 줄 대본으로 미리 써보기 | F25: 더치페이, 빌려준 돈, 생활비 분담처럼 꺼내기 어려운 돈 이야기 하나를 골라, 상대가 할 법한 말과 내 대답을 주고받듯 두세 줄 써 보세요. 소리 내어 읽어 보고 말투가 마음에 들 때까지 짧게 고칩니다. | G25: 돈 이야기는 꺼내기 전이 가장 어렵습니다. 몇 줄이라도 미리 써 두면 삼키던 말이 실제로 꺼낼 수 있는 문장이 돼요. | H25: TH-IPT · 대화 미리 연습하기(Dialogue rehearsal - IPT) | J25: NEW-REL-BOUNDARY-04 | K25: 선택지를 두 개로 줄여 제안하기 | L25: 모임이나 약속을 잡을 때 내 예산과 일정에 맞는 선택지 두 개를 먼저 제안해 보세요. '이 두 곳 중에 어때?'처럼 가볍게 말하면 됩니다. | M25: 형편을 길게 설명하지 않아도 내 필요를 자연스럽게 전할 수 있어요. 먼저 제안하는 것만으로 부담스러운 지출을 줄일 수 있습니다. | N25: 배경 미기재(기존 DB) | P25: SELF-TALK-L1-01 | Q25: "오늘 좀 지쳤어"처럼 짧게라도 감정을 말로 꺼내보기 | R25: 돈 문제로 마음이 무거운 날, 편한 사람에게 '요즘 좀 빠듯해서 신경이 쓰여'처럼 짧게 감정을 말로 꺼내 보세요. 해결책을 듣지 않아도 괜찮습니다. | S25: 말하지 않은 걱정은 혼자 더 커지기 쉽습니다. 짧게라도 꺼내면 마음이 조금 가벼워지고 도움을 청할 길도 열려요. | T25: 연결: LTA:fit · ST:fit | V25: 10~15 · 8~10 · - | W25: 재정 전용 실천 부족 — 대화 대본·선택지 제안·감정 꺼내기 실천을 돈 장면으로 맞춤. THX-IPT-10 DB 메모: 안전하지 않은 관계의 대화는 연습하지 않음, '꾸준히 이어가기'. NEW-REL-BOUNDARY-04 원문은 날짜 두 개 제안 — 예산까지 넓힘. | X25: 미검수
A26: PRAC_REPAIR_CAREER | B26: 회복하기 | C26: 직업·커리어 | D26: THX-RBT-09 | E26: 의견이 부딪친 뒤 상대 말에서 맞을 수 있는 한 조각 찾기 | F26: 최근 동료와 의견이 부딪친 장면 하나를 떠올려 내 생각을 '확실한 사실'과 '내 의견'으로 나눠 적어 보세요. 그다음 상대 의견에서 맞을 수도 있는 한 조각을 찾아 한 줄 씁니다. | G26: 꼭 옳아야만 안심되는 마음은 오히려 쉽게 흔들려요. 한 조각을 인정해 보면 다시 마주 앉을 여유가 생깁니다. | H26: TH-RBT · 경직성과 유연성(Rigidity vs flexibility - RBT, Maultsby) | J26: WORK-TALK-L1-03 | K26: 작은 인정의 말로 관계와 분위기 데우기 | L26: 부딪쳤던 동료에게 평소처럼 업무 이야기를 건네며 '정리해 주신 자료 덕분에 편했어요' 같은 작은 인정의 말을 덧붙여 보세요. 지난 일을 다시 꺼내지 않아도 괜찮습니다. | M26: 갈등 뒤 어색함은 작은 말 한마디로 풀리기도 합니다. 인정의 말이 오가면 다시 함께 일할 분위기가 데워져요. | N26: 연결: PPT:fit | O26: 재직 중일 때 | P26: WORK-CARE-L1-04 | Q26: 업무 모드에서 벗어나는 전환 의식을 만들기 | R26: 속상한 일이 있었던 날, 퇴근하면서 손을 씻거나 옷을 갈아입는 것처럼 일과 나를 떼어 놓는 동작 하나를 정해 해 보세요. 그 동작을 할 때마다 '오늘 일은 여기까지'라고 속으로 말합니다. | S26: 일터의 감정을 집까지 데려오면 회복할 틈이 줄어들어요. 분명한 전환 신호가 있으면 마음을 추스르기 훨씬 쉽습니다. | T26: 전환 의식(Transition rituals - 역할 전환 신호) · 연결: IPT:neutral | U26: 재직 중일 때 | V26: 5~10 · - · - | W26: THX-RBT-09는 '꾸준히 이어가기', DB 메모: 괴롭힘·통제 관계에서 상대 주장에 맞추라는 뜻으로 쓰지 않음. WORK-TALK-L1-03, WORK-CARE-L1-04는 재직필요. | X26: 미검수
A27: PRAC_REPAIR_GROWTH | B27: 회복하기 | C27: 진로·자기계발 | D27: THX-CFT-12 | E27: 친구에게 건넬 말을 쓰고 한 줄을 나에게 읽기 | F27: 소중한 친구가 나처럼 시험이나 지원에서 뜻대로 되지 않았다고 상상하고, 그에게 건넬 말을 몇 줄 써 보세요. 그중 한 줄을 골라 나에게 소리 내어 읽어 봅니다. | G27: 친구에게는 쉽게 건네는 다정한 말을 나에게 돌려 읽으면 자책이 조금 누그러져요. 다시 일어설 힘은 다그침보다 다정함에서 나오기 쉽습니다. | H27: TH-CFT · 친구에게 건넬 말(Friend’s chair, 글쓰기형 - CFT) | J27: THX-PPT-23 | K27: 막힌 목표 하나에 '갈 수 있는 길' 두 가지 적기 | L27: 요즘 막혀 있다고 느끼는 목표 하나를 골라, 지금 방법 말고 그곳에 닿을 수 있는 다른 길을 두 가지만 적어 보세요. 당장 할 수 없는 길이어도 괜찮습니다. | M27: 희망은 덮어놓고 좋게 보는 것이 아니라 길이 있다고 믿는 거예요. 다른 길이 하나 보이면 실망에서 다시 걸음을 옮기기 쉬워집니다. | N27: TH-PPT · 희망과 낙관(Hope & optimism - Snyder, Seligman, PPT) | P27: SELF-BODY-L1-02 | Q27: 좋아하는 곡 한 곡 길이만큼 몸을 가볍게 늘여주기 | R27: 뜻대로 안 된 날, 좋아하는 노래 한 곡을 틀고 그 노래가 끝날 때까지 목과 어깨, 허리를 천천히 늘여 보세요. 잘하려 애쓰지 않고 시원한 만큼만 움직입니다. | S27: 실망은 몸에도 무겁게 남기 쉬워요. 몸을 먼저 풀어 주면 마음을 추스를 여유도 따라옵니다. | T27: 배경 미기재(기존 DB) | V27: 5~10 · 5 · - | W27: 진로 영역의 '회복하기'는 갈등보다 좌절 뒤 마음 추스르기로 해석. THX-PPT-23 DB 메모: 길이 하나도 안 보이는 절망일 때는 쓰지 않고 안전 규칙 우선. | X27: 미검수
A28: PRAC_REPAIR_LOVE | B28: 회복하기 | C28: 연애 | D28: THX-EFT-04 | E28: 다툴 때 내 행동을 '사실 나는 ~를 바랐다'로 다시 쓰기 | F28: 다툴 때 내 행동에 붙던 이름, 예를 들어 '잔소리'나 '무심함'을 하나 적고, 그 행동으로 사실은 무엇을 바랐는지 '사실 나는 ~를 바랐다' 한 문장으로 다시 써 보세요. 행동이 남긴 영향은 그대로 두고 그 안의 바람만 꺼내 봅니다. | G28: 잔소리나 무심함 안에도 '닿고 싶다'는 바람이 있을 수 있어요. 그 바람을 알면 다툼 뒤 다시 다가갈 말이 생깁니다. | H28: TH-EFT · 애착 관점의 재구성(Reframing in attachment terms - EFT, Johnson) | J28: COUPLE-TALK-L2-02 | K28: 감정이 격해지면 잠깐 멈췄다 다시 이야기하기로 약속하기 | L28: 평온할 때 연인과 '감정이 격해지면 잠깐 쉬었다가 다시 이야기하자'는 약속을 정해 보세요. 쉬는 시간과 다시 만날 때를 함께 정해 두는 것이 핵심입니다. | M28: 멈춤이 약속돼 있으면 잠시 자리를 피해도 버려진다는 느낌이 덜합니다. 서로 가라앉은 뒤에 나누는 대화가 화해로 이어지기 쉬워요. | N28: 타임아웃 기법(Time-out technique - Gottman) · 연결: DBT:fit · EFT:fit | O28: 연인이 있을 때 | P28: SELF-CARE-L1-02 | Q28: 잠깐 눈을 감고 호흡에만 집중하는 시간을 갖기 | R28: 다툼 뒤 마음이 들끓을 때 편한 자리에 앉아 잠깐 눈을 감고 숨이 들어오고 나가는 것에만 주의를 두어 보세요. 생각이 떠오르면 다시 숨으로 돌아오면 됩니다. | S28: 몸이 진정되어야 마음도 추스를 수 있어요. 숨을 고른 뒤에는 상대의 말을 조금 더 너그럽게 들을 여지가 생깁니다. | T28: 호흡 기반 이완(Diaphragmatic breathing & 부교감신경 활성화) · 연결: CFT:fit | V28: 3~5 · - · - | W28: THX-EFT-04 DB 메모: 상처 주는 행동의 변명으로 쓰지 않기. COUPLE-TALK-L2-02는 '꾸준히 이어가기'. | X28: 미검수
A29: PRAC_REPAIR_FAMILY | B29: 회복하기 | C29: 가족 | D29: THX-IPT-16 | E29: 지난 갈등에서 내 노력이 닿은 부분 두 가지 찾기 | F29: 최근 가족과의 갈등과 그 결과를 한 줄로 쓰고, 결과에 내가 영향을 준 행동을 두 가지 찾아보세요. 다음에 바꿔 볼 수 있는 한 조각도 함께 적어 둡니다. | G29: 결과가 완벽하지 않아도 내 노력이 닿은 부분은 있어요. 그걸 확인하면 무력감 대신 다음 한 걸음이 보입니다. | H29: TH-IPT · 내가 미친 영향 알아차리기(Sense of agency - IPT) | J29: REL-BODY-L1-04 | K29: 대화가 어렵다면 나란히 걷는 것부터 시작하기 | L29: 다툰 가족과 마주 앉아 이야기하기가 어색하다면 장보기나 동네 산책을 함께 가자고 해 보세요. 나란히 걷다 보면 굳이 지난 일을 꺼내지 않아도 됩니다. | M29: 마주 보는 대화보다 나란히 걷는 시간이 부담이 덜할 때가 있습니다. 함께 움직이는 시간이 다시 이어지는 다리가 돼요. | N29: 배경 미기재(기존 DB) | P29: THX-EFT-23 | Q29: 날카로운 한마디에 맞받기 전 '무슨 일 있었어?' 묻기 | R29: 가족이 툭 날카롭게 말했을 때 바로 받아치거나 입을 닫는 대신, 한 박자 숨을 쉬고 '무슨 일 있었어?'라고 물어보세요. 참고 넘기라는 뜻이 아니라 엇갈림이 커지기 전에 한 번 멈춰 보는 연습입니다. | S29: 날카로운 말에 바로 맞받으면 말다툼으로 번지기 쉬워요. 속사정을 먼저 물으면 상처가 깊어지기 전에 멈출 기회가 생깁니다. | T29: TH-EFT · 맞받지 않고 맞춰주기(Accommodation - Rusbult 외, EFT 맥락) | V29: 5~10 · - · 1~2 | W29: THX-EFT-23 DB 메모: 반복되는 폭언·위협·무시라면 쓰지 않음. THX-IPT-16: 책임 추궁처럼 들리지 않게. | X29: 미검수
A30: PRAC_REPAIR_SOCIAL | B30: 회복하기 | C30: 교우·사회관계 | D30: THX-IPT-09 | E30: 최근 만남을 '한 말·그때 기분·다음에 해볼 말'로 되짚기 | F30: 어긋났던 친구와의 만남이나 대화 하나를 떠올려 내가 한 말, 그때 기분, 다음에 해 보고 싶은 말을 세 줄로 적어 보세요. 잘 안 풀린 부분보다 내가 잘한 행동 하나를 먼저 적는 것이 순서입니다. | G30: 천천히 되짚어 보면 잘한 점이 먼저 보이고, 아쉬운 부분은 다음에 해 볼 말의 재료가 돼요. 자책 대신 회복할 방법에 마음이 갑니다. | H30: TH-IPT · 만남 되짚기(Reconstructing encounters - IPT) | J30: NEW-REL-ASYNC-07 | K30: 같이 웃었던 표현 다시 꺼내기 | L30: 서먹해진 친구와 함께 웃었던 표현이나 장면을 떠올려 가벼운 안부의 소재로 보내 보세요. 긴 사과나 설명 없이 짧은 메시지면 됩니다. | M30: 함께 웃었던 기억은 어색함을 녹이는 좋은 다리입니다. 가벼운 신호 하나가 다시 이어질 계기가 되기도 해요. | N30: 연결: MCP:fit | P30: SELF-CARE-L1-05 | Q30: 서두르지 않고 음료를 음미하며 잠시 멈추기 | R30: 관계 때문에 속상한 날, 따뜻한 차나 좋아하는 음료를 한 잔 준비해 향과 온기를 천천히 느끼며 마셔 보세요. 마시는 동안에는 휴대폰을 내려 둡니다. | S30: 마음이 복잡할 때 몸의 감각에 머물면 생각의 속도가 느려져요. 잠시 멈춰 나를 달래는 시간이 있어야 다시 다가갈 힘도 생깁니다. | T30: 연결: PPT:fit | V30: 5~10 · 8~10 · - | X30: 미검수
A31: PRAC_REPAIR_MONEY | B31: 회복하기 | C31: 재정·생활안정 | D31: THX-REBT-26 | E31: 자책 문장을 '아쉬운 점 + 다음엔' 두 줄로 바꾸기 | F31: 돈을 많이 쓴 날이나 지출 계획이 틀어진 날 '난 왜 이 모양이야'가 떠오르면, 대신 '이 부분이 아쉬웠다'와 '다음엔 이렇게 해 보겠다' 두 줄을 적어 보세요. 아쉬움은 남기고 나를 깎아내리는 말만 내려놓는 연습입니다. | G31: '아쉬웠어'와 '난 왜 이 모양이야'는 달라요. 자책을 덜어 내야 다음 지출을 조정할 힘이 남습니다. | H31: TH-REBT · 후회와 자책의 구분(Regret vs guilt - REBT, Ellis) | J31: THX-MCP-10 | K31: 미뤄둔 작은 일 목록에서 가장 작은 하나 이번 주에 끝내기 | L31: 안 쓰는 구독 해지, 영수증 정리, 미뤄 둔 공과금 확인처럼 마음에 걸린 채 미뤄 둔 생활 일을 적어 보세요. 가장 작고 쉬운 하나를 골라 이번 주에 끝낸 뒤 기분을 한 줄 남깁니다. | M31: 별것 아닌데 오래 미룬 일이 마음 한구석을 무겁게 차지해요. 작은 하나를 끝내면 생활을 다시 내 손에 쥔 느낌이 듭니다. | N31: TH-MCP · 마무리 못 한 일(Unfinished business, 작은 버전 - 의미중심치료, Breitbart) | P31: THX-CFT-21 | Q31: 아무것도 안 한 시간에 '회복 시간' 이름 붙이기 | R31: 오늘 아무것도 하지 않고 보낸 잠깐의 시간이 있었다면 그 시간에 '회복 시간'이라는 이름을 붙여 적어 보세요. 돈이 들지 않는 쉼도 회복이라는 걸 기록으로 남기는 연습입니다. | S31: 아무것도 안 한 시간도 마음이 회복되는 시간일 수 있어요. 이름을 붙이면 그 평온함을 미안함 없이 누릴 수 있습니다. | T31: TH-CFT · 진정시키기 체계(The safeness system - CFT) | V31: 3~5 · 5~15 · 1~2 | W31: 재정 영역의 '회복하기'는 돈 문제로 상한 마음 추스르기로 해석, 원래 대인 상황용인 THX-REBT-26을 지출 자책 장면으로 맞춤. THX-MCP-10 원문 예시(빌린 물건·고맙다는 말)를 생활 정리 예시로 바꿈. | X31: 미검수

Sheet A15 고정 문구
A1: ID | B1: 화면 위치 | C1: 문구 | D1: 검수 메모 | E1: 검수상태 | F1: 수정 문장 | G1: 상담사 메모
A2: FIX_DISCLAIMER | B2: 모든 결과 화면 맨 아래(무료·유료 공통) | C2: 점성술은 과학적으로 검증된 예측 도구가 아니며, 이 결과는 자기 성찰을 위한 웰니스 콘텐츠입니다. 중요한 결정은 현실의 정보와 전문가의 도움을 함께 살펴주세요. | D2: 지정 문구 그대로 사용(띄어쓰기 ‘살펴주세요’ 포함). | E2: 미검수
A3: FIX_GRADE_A | B3: 출생차트 휠 위 정확도 배지 설명(A등급: 시·분 입력) | C3: 태어난 시각까지 알려 주셔서 가장 정확한 차트로 풀었습니다. 상승궁과 하우스까지 모두 반영했어요. | E3: 미검수
A4: FIX_GRADE_B | B4: 출생차트 휠 위 정확도 배지 설명(B등급: 시간대 선택) | C4: 고르신 시간대를 기준으로 차트를 풀었습니다. 상승궁과 하우스는 그 시간대 안에서도 달라질 수 있어 참고로 봐 주세요. | E4: 미검수
A5: FIX_GRADE_C | B5: 출생차트 휠 위 정확도 배지 설명(C등급: 시간 모름) | C5: 태어난 시간을 몰라 상승궁과 하우스는 빼고 풀었습니다. 달은 하루 사이에도 별자리를 옮길 수 있어서 달의 위치는 참고로만 봐 주세요. | E5: 미검수
A6: FIX_ADD_TIME | B6: B·C등급 결과 상단 안내 + 버튼 | C6: 태어난 시간을 알면 결과가 더 정확해져요. 상승궁과 하우스까지 담긴 차트를 다시 볼 수 있습니다. → [태어난 시간 추가하기] | D6: 버튼 문구는 대괄호 안 ‘태어난 시간 추가하기’. | E6: 미검수
A7: FIX_WHEEL_TIP_1 | B7: 출생차트 휠 첫 진입 말풍선 첫 번째(바깥 고리) | C7: 바깥 고리는 열두 별자리예요. 눌러 보면 별자리 이름과 뜻이 나옵니다. | E7: 미검수
A8: FIX_WHEEL_TIP_2 | B8: 출생차트 휠 첫 진입 말풍선 두 번째(동그라미) | C8: 안쪽의 동그라미 하나하나가 행성입니다. 눌러 보면 그 행성이 내 차트에서 맡은 역할을 볼 수 있어요. | E8: 미검수
A9: FIX_WHEEL_TIP_3 | B9: 출생차트 휠 첫 진입 말풍선 세 번째(선) | C9: 행성 사이를 잇는 선은 행성끼리의 관계예요. 선을 누르면 서로 돕는 사이인지 긴장하는 사이인지 알려 드립니다. | D9: 선 색 구분(조화·긴장)을 디자인에서 쓴다면 ‘색으로 구분돼요’ 문장을 덧붙일 수 있습니다. | E9: 미검수
A10: FIX_TIE_CHOICE | B10: 캐릭터 동점 시 확인 화면 상단 | C10: 출생차트에서 두 캐릭터가 거의 같은 무게로 나왔습니다. 요즘의 나와 더 가까운 건 어느 캐릭터인가요? 마음이 가는 쪽을 골라 주세요. | E10: 미검수
A11: FIX_CANDIDATE_CHOICE | B11: B·C등급 캐릭터 후보 선택 화면 상단 | C11: 태어난 시간에 따라 캐릭터가 조금 달라질 수 있어요. 후보 가운데 나와 더 닮은 캐릭터는 어느 쪽인가요? 고르신 캐릭터로 결과를 이어 갑니다. | E11: 미검수
A12: FIX_PAYWALL_BOX | B12: 무료 결과 끝(2026 회고 아래) 결제 상자 | C12: 연말까지 살펴볼 것부터 2027년 마음가짐, 앞으로 5년의 흐름, 별이 주는 질문과 웰니스 제안까지 담긴 전체 리포트를 1,900원에 볼 수 있어요. 리포트와 함께 쏘웰라 3일 이용권이 제공됩니다. → [전체 리포트 보기] | D12: 숫자 허용 칸. 기간 한정·남은 수량 같은 긴박감 문구는 넣지 않았습니다. | E12: 미검수
A13: FIX_SOWELLA_3DAY | B13: 유료 리포트 맨 끝(고지 바로 위) | C13: 이 리포트와 함께 3일 동안 쏘웰라 이용권이 제공됩니다. 위 질문 중 하나를 골라 편하게 대화를 시작해 보세요. → [쏘웰라와 대화 시작하기] | D13: 숫자 허용 칸. 샘플 리포트 문구와 동일. | E13: 미검수
A14: FIX_CARE_CARD | B14: 부드러운 톤(두 번째 질문 그만하자·이별·고생)일 때 결과 하단 카드 | C14: 올해 마음이 많이 무거웠다면 혼자 정리하지 않아도 괜찮습니다. 쏘웰라와 편하게 이야기를 나눠 보거나, 필요할 때는 전문 상담의 도움을 받아 보세요. → [쏘웰라와 이야기 나누기] | D14: 진행을 막지 않는 카드 형태. 전문 상담 연결처(기관·전화번호)를 붙일지 상담사 확인 부탁드립니다. | E14: 미검수
A15: FIX_QUIET_DOMAIN | B15: 첫 번째 질문 고민 영역에 트랜짓 이벤트가 없을 때 해당 문단 | C15: 지금 이 영역의 하늘은 조용한 편입니다. 큰 바람이 없는 만큼 내가 속도와 방향을 정할 수 있는 시기예요. | E15: 미검수
A16: FIX_LOADING | B16: 결과 생성 중 로딩 화면 | C16: 태어난 순간의 하늘을 그리고 있어요. 별자리와 행성의 자리를 하나씩 계산하는 중입니다. | E16: 미검수
A17: FIX_PRIVACY_NOTE | B17: 출생정보 입력 화면 하단 | C17: 생년월일과 태어난 시간·장소는 출생차트를 계산하는 데에만 사용합니다. 자세한 내용은 개인정보 처리방침에서 확인할 수 있어요. | D17: 보관 기간·삭제 방식은 실제 개인정보 처리방침과 맞춰 법무 확인이 필요합니다. | E17: 미검수

Sheet A16 행성·각도·하우스 뜻 (용어 사전)
A1: ID | B1: 구분 | C1: 이름 | D1: 쉬운 별칭 | E1: 뜻 한 줄 | F1: 휠 탭 시트 설명(2문장) | G1: 검수 메모 | H1: 검수상태 | I1: 수정 문장 | J1: 상담사 메모
A2: TERM_SUN | B2: 행성 | C2: 태양 | D2: 나의 중심 | E2: 내가 어떤 사람으로 살고 싶은지, 삶의 중심과 자아를 보여 줘요. | F2: 태양은 나를 움직이는 가장 큰 힘과 자아의 방향을 상징합니다. 태양이 놓인 별자리와 자리는 내가 빛나고 싶은 방식을 알려 줘요. | H2: 미검수
A3: TERM_MOON | B3: 행성 | C3: 달 | D3: 감정의 별 | E3: 마음이 편해지는 조건과 감정의 리듬을 보여 줍니다. | F3: 달은 감정과 마음의 안정을 맡는 별이에요. 어떤 때 마음이 놓이고 어떤 때 흔들리는지 돌아보게 해 줍니다. | H3: 미검수
A4: TERM_MERCURY | B4: 행성 | C4: 수성 | D4: 생각·말의 별 | E4: 생각하고 말하고 연락하는 방식을 보여 줘요. | F4: 수성은 생각과 말, 배움과 연락을 맡는 별입니다. 내가 정보를 받아들이고 마음을 말로 옮기는 방식을 비춰 줘요. | H4: 미검수
A5: TERM_VENUS | B5: 행성 | C5: 금성 | D5: 좋아하는 것·관계의 별 | E5: 좋아하는 것, 관계를 맺는 방식, 돈을 대하는 감각을 보여 줍니다. | F5: 금성은 좋아하는 것과 관계, 돈의 감각을 맡는 별이에요. 무엇에서 기쁨을 느끼고 어떤 관계에서 편안함을 느끼는지 살펴보게 합니다. | H5: 미검수
A6: TERM_MARS | B6: 행성 | C6: 화성 | D6: 추진력의 별 | E6: 의욕이 생기는 계기와 그것을 행동으로 옮기는 방식을 보여 줘요. | F6: 화성은 의욕과 행동, 추진력을 맡는 별입니다. 내가 무언가를 시작하고 밀고 나갈 때의 힘과 속도를 보여 줘요. | H6: 미검수
A7: TERM_JUPITER | B7: 행성 | C7: 목성 | D7: 확장의 별 | E7: 넓어지고 기회가 열리는 방향을 보여 주는 별입니다. | F7: 목성은 확장과 기회를 상징하는 별이에요. 목성이 지나는 자리는 마음과 경험이 넓어지기 쉬운 영역으로 읽습니다. | H7: 미검수
A8: TERM_SATURN | B8: 행성 | C8: 토성 | D8: 책임의 별 | E8: 삶의 구조와 책임을 점검하게 하는 별이에요. | F8: 토성은 책임과 구조, 시험을 상징하는 별입니다. 토성이 지나는 동안에는 무게가 느껴지지만, 그만큼 단단한 기반이 남기도 해요. | H8: 미검수
A9: TERM_URANUS | B9: 행성 | C9: 천왕성 | D9: 변화의 별 | E9: 뜻밖의 전환과 새로운 가능성을 불러오는 별입니다. | F9: 천왕성은 갑작스러운 변화와 전환을 상징하는 별이에요. 흔들림과 함께 새로운 제안이나 역할, 다른 길이 열리는 계기가 되기도 합니다. | H9: 미검수
A10: TERM_NEPTUNE | B10: 행성 | C10: 해왕성 | D10: 흐릿함·꿈의 별 | E10: 꿈과 영감을 주지만 방향을 잠시 흐릿하게 만드는 별이에요. | F10: 해왕성은 꿈과 영감, 흐릿함을 상징하는 별입니다. 상상력이 커지는 만큼 현실의 경계가 흐려질 수 있어, 확인하며 가는 태도가 도움이 돼요. | H10: 미검수
A11: TERM_PLUTO | B11: 행성 | C11: 명왕성 | D11: 재탄생의 별 | E11: 깊은 곳에서 오래 걸려 일어나는 변형을 상징합니다. | F11: 명왕성은 깊은 변형과 재탄생을 상징하는 별이에요. 천천히, 그러나 깊게 무언가를 정리하고 새로 태어나게 하는 흐름으로 읽습니다. | H11: 미검수
A12: TERM_ASC | B12: 축 | C12: 상승궁(ASC) | D12: 첫인상의 자리 | E12: 나를 드러내는 방식과 첫인상, 몸의 리듬을 보여 줘요. | F12: 상승궁은 태어난 순간 동쪽 지평선에 떠오르던 별자리입니다. 사람들이 나를 처음 만났을 때 느끼는 분위기와 내가 세상에 다가가는 방식을 보여 줘요. | G12: A등급(시·분 입력)에서만 노출됩니다. | H12: 미검수
A13: TERM_MC | B13: 축 | C13: 천정(MC) | D13: 커리어의 방향 | E13: 일과 사회적 역할이 향하는 방향을 보여 줍니다. | F13: 천정은 태어난 순간 하늘의 가장 높은 곳에 있던 지점이에요. 내가 사회에서 어떤 역할로 알려지고 싶은지, 일의 방향을 비춰 줍니다. | G13: A등급(시·분 입력)에서만 노출됩니다. | H13: 미검수
A14: TERM_CONJ | B14: 각도 | C14: 합 | D14: 겹치는 자리 | E14: 두 행성이 겹쳐 서로의 힘이 가장 강하게 섞이는 각도예요. | F14: 합은 두 행성이 거의 같은 자리에서 만나는 각도입니다. 힘이 가장 강하고, 어떤 성격이 될지는 만나는 행성에 따라 달라져요. | H14: 미검수
A15: TERM_SEXTILE | B15: 각도 | C15: 육분 | D15: 자연스럽게 돕는 각도 | E15: 두 행성이 가볍게 손을 잡고 기회를 열어 주는 각도입니다. | F15: 육분은 두 행성이 서로를 부드럽게 돕는 각도예요. 내가 조금만 움직이면 그 도움이 더 잘 살아나는 흐름으로 읽습니다. | G15: 가이드 공통 문체 규칙에 따라 육분·삼분 별칭을 모두 ‘자연스럽게 돕는 각도’로 통일했습니다. 휠 탭 시트에서 구분이 필요하면 육분 ‘가볍게 돕는 각도’로 나누는 안도 있습니다. | H15: 미검수
A16: TERM_SQUARE | B16: 각도 | C16: 사각 | D16: 긴장하는 각도 | E16: 두 행성이 부딪혀 압박을 주지만 그만큼 움직이게 만드는 각도예요. | F16: 사각은 두 행성의 힘이 서로 엇갈리는 각도입니다. 불편함과 압박이 느껴지기 쉽지만, 그 긴장이 변화와 성장의 계기가 되기도 해요. | H16: 미검수
A17: TERM_TRINE | B17: 각도 | C17: 삼분 | D17: 자연스럽게 돕는 각도 | E17: 두 행성이 같은 결로 흐르며 일을 순조롭게 돕는 각도입니다. | F17: 삼분은 두 행성이 같은 원소의 결로 이어져 자연스럽게 돕는 각도예요. 힘을 들이지 않아도 흐름이 순하게 이어지기 쉬운 관계로 읽습니다. | H17: 미검수
A18: TERM_OPPOSITION | B18: 각도 | C18: 충 | D18: 마주 보는 자리 | E18: 두 행성이 정반대에서 마주 보며 균형을 묻는 각도예요. | F18: 충은 두 행성이 하늘의 정반대 쪽에서 마주 보는 각도입니다. 두 방향 사이에서 줄다리기가 느껴질 수 있고, 그만큼 균형을 찾는 연습이 돼요. | H18: 미검수
A19: TERM_H01 | B19: 하우스 | C19: 1하우스 | D19: 나 자신의 자리 | E19: 나 자신과 첫인상, 나를 드러내는 방식을 다루는 자리예요. | F19: 이 자리는 나라는 사람 자체와 몸의 리듬, 첫인상을 다룹니다. 행성이 이곳을 지나면 나를 보는 눈이나 보여 주는 방식이 달라지기 쉬워요. | H19: 미검수
A20: TERM_H02 | B20: 하우스 | C20: 2하우스 | D20: 돈·내 것의 자리 | E20: 돈과 내가 가진 것, 스스로를 얼마나 귀하게 여기는지를 다룹니다. | F20: 이 자리는 돈과 소유, 자기가치를 다루는 곳이에요. 행성이 지나면 무엇을 가치 있게 여기는지, 돈을 대하는 기준은 어떤지 돌아보기 쉽습니다. | H20: 미검수
A21: TERM_H03 | B21: 하우스 | C21: 3하우스 | D21: 배움·말의 자리 | E21: 배움과 말, 가까운 이웃과 형제를 다루는 자리예요. | F21: 이 자리는 일상의 배움과 대화, 가까운 사람과의 연락을 다룹니다. 행성이 지나면 생각을 나누고 새로 배우는 일이 활발해지기 쉬워요. | H21: 미검수
A22: TERM_H04 | B22: 하우스 | C22: 4하우스 | D22: 집·뿌리의 자리 | E22: 집과 가족, 마음의 뿌리를 다룹니다. | F22: 이 자리는 집과 가족, 마음이 돌아가 쉬는 곳을 다뤄요. 행성이 지나면 생활 공간이나 마음의 안정에 대한 생각이 깊어지기 쉽습니다. | H22: 미검수
A23: TERM_H05 | B23: 하우스 | C23: 5하우스 | D23: 즐거움·창작의 자리 | E23: 즐거움과 연애, 창작처럼 마음이 설레는 일을 다루는 자리예요. | F23: 이 자리는 놀이와 취미, 창작, 연애처럼 나를 즐겁게 하는 일을 다룹니다. 행성이 지나면 무엇이 나를 신나게 하는지 다시 살펴보기 좋아요. | G23: 연애는 meaning_line·detail에 담고, 별칭은 ‘즐거움·창작의 자리’로 짧게 했습니다. | H23: 미검수
A24: TERM_H06 | B24: 하우스 | C24: 6하우스 | D24: 일상·루틴의 자리 | E24: 매일의 업무와 루틴, 몸을 돌보는 습관을 다룹니다. | F24: 이 자리는 반복되는 일과 생활 습관, 몸 관리를 다루는 곳이에요. 행성이 지나면 하루의 리듬과 일하는 방식을 정비하게 되기 쉽습니다. | H24: 미검수
A25: TERM_H07 | B25: 하우스 | C25: 7하우스 | D25: 일대일 관계의 자리 | E25: 가까운 일대일 관계와 파트너를 다루는 자리예요. | F25: 이 자리는 동료나 짝처럼 마주 보는 관계를 다룹니다. 행성이 지나면 관계에서 주고받는 균형을 돌아보게 되기 쉬워요. | H25: 미검수
A26: TERM_H08 | B26: 하우스 | C26: 8하우스 | D26: 깊은 유대의 자리 | E26: 깊은 유대와 함께 나누는 자원, 마음 깊은 곳의 변화를 다룹니다. | F26: 이 자리는 깊이 신뢰하는 관계와 함께 쓰는 자원, 내면의 변형을 다뤄요. 행성이 지나면 오래 묻어 둔 마음을 정리하는 계기가 되기도 합니다. | H26: 미검수
A27: TERM_H09 | B27: 하우스 | C27: 9하우스 | D27: 넓은 배움·여행의 자리 | E27: 넓은 배움과 여행, 내가 믿는 가치를 다루는 자리예요. | F27: 이 자리는 먼 곳으로 떠나는 여행과 깊은 공부, 삶의 신념을 다룹니다. 행성이 지나면 시야를 넓히고 싶은 마음이 커지기 쉬워요. | H27: 미검수
A28: TERM_H10 | B28: 하우스 | C28: 10하우스 | D28: 일·커리어의 자리 | E28: 커리어와 사회적 역할, 일의 방향을 다룹니다. | F28: 이 자리는 사회에서 맡는 역할과 일의 성과를 다루는 곳이에요. 행성이 지나면 커리어의 방향이나 책임에 대한 고민이 커지기 쉽습니다. | H28: 미검수
A29: TERM_H11 | B29: 하우스 | C29: 11하우스 | D29: 사람들·미래의 자리 | E29: 사람들과 공동체, 미래의 목표를 다루는 자리예요. | F29: 이 자리는 친구와 모임, 함께 꿈꾸는 미래를 다룹니다. 행성이 지나면 어떤 사람들과 어디로 가고 싶은지 돌아보기 좋아요. | H29: 미검수
A30: TERM_H12 | B30: 하우스 | C30: 12하우스 | D30: 쉼·내면의 자리 | E30: 쉼과 내면, 보이지 않는 곳에서의 정리를 다룹니다. | F30: 이 자리는 혼자만의 시간과 쉼, 마음속 정리를 다뤄요. 행성이 지나면 겉으로 드러나지 않게 다음을 준비하는 시기가 되기 쉽습니다. | H30: 미검수
A31: TERM_RX | B31: 기타 | C31: 역행 | D31: 거꾸로 가는 듯한 때 | E31: 행성이 뒤로 가는 것처럼 보이는 기간으로, 그 행성의 일을 다시 돌아보게 해요. | F31: 역행은 지구에서 볼 때 행성이 잠시 거꾸로 움직이는 것처럼 보이는 현상입니다. 그 행성이 맡은 일을 새로 벌이기보다 다시 살피고 고치기 좋은 때로 읽어요. | H31: 미검수
A32: TERM_RETURN | B32: 기타 | C32: 리턴 | D32: 제자리로 돌아오는 때 | E32: 지금 하늘의 행성이 태어날 때의 자리로 돌아와 한 주기를 점검하게 합니다. | F32: 리턴은 행성이 한 바퀴를 돌아 내 출생차트의 같은 자리로 돌아오는 때예요. 그 행성이 맡은 영역에서 지난 주기를 정리하고 다음을 준비하는 계기로 읽습니다. | H32: 미검수
A33: TERM_TRANSIT | B33: 기타 | C33: 트랜짓 | D33: 지금 하늘의 행성 | E33: 지금 하늘을 지나는 행성이 내 출생차트의 자리를 건드리는 흐름이에요. | F33: 트랜짓은 지금 실제 하늘에서 움직이는 행성이 태어날 때의 행성과 각도를 이루는 것을 말합니다. 시기별 흐름은 대부분 이 트랜짓을 바탕으로 읽어요. | H33: 미검수
A34: TERM_INGRESS | B34: 기타 | C34: 별자리 이동(인그레스) | D34: 새 별자리로 넘어가는 때 | E34: 행성이 다음 별자리로 넘어가 분위기가 바뀌는 때입니다. | F34: 별자리 이동은 행성이 한 별자리를 지나 다음 별자리로 들어서는 순간이에요. 느린 행성일수록 그 뒤로 오랫동안 이어질 분위기가 시작되는 출발선으로 읽습니다. | H34: 미검수
A35: TERM_SOLAR_ECLIPSE | B35: 기타 | C35: 일식 | D35: 새 출발의 신호 | E35: 해가 가려지는 날로, 새로 시작할 것을 떠올려 보게 하는 상징이에요. | F35: 일식은 달이 해를 가리는 날로, 점성술에서는 새 장을 여는 신호로 읽습니다. 무언가를 서두르기보다 앞으로 키우고 싶은 것을 차분히 적어 보기 좋은 때예요. | G35: 공포 연상이 없도록 ‘새 출발의 신호’로만 썼습니다. | H35: 미검수
A36: TERM_LUNAR_ECLIPSE | B36: 기타 | C36: 월식 | D36: 마무리의 신호 | E36: 달이 가려지는 날로, 정리하고 마무리할 것을 돌아보게 하는 상징입니다. | F36: 월식은 지구의 그림자가 달을 가리는 날로, 점성술에서는 한 단락을 정리하는 신호로 읽어요. 놓아줄 것과 계속 가져갈 것을 나눠 보기 좋은 때입니다. | H36: 미검수

Sheet A17a 성찰 질문 은행 (역량 × 2027 바람)
A1: ID | B1: 역량 | C1: 2027 바람 | D1: 대표 질문(두괄식) | E1: 질문 1 | F1: 질문 2 | G1: 질문 3 | H1: 왜 이 질문인지(템플릿) | I1: 검수 메모 | J1: 검수상태 | K1: 수정 문장 | L1: 상담사 메모
A2: QB_LEAN_01 | B2: 기대기 | C2: 안정 | D2: 누구와 함께 안정을 쌓아 갈 것인가 | E2: 최근 혼자 버티다가 누군가 곁에 있었으면 했던 순간은 어떤 장면이었나요? | F2: 마음이 놓이는 저녁을 떠올리면, 그 자리에 함께 있는 사람은 누구인가요? | G2: 요즘 내 사정을 조금 더 털어놓고 싶은 사람에게 어떤 말부터 꺼내 보고 싶나요? | H2: 기대는 일에 에너지가 많이 드는 사람은 안정을 혼자 힘으로 만들려고 하기 쉽습니다. {{기질문장}} 그래서 다가올 해의 안정은 무엇을 더 해내느냐보다, 누구와 짐을 나눌 수 있느냐에서 시작될 수 있어요. | I2: headline_q는 ‘별이 드리는 질문은 ‘…’입니다’ 문장에 끼워 넣도록 ‘~인가/~것인가’ 꼴로 통일했습니다(전 행 공통). why_template은 [역량 문장] {{기질문장}} [바람 문장] 구조로 전 행에 기질문장 토큰을 넣었습니다. | J2: 미검수
A3: QB_LEAN_02 | B3: 기대기 | C3: 도약 | D3: 더 높이 뛰기 위해 누구의 손을 잡을 것인가 | E3: 새로운 일에 도전할 때 조언이나 도움을 구하고 싶은 사람을 떠올리면 누가 먼저 생각나나요? | F3: 혼자 끙끙대며 준비했던 일 가운데, 누군가와 나눴다면 달랐을 것 같은 장면은 무엇인가요? | G3: 한 걸음 더 나아갈 때 주변에 구체적으로 부탁하고 싶은 일은 무엇인가요? | H3: 기대기에 에너지가 드는 사람은 도약도 혼자 준비해서 완성된 모습만 보여 주려 하기 쉽습니다. {{기질문장}} 도움을 일찍 구할수록 준비의 무게가 줄고, 뛰어오를 힘은 오히려 커질 수 있어요. | J3: 미검수
A4: QB_LEAN_03 | B4: 기대기 | C4: 회복 | D4: 지친 마음을 누구 곁에서 내려놓을 것인가 | E4: 최근 가장 지쳤던 날, 그 하루를 누구에게 이야기하고 싶었나요? | F4: 누군가 곁에 있어서 마음이 조금 풀렸던 기억은 어떤 장면인가요? | G4: 힘들 때 받고 싶은 도움을 한 가지만 고른다면 어떤 모습의 도움인가요? | H4: 기대는 일이 어려운 사람은 지칠수록 연락을 줄이고 혼자 회복하려는 경우가 많습니다. {{기질문장}} 회복을 바란다면, 쉬는 시간만큼 마음을 내려놓을 수 있는 사람 곁에 머무는 시간도 챙겨 볼 만해요. | J4: 미검수
A5: QB_LEAN_04 | B5: 기대기 | C5: 사랑 | D5: 사랑 안에서 어떻게 기대고, 또 기댈 곳이 되어 줄 것인가 | E5: 가까운 사람에게 기대고 싶었지만 꾹 참았던 순간은 어떤 장면이었나요? | F5: 사랑받고 있다고 느끼는 순간을 떠올리면, 상대는 어떤 행동을 하고 있나요? | G5: 소중한 사람에게 요즘 바라는 작은 도움을 말로 옮긴다면 어떤 문장이 될까요? | H5: 기대기에 에너지가 드는 사람은 사랑 안에서도 부담이 될까 봐 바라는 것을 삼키기 쉽습니다. {{기질문장}} 사랑을 바란다면, 기대는 마음을 조금씩 보여 주는 연습이 관계를 더 가깝게 만드는 열쇠가 될 수 있어요. | I5: 사랑: 만남 권유 없이 이미 있는 관계와 관계 방식 중심으로 썼습니다(연인 없는 사용자도 가족·친구로 읽을 수 있게). | J5: 미검수
A6: QB_LEAN_05 | B6: 기대기 | C6: 좋은 사람들 | D6: 어떤 사람들과 서로 기대며 지낼 것인가 | E6: 부담 없이 도움을 주고받았던 사람과의 장면을 떠올리면, 그 관계의 어떤 점이 편했나요? | F6: 요즘 만나고 나면 마음이 가벼워지는 사람은 누구인가요? | G6: 조금 더 가까워지고 싶은 사람에게 먼저 건네고 싶은 말은 무엇인가요? | H6: 기대는 일이 어려운 사람에게 좋은 사람들이란 많이 아는 사람보다 편하게 기댈 수 있는 사람에 가깝습니다. {{기질문장}} 이미 곁에 있는 관계 가운데 서로 기대도 괜찮은 사람을 알아보는 것이 시작이 될 수 있어요. | J6: 미검수
A7: QB_LEAN_06 | B7: 기대기 | C7: 여유 | D7: 무엇을 맡기고 숨 돌릴 틈을 만들 것인가 | E7: 요즘 혼자 떠안고 있는 일 가운데 누군가에게 나눠도 괜찮을 일은 무엇인가요? | F7: 마음 편히 쉬었던 날을 떠올리면, 그날은 무엇이 달랐나요? | G7: 누군가에게 일을 맡길 때 마음에 걸리는 생각은 어떤 것인가요? | H7: 기대기에 에너지가 드는 사람은 부탁하기보다 혼자 하는 쪽을 택하다가 여유를 잃기 쉽습니다. {{기질문장}} 여유는 일을 줄이는 것만큼, 맡길 수 있는 사람을 곁에 두는 데서도 생겨요. | J7: 미검수
A8: QB_LEAN_07 | B8: 기대기 | C8: 건강한 생활 | D8: 누구와 함께 생활의 리듬을 지켜 갈 것인가 | E8: 오래 이어 갔던 습관을 떠올리면, 그 습관을 붙잡아 준 것은 무엇이었나요? | F8: 산책이나 잠자리 시간처럼 누군가와 함께하면 더 쉬워질 것 같은 루틴은 무엇인가요? | G8: 생활 리듬이 흐트러질 때 편하게 알릴 수 있는 사람은 누구인가요? | H8: 기대는 일이 어려운 사람은 생활 습관도 혼자 의지로만 지키려다 지치기 쉽습니다. {{기질문장}} 함께 걷거나 서로 잠드는 시간을 알려 주는 작은 약속이 루틴을 오래 붙잡아 주는 힘이 될 수 있어요. | J8: 미검수
A9: QB_LEAN_08 | B9: 기대기 | C9: 경제적 여유 | D9: 돈 걱정을 누구와 나누고 어떤 기준을 세울 것인가 | E9: 돈 문제로 혼자 계산만 거듭했던 장면을 떠올리면, 그때 가장 필요했던 것은 무엇이었나요? | F9: 생활비나 지출 이야기를 편하게 나눌 수 있는 사람은 누구인가요? | G9: 나에게 ‘이 정도면 넉넉하다’고 느껴지는 생활은 어떤 모습인가요? | H9: 기대기에 에너지가 드는 사람은 돈 고민처럼 말하기 어려운 이야기를 특히 혼자 품기 쉽습니다. {{기질문장}} 믿을 만한 사람과 생활의 기준을 함께 이야기해 보는 것만으로도 막연한 불안이 구체적인 계획으로 바뀔 수 있어요. | J9: 미검수
A10: QB_LEAN_09 | B10: 기대기 | C10: 인정 | D10: 누구에게 어떤 모습으로 인정받고 싶은가 | E10: 애써 해낸 일을 누군가 알아봐 주었으면 했던 순간은 어떤 장면이었나요? | F10: 도움을 받아 해낸 일도 나의 성과라고 느껴지려면 무엇이 필요할까요? | G10: 내 노력을 알아봐 주었으면 하는 사람에게 어떤 말을 듣고 싶나요? | H10: 기대는 일이 어려운 사람은 도움 없이 해내야 제대로 인정받는다고 여기기 쉽습니다. {{기질문장}} 함께 해낸 성과도 온전히 내 것으로 받아들일 때, 인정받는 기쁨이 더 오래 머물 수 있어요. | J10: 미검수
A11: QB_LEAN_10 | B11: 기대기 | C11: 나다움 | D11: 누구 앞에서 가장 나다운 모습이 되는가 | E11: 꾸미지 않은 모습으로 편하게 있을 수 있는 사람과의 장면을 떠올리면, 그때 나는 어떤 모습인가요? | F11: 도움을 청하는 내 모습을 떠올릴 때 드는 마음은 어떤 것인가요? | G11: 앞으로 조금 더 솔직하게 보여 주고 싶은 내 모습은 무엇인가요? | H11: 기대기에 에너지가 드는 사람은 강하고 괜찮은 모습만 나답다고 여기기 쉽습니다. {{기질문장}} 기대고 싶은 마음까지 내 일부로 받아들일 때, 나다움은 더 넓고 편안해질 수 있어요. | J11: 미검수
A12: QB_LEAN_11 | B12: 기대기 | C12: 새로운 시작 | D12: 새로운 시작을 누구와 나누며 열 것인가 | E12: 새로운 일을 시작하려 할 때 가장 먼저 이야기하고 싶은 사람은 누구인가요? | F12: 혼자 시작했다가 누군가의 도움이 아쉬웠던 순간은 어떤 장면이었나요? | G12: 새 출발을 앞두고 곁의 사람에게 부탁하고 싶은 작은 도움은 무엇인가요? | H12: 기대기에 에너지가 드는 사람은 새로운 시작도 혼자 다 준비한 뒤에야 알리려 하기 쉽습니다. {{기질문장}} 시작하는 마음을 일찍 나눌수록 낯선 길의 첫걸음이 한결 가벼워질 수 있어요. | I12: ‘새로운 시작’은 마스터스펙 5-2 v3의 추가 후보 바람(1·9하우스: 나 자신·넓은 배움과 여행)입니다. 확정 전 노출 여부를 확인 부탁드립니다. | J12: 미검수
A13: QB_TRUST_01 | B13: 믿기 | C13: 안정 | D13: 무엇이 있으면 마음을 놓을 수 있는가 | E13: 최근 걱정이 잦아들고 마음이 놓였던 순간은 어떤 장면이었나요? | F13: 불안할 때 가장 먼저 확인하게 되는 것은 무엇인가요? | G13: 흔들리는 날에도 변하지 않고 곁에 있는 것을 떠올리면 무엇이 생각나나요? | H13: 믿기에 에너지가 드는 사람은 안정을 바랄수록 확인하고 대비하는 일에 힘을 많이 쓰기 쉽습니다. {{기질문장}} 이미 나를 받치고 있는 것들을 알아보는 일이 안정으로 가는 첫걸음이 될 수 있어요. | J13: 미검수
A14: QB_TRUST_02 | B14: 믿기 | C14: 도약 | D14: 확신이 다 서지 않아도 내디딜 수 있는 한 걸음은 무엇인가 | E14: 해 보고 싶었지만 ‘아직은 아니야’ 하며 미뤄 둔 일은 무엇인가요? | F14: 결과를 알 수 없는 일을 시작했을 때 마음을 붙잡아 준 것은 무엇이었나요? | G14: 새 도전이 계획대로 되지 않아도 괜찮다고 느끼려면 어떤 준비가 있으면 좋을까요? | H14: 믿기에 에너지가 드는 사람은 모든 것이 확실해질 때까지 출발을 미루기 쉽습니다. {{기질문장}} 도약을 바란다면, 완벽한 확신 대신 돌아올 자리를 마련해 두는 것이 열쇠가 될 수 있어요. | J14: 미검수
A15: QB_TRUST_03 | B15: 믿기 | C15: 회복 | D15: 무엇을 믿고 긴장을 내려놓을 것인가 | E15: 몸은 쉬고 있는데 마음은 계속 긴장하고 있던 순간은 어떤 장면이었나요? | F15: ‘이제 괜찮다’고 느끼며 깊이 쉬었던 기억을 떠올리면, 그때 무엇이 달랐나요? | G15: 걱정을 잠시 내려놓기 위해 나에게 해 주고 싶은 말은 무엇인가요? | H15: 믿기에 에너지가 드는 사람은 쉬는 동안에도 다음 걱정을 미리 챙기느라 회복이 더디기 쉽습니다. {{기질문장}} 회복은 할 일을 멈추는 것만큼, 잠시 마음을 놓아도 된다고 스스로 허락하는 데서 시작돼요. | J15: 미검수
A16: QB_TRUST_04 | B16: 믿기 | C16: 사랑 | D16: 사랑 안에서 무엇을 믿고 마음을 열 것인가 | E16: 가까운 사람의 답장이 늦을 때 마음속에 떠오르는 생각은 어떤 것인가요? | F16: 사랑받고 있다고 믿게 해 주는 작은 행동은 무엇인가요? | G16: 관계 안에서 확인하고 싶은 마음이 들 때 나를 안심시키는 방법은 무엇인가요? | H16: 믿기에 에너지가 드는 사람은 사랑 안에서도 상대의 마음을 거듭 확인하고 싶어지기 쉽습니다. {{기질문장}} 확인보다 이미 받은 다정함을 기억하는 연습이 사랑을 더 편안하게 만들 수 있어요. | I16: 사랑: 만남 권유 없이 관계 안의 안정감 중심. | J16: 미검수
A17: QB_TRUST_05 | B17: 믿기 | C17: 좋은 사람들 | D17: 어떤 사람 곁에서 마음을 놓을 수 있는가 | E17: 처음에는 조심스러웠지만 점점 편해진 사람을 떠올리면, 어떤 순간에 마음이 열렸나요? | F17: 함께 있을 때 긴장이 풀리는 사람들에게는 어떤 공통점이 있나요? | G17: 조금 더 믿어 보고 싶은 관계는 누구와의 관계인가요? | H17: 믿기에 에너지가 드는 사람은 새로운 관계에 마음을 여는 데 시간이 필요합니다. {{기질문장}} 좋은 사람들과의 인연은 천천히 믿음을 쌓아도 괜찮은 관계에서 자라는 경우가 많아요. | J17: 미검수
A18: QB_TRUST_06 | B18: 믿기 | C18: 여유 | D18: 모든 것을 대비하지 않아도 괜찮은 틈은 어디인가 | E18: 계획이 틀어졌는데도 생각보다 괜찮았던 날은 어떤 장면이었나요? | F18: 미리 걱정하느라 즐기지 못했던 순간을 떠올리면, 그때 마음은 어디에 가 있었나요? | G18: 조금 느슨하게 두어도 괜찮을 일은 무엇인가요? | H18: 믿기에 에너지가 드는 사람은 만일을 대비하느라 여유가 있어야 할 자리까지 걱정으로 채우기 쉽습니다. {{기질문장}} 여유는 모든 경우를 준비했을 때가 아니라, 준비하지 않은 부분을 믿고 내버려 둘 때 생기기도 해요. | J18: 미검수
A19: QB_TRUST_07 | B19: 믿기 | C19: 건강한 생활 | D19: 어떤 루틴이 마음을 놓게 해 주는가 | E19: 하루를 마칠 때 마음이 차분해지는 습관은 어떤 것인가요? | F19: 잠들기 전 걱정이 이어지는 밤, 생각을 내려놓는 데 도움이 됐던 것은 무엇인가요? | G19: 매일 같은 시간에 해서 하루의 기둥이 되어 줄 작은 습관은 무엇일까요? | H19: 믿기에 에너지가 드는 사람에게는 예측할 수 있는 하루의 흐름이 든든한 버팀목이 될 수 있습니다. {{기질문장}} 매일 반복되는 작은 루틴은 생활을 정돈해 줄 뿐 아니라, 흔들리는 날에도 돌아올 기준이 되어 줘요. | J19: 미검수
A20: QB_TRUST_08 | B20: 믿기 | C20: 경제적 여유 | D20: 마음이 놓이는 나만의 생활 기준은 무엇인가 | E20: 돈 걱정이 가장 커졌던 순간을 떠올리면, 그때 무엇이 가장 불안했나요? | F20: 통장을 볼 때 마음이 편해지는 상태를 말로 옮기면 어떤 모습인가요? | G20: 비상금이나 고정 지출처럼 마음이 놓이게 해 줄 생활의 기준은 무엇일까요? | H20: 믿기에 에너지가 드는 사람은 돈이 늘어도 ‘아직 부족하다’는 불안이 쉽게 가라앉지 않을 수 있습니다. {{기질문장}} 막연한 목표 대신 마음이 놓이는 생활의 기준을 구체적으로 정해 두면, 경제적 여유를 느끼는 순간이 더 분명해져요. | I20: 경제적 여유: 투자 언급 없이 생활 기준·비상금 수준으로만 썼습니다. | J20: 미검수
A21: QB_TRUST_09 | B21: 믿기 | C21: 인정 | D21: 남의 평가 없이도 믿을 수 있는 나의 노력은 무엇인가 | E21: 칭찬을 들었는데도 마음이 놓이지 않았던 순간은 어떤 장면이었나요? | F21: 누가 알아주지 않아도 스스로 잘했다고 느꼈던 일은 무엇인가요? | G21: 내가 해낸 일을 스스로 확인할 수 있는 방법은 무엇일까요? | H21: 믿기에 에너지가 드는 사람은 인정을 받아도 그 말을 온전히 믿기까지 시간이 걸리기 쉽습니다. {{기질문장}} 바깥의 평가와 함께 스스로 확인할 수 있는 기록을 쌓아 갈 때, 인정이 마음에 더 오래 남을 수 있어요. | J21: 미검수
A22: QB_TRUST_10 | B22: 믿기 | C22: 나다움 | D22: 흔들려도 믿을 수 있는 나의 중심은 무엇인가 | E22: 남의 반응을 살피느라 내 선택을 바꿨던 순간은 어떤 장면이었나요? | F22: 어떤 상황에서도 지키고 싶은 나만의 기준은 무엇인가요? | G22: 내가 나를 믿는다고 느꼈던 순간을 떠올리면, 그때 나는 무엇을 하고 있었나요? | H22: 믿기에 에너지가 드는 사람은 바깥의 반응에 따라 나에 대한 믿음도 함께 흔들리기 쉽습니다. {{기질문장}} 나다움은 흔들리지 않는 것이 아니라, 흔들린 뒤에도 돌아갈 나의 기준을 아는 데서 단단해져요. | J22: 미검수
A23: QB_TRUST_11 | B23: 믿기 | C23: 새로운 시작 | D23: 모든 것이 확실하지 않아도 무엇을 믿고 시작할 것인가 | E23: 시작하고 싶었지만 확신이 서지 않아 미뤄 둔 일은 무엇인가요? | F23: 낯선 일을 처음 시작했을 때 나를 버티게 해 준 것은 무엇이었나요? | G23: 새로운 시작이 생각과 다르게 흘러가도 돌아올 수 있는 자리는 어디인가요? | H23: 믿기에 에너지가 드는 사람은 새 출발 앞에서 앞일이 다 보일 때까지 기다리기 쉽습니다. {{기질문장}} 새로운 시작을 바란다면, 확신보다 이미 나를 받쳐 주는 것을 알아보는 일이 첫걸음을 도울 수 있어요. | J23: 미검수
A24: QB_BOUND_01 | B24: 선 지키기 | C24: 안정 | D24: 안정을 지키기 위해 어디에 선을 그을 것인가 | E24: 부탁을 들어준 뒤 마음이 오래 불편했던 순간은 어떤 장면이었나요? | F24: 내 일상이 흔들리지 않으려면 지켜야 할 시간이나 공간은 무엇인가요? | G24: 정중하게 사양해 보고 싶은 일이 있다면 어떤 말로 전하고 싶나요? | H24: 선 지키기에 에너지가 드는 사람은 남의 부탁을 받아 주다가 정작 내 일상의 안정을 잃기 쉽습니다. {{기질문장}} 안정을 바란다면, 무엇을 더 할지보다 무엇을 받아들이지 않을지 정하는 것이 먼저일 수 있어요. | J24: 미검수
A25: QB_BOUND_02 | B25: 선 지키기 | C25: 도약 | D25: 도약을 위해 무엇을 거절하고 무엇에 집중할 것인가 | E25: 남의 일을 돕느라 내 계획이 뒤로 밀렸던 장면을 떠올리면, 그때 미뤄진 것은 무엇이었나요? | F25: 가장 집중하고 싶은 일 하나를 고른다면 무엇인가요? | G25: 그 일을 지키기 위해 줄이거나 사양하고 싶은 것은 무엇인가요? | H25: 선 지키기에 에너지가 드는 사람은 모든 요청에 응하다 보면 도약에 쓸 시간과 힘이 흩어지기 쉽습니다. {{기질문장}} 한 곳에 힘을 모으려면, 거절도 앞으로 나아가는 선택이라는 감각이 열쇠가 될 수 있어요. | J25: 미검수
A26: QB_BOUND_03 | B26: 선 지키기 | C26: 회복 | D26: 회복을 위해 지켜야 할 나의 경계는 어디인가 | E26: 쉬려고 했는데 연락이나 부탁 때문에 쉬지 못했던 날은 어떤 장면이었나요? | F26: 온전히 나만을 위해 쓰고 싶은 시간은 언제인가요? | G26: 지친 날 ‘오늘은 어렵다’고 말한다면 어떤 표현이 가장 편할까요? | H26: 선 지키기에 에너지가 드는 사람은 지쳐 있어도 남의 요청을 먼저 챙기다 회복할 틈을 놓치기 쉽습니다. {{기질문장}} 회복을 바란다면, 쉬는 시간에도 경계를 세워 두는 것이 가장 실질적인 돌봄이 될 수 있어요. | J26: 미검수
A27: QB_BOUND_04 | B27: 선 지키기 | C27: 사랑 | D27: 사랑 안에서 나를 지키는 선은 어디인가 | E27: 가까운 사람에게 맞추다가 나를 잃은 것 같았던 순간은 어떤 장면이었나요? | F27: 사랑하는 사이에서도 꼭 지키고 싶은 나만의 시간이나 공간은 무엇인가요? | G27: 소중한 사람에게 서운하지 않게 ‘이건 어려워’라고 말한다면 어떤 문장이 좋을까요? | H27: 선 지키기에 에너지가 드는 사람은 가까운 관계일수록 거절이 상처가 될까 봐 망설이기 쉽습니다. {{기질문장}} 건강한 선은 거리를 만드는 벽이 아니라, 오래 곁에 머물 수 있게 해 주는 울타리에 가까워요. | I27: 사랑: 만남 권유 없이 관계 안의 경계 중심. | J27: 미검수
A28: QB_BOUND_05 | B28: 선 지키기 | C28: 좋은 사람들 | D28: 누구와 가까이, 누구와는 적당히 지낼 것인가 | E28: 만나고 나면 유난히 지치는 관계를 떠올리면, 어떤 순간에 힘이 빠지나요? | F28: 거절해도 관계가 흔들리지 않았던 사람은 누구인가요? | G28: 시간을 더 쓰고 싶은 관계와 조금 덜 쓰고 싶은 관계는 무엇인가요? | H28: 선 지키기에 에너지가 드는 사람은 모든 관계에 같은 힘을 쓰다가 정작 좋은 사람들에게 쓸 마음이 남지 않기 쉽습니다. {{기질문장}} 관계마다 거리를 다르게 두는 것이 소중한 사람들과 더 깊어지는 방법이 될 수 있어요. | J28: 미검수
A29: QB_BOUND_06 | B29: 선 지키기 | C29: 여유 | D29: 여유를 위해 무엇을 내 몫에서 덜어 낼 것인가 | E29: ‘이건 내 일이 아닌데’ 싶으면서도 맡았던 일은 무엇이었나요? | F29: 일정표에 아무것도 없는 시간을 떠올리면, 그 시간에 하고 싶은 일은 무엇인가요? | G29: 한 번쯤 내려놓아도 괜찮을 역할은 무엇인가요? | H29: 선 지키기에 에너지가 드는 사람은 거절하지 못한 일들로 일정이 채워져 여유가 사라지기 쉽습니다. {{기질문장}} 여유는 시간이 남을 때 생기기보다, 내 몫과 남의 몫을 나누는 선에서 만들어져요. | J29: 미검수
A30: QB_BOUND_07 | B30: 선 지키기 | C30: 건강한 생활 | D30: 내 생활 리듬을 지키기 위해 무엇에 선을 그을 것인가 | E30: 늦은 연락이나 갑작스러운 약속 때문에 생활 리듬이 흐트러졌던 날은 어떤 장면이었나요? | F30: 잠드는 시간이나 식사 시간처럼 꼭 지키고 싶은 생활의 기준은 무엇인가요? | G30: 그 기준을 지키기 위해 주변에 미리 알려 두고 싶은 말은 무엇인가요? | H30: 선 지키기에 에너지가 드는 사람은 남의 일정에 맞추다 보면 잠과 식사 같은 기본 리듬부터 흔들리기 쉽습니다. {{기질문장}} 건강한 생활은 새 습관을 더하는 것만큼, 이미 있는 루틴을 지켜 내는 선에서 시작돼요. | J30: 미검수
A31: QB_BOUND_08 | B31: 선 지키기 | C31: 경제적 여유 | D31: 돈과 관련해 어디까지가 나의 몫인가 | E31: 거절하지 못해 쓰게 된 돈을 떠올리면, 그때 어떤 마음이 들었나요? | F31: 모임비나 선물처럼 관계 때문에 나가는 지출에 나만의 기준을 세운다면 어떤 모습일까요? | G31: 마음이 편한 생활을 위해 줄이고 싶은 지출은 무엇인가요? | H31: 선 지키기에 에너지가 드는 사람은 관계를 지키려다 내 생활비의 선까지 넘기기 쉽습니다. {{기질문장}} 경제적 여유는 많이 버는 것만큼, 어디까지 쓸지 스스로 정해 두는 기준에서 생겨요. | J31: 미검수
A32: QB_BOUND_09 | B32: 선 지키기 | C32: 인정 | D32: 인정받기 위해 넘지 않아야 할 선은 어디인가 | E32: 인정받고 싶어서 무리하게 맡았던 일은 어떤 장면으로 기억되나요? | F32: 거절하면서도 존중받는 사람을 떠올리면, 그 사람은 어떻게 말하나요? | G32: 내 능력을 보여 주고 싶은 일과 정중히 사양하고 싶은 일은 각각 무엇인가요? | H32: 선 지키기에 에너지가 드는 사람은 인정을 바랄수록 무리한 요청까지 받아들이기 쉽습니다. {{기질문장}} 할 수 있는 일과 어려운 일을 분명히 말할 때, 오히려 더 믿을 만한 사람으로 인정받을 수 있어요. | J32: 미검수
A33: QB_BOUND_10 | B33: 선 지키기 | C33: 나다움 | D33: 나를 나답게 지켜 주는 선은 무엇인가 | E33: 남의 기대에 맞추다가 ‘이건 내가 아닌데’ 싶었던 순간은 어떤 장면이었나요? | F33: 누가 뭐라 해도 양보하고 싶지 않은 나의 가치는 무엇인가요? | G33: 나다운 선을 지켰던 순간을 떠올리면 어떤 감정이 남아 있나요? | H33: 선 지키기에 에너지가 드는 사람은 상대에게 맞추는 사이 내가 원하는 것이 흐려지기 쉽습니다. {{기질문장}} 나다움은 무엇을 받아들이고 무엇을 사양할지 스스로 정하는 순간마다 조금씩 또렷해져요. | J33: 미검수
A34: QB_BOUND_11 | B34: 선 지키기 | C34: 새로운 시작 | D34: 새로 시작하기 위해 무엇을 내려놓을 것인가 | E34: 새로운 일을 하고 싶었지만 맡은 일들에 밀려 시작하지 못했던 장면은 무엇인가요? | F34: 새 출발을 위해 비워 두고 싶은 시간이나 공간은 무엇인가요? | G34: 이제는 정중하게 내려놓고 싶은 역할이나 약속은 무엇인가요? | H34: 선 지키기에 에너지가 드는 사람은 기존의 부탁과 역할을 다 안고 가느라 새로운 시작에 쓸 자리가 부족해지기 쉽습니다. {{기질문장}} 새 출발의 공간은 무엇을 더할지보다 무엇을 내려놓을지 정할 때 생겨나요. | J34: 미검수
A35: QB_SPEAK_01 | B35: 말하기 | C35: 안정 | D35: 마음을 놓기 위해 꺼내야 할 말은 무엇인가 | E35: 하고 싶은 말을 삼킨 뒤 마음이 오래 불편했던 순간은 어떤 장면이었나요? | F35: 내 생각을 편하게 말할 수 있는 자리는 어디인가요? | G35: 안정을 위해 가까운 사람에게 미리 나누고 싶은 이야기는 무엇인가요? | H35: 말하기에 에너지가 드는 사람은 갈등을 피하려고 말을 아끼다가 마음속 불안을 키우기 쉽습니다. {{기질문장}} 안정을 바란다면, 하고 싶은 말을 작게라도 꺼내 두는 것이 오히려 관계를 단단하게 만들 수 있어요. | J35: 미검수
A36: QB_SPEAK_02 | B36: 말하기 | C36: 도약 | D36: 도약을 위해 꺼내 놓을 나의 목소리는 무엇인가 | E36: 좋은 생각이 있었는데 말하지 않고 넘어간 회의나 대화는 어떤 장면이었나요? | F36: 내가 하고 싶은 일을 한 문장으로 소개한다면 어떻게 말하고 싶나요? | G36: 내 계획을 처음으로 들려주고 싶은 사람은 누구인가요? | H36: 말하기에 에너지가 드는 사람은 준비가 다 될 때까지 생각을 꺼내지 않아 기회를 놓치기 쉽습니다. {{기질문장}} 도약의 문은 완성된 결과보다, 하고 싶은 일을 먼저 말해 보는 데서 열리기도 해요. | J36: 미검수
A37: QB_SPEAK_03 | B37: 말하기 | C37: 회복 | D37: 지친 마음을 어떤 말로 꺼내 놓을 것인가 | E37: 힘들다는 말 대신 ‘괜찮아’라고 답했던 순간은 어떤 장면이었나요? | F37: 요즘 내 상태를 날씨로 표현한다면 어떤 날씨인가요? | G37: 지친 마음을 털어놓을 때 들어 주는 사람에게 바라는 반응은 무엇인가요? | H37: 말하기에 에너지가 드는 사람은 지쳐도 말로 꺼내지 못해 혼자 오래 버티기 쉽습니다. {{기질문장}} 회복을 바란다면, 지금 상태를 한 문장으로라도 말해 보는 일이 쉬는 것만큼 중요한 열쇠가 될 수 있어요. | J37: 미검수
A38: QB_SPEAK_04 | B38: 말하기 | C38: 사랑 | D38: 사랑하는 사람에게 아직 전하지 못한 말은 무엇인가 | E38: 소중한 사람에게 서운했지만 말하지 않고 넘어간 순간은 어떤 장면이었나요? | F38: 고맙다거나 좋다는 마음을 표현할 때 나에게 가장 편한 방식은 무엇인가요? | G38: 가까운 사람에게 요즘 바라는 것을 부드럽게 말한다면 어떤 문장이 될까요? | H38: 말하기에 에너지가 드는 사람은 사랑하는 사이일수록 말하지 않아도 알아주길 바라기 쉽습니다. {{기질문장}} 마음을 말로 건네는 작은 연습이 오해를 줄이고 사랑을 더 가깝게 느끼게 해 줄 수 있어요. | I38: 사랑: 만남 권유 없이 이미 있는 관계의 표현 중심. | J38: 미검수
A39: QB_SPEAK_05 | B39: 말하기 | C39: 좋은 사람들 | D39: 좋은 사람들과 어떤 대화를 나누고 싶은가 | E39: 대화가 잘 통해서 시간 가는 줄 몰랐던 순간은 어떤 장면이었나요? | F39: 여러 사람 사이에서 말을 꺼내기 망설여질 때 마음속에서는 어떤 생각이 드나요? | G39: 가까운 사람들과 더 자주 나누고 싶은 이야기는 무엇인가요? | H39: 말하기에 에너지가 드는 사람은 듣는 쪽에 머물다 보니 관계가 깊어지기까지 시간이 걸리기 쉽습니다. {{기질문장}} 좋은 사람들과의 관계는 내 이야기를 조금씩 나눌 때 서로를 알아 가며 자라나요. | J39: 미검수
A40: QB_SPEAK_06 | B40: 말하기 | C40: 여유 | D40: 여유를 위해 어떤 말을 미루지 않고 꺼낼 것인가 | E40: ‘지금은 어려워’라는 말을 꺼내지 못해 일정이 빠듯해졌던 장면은 어떤 장면이었나요? | F40: 속에 담아 둔 말이 많을 때 마음은 어떤 상태가 되나요? | G40: 여유를 위해 주변에 솔직하게 알리고 싶은 나의 사정은 무엇인가요? | H40: 말하기에 에너지가 드는 사람은 상황을 설명하는 대신 혼자 감당하다가 여유를 잃기 쉽습니다. {{기질문장}} 지금의 사정을 짧게라도 말로 알리는 것이 숨 돌릴 틈을 만드는 현실적인 방법이 될 수 있어요. | J40: 미검수
A41: QB_SPEAK_07 | B41: 말하기 | C41: 건강한 생활 | D41: 생활 리듬을 지키기 위해 어떤 말을 해 둘 것인가 | E41: 피곤하다는 말을 삼키고 일정을 이어 갔던 날은 어떤 장면이었나요? | F41: 하루의 리듬을 지키기 위해 가족이나 동료에게 알려 두고 싶은 것은 무엇인가요? | G41: 새 습관을 시작할 때 누군가에게 소리 내어 말해 둔다면 어떤 문장이 좋을까요? | H41: 말하기에 에너지가 드는 사람은 피로나 필요를 말하지 않아 생활 리듬이 남의 일정에 끌려가기 쉽습니다. {{기질문장}} 지키고 싶은 루틴을 주변에 말해 두면, 그 말이 습관을 이어 가는 약속이 되어 주기도 해요. | J41: 미검수
A42: QB_SPEAK_08 | B42: 말하기 | C42: 경제적 여유 | D42: 돈에 관해 미뤄 둔 말은 무엇인가 | E42: 돈 이야기를 꺼내기 어려워 불편했던 장면은 어떤 것이었나요? | F42: 보수나 생활비처럼 말하기 어려운 돈 이야기를 한다면 누구와 먼저 나누고 싶나요? | G42: 나에게 경제적 여유란 어떤 생활인지 한 문장으로 적는다면 어떤 문장이 될까요? | H42: 말하기에 에너지가 드는 사람은 돈 이야기를 불편해하다가 필요한 요청이나 조정을 놓치기 쉽습니다. {{기질문장}} 내 기준을 말로 정리해 보는 것만으로도 경제적 여유를 향한 길이 한결 또렷해질 수 있어요. | J42: 미검수
A43: QB_SPEAK_09 | B43: 말하기 | C43: 인정 | D43: 내가 해낸 일을 어떻게 말할 것인가 | E43: 열심히 한 일을 말하지 않아 아무도 몰랐던 순간은 어떤 장면이었나요? | F43: 내 성과를 자랑이 아니라 설명으로 전한다면 어떤 말로 시작하고 싶나요? | G43: 내 노력을 알리고 싶은 자리는 어디인가요? | H43: 말하기에 에너지가 드는 사람은 말하지 않아도 결과가 알려 주리라 믿고 기다리기 쉽습니다. {{기질문장}} 인정을 바란다면, 내가 한 일을 담담하게 설명하는 연습이 생각보다 큰 차이를 만들 수 있어요. | J43: 미검수
A44: QB_SPEAK_10 | B44: 말하기 | C44: 나다움 | D44: 어떤 말을 할 때 가장 나다운가 | E44: 분위기에 맞추느라 내 생각과 다른 말을 했던 순간은 어떤 장면이었나요? | F44: 말하고 나서 ‘이게 진짜 내 생각이야’라고 느꼈던 순간은 언제인가요? | G44: 조금 더 자주 말하고 싶은 나의 생각이나 취향은 무엇인가요? | H44: 말하기에 에너지가 드는 사람은 분위기를 살피다 보면 내 생각보다 무난한 말을 고르기 쉽습니다. {{기질문장}} 나다움은 거창한 선언보다, 작은 대화 속에서 내 생각을 한 문장씩 꺼내는 데서 자라나요. | J44: 미검수
A45: QB_SPEAK_11 | B45: 말하기 | C45: 새로운 시작 | D45: 새로운 시작을 어떤 말로 꺼낼 것인가 | E45: 해 보고 싶은 일이 있었지만 입 밖에 내지 못하고 넘어간 순간은 어떤 장면이었나요? | F45: 새로 배우거나 가 보고 싶은 길을 누군가에게 설명한다면 어떤 말로 시작하고 싶나요? | G45: 시작하고 싶은 일을 소리 내어 말해 두면 마음이 어떻게 달라질 것 같나요? | H45: 말하기에 에너지가 드는 사람은 새로운 시작도 확실해질 때까지 마음속에만 담아 두기 쉽습니다. {{기질문장}} 하고 싶은 일을 먼저 말로 꺼내 두면, 그 말이 시작을 붙잡아 주는 첫 약속이 될 수 있어요. | J45: 미검수
A46: QB_REPAIR_01 | B46: 회복하기 | C46: 안정 | D46: 어긋난 뒤에도 다시 이어질 수 있다는 믿음을 어떻게 쌓을 것인가 | E46: 다툰 뒤 다시 편해지기까지 시간이 오래 걸렸던 관계를 떠올리면, 무엇이 그 시간을 길게 만들었나요? | F46: 갈등이 있었지만 오히려 가까워졌던 경험은 어떤 장면인가요? | G46: 어긋났을 때 먼저 건넬 수 있는 짧은 한마디를 정해 둔다면 어떤 말일까요? | H46: 회복하기에 에너지가 드는 사람은 작은 다툼에도 관계 전체가 흔들리는 것처럼 느끼기 쉽습니다. {{기질문장}} 안정을 바란다면, 갈등이 없는 상태보다 어긋나도 다시 이어지는 경험을 쌓는 것이 열쇠가 될 수 있어요. | J46: 미검수
A47: QB_REPAIR_02 | B47: 회복하기 | C47: 도약 | D47: 부딪힘을 지나 더 나아가려면 무엇이 필요한가 | E47: 의견이 부딪힌 뒤 한동안 일에 집중하기 어려웠던 장면은 무엇인가요? | F47: 피드백이나 반대 의견을 들은 뒤 다시 힘을 냈던 경험을 떠올리면, 무엇이 도움이 됐나요? | G47: 도전하며 생길 수 있는 마찰을 어떻게 다루고 싶나요? | H47: 회복하기에 에너지가 드는 사람은 갈등이 생길까 봐 새로운 도전 앞에서 한 발 물러서기 쉽습니다. {{기질문장}} 도약에는 크고 작은 부딪힘이 함께 오기 쉬워서, 어긋난 뒤 다시 대화를 여는 힘이 앞으로 나아가는 바탕이 될 수 있어요. | J47: 미검수
A48: QB_REPAIR_03 | B48: 회복하기 | C48: 회복 | D48: 마음에 남은 앙금을 어떻게 풀어낼 것인가 | E48: 지난 다툼이 자꾸 떠올라 쉬는 시간에도 마음이 무거웠던 순간은 어떤 장면이었나요? | F48: 아직 마음에 남아 있는 서운함을 떠올리면, 그 마음이 바라는 것은 무엇인가요? | G48: 관계를 다시 잇든 잠시 두든, 내 마음을 먼저 돌보기 위해 할 수 있는 일은 무엇인가요? | H48: 회복하기에 에너지가 드는 사람은 풀리지 않은 갈등이 쉬는 동안에도 마음을 붙잡아 지치기 쉽습니다. {{기질문장}} 회복을 바란다면, 관계를 바로 해결하는 것보다 내 마음에 남은 서운함부터 알아주는 일이 먼저일 수 있어요. | I48: 역량 ‘회복하기(갈등 뒤 회복)’와 바람 ‘회복(지친 마음 회복)’이 겹쳐, 관계 해결보다 내 마음 돌봄을 앞에 두었습니다. 화해를 강요하지 않도록 세 번째 질문에 ‘잠시 두든’을 넣었습니다. | J48: 미검수
A49: QB_REPAIR_04 | B49: 회복하기 | C49: 사랑 | D49: 사랑하는 사람과 어긋났을 때 어떻게 다시 다가갈 것인가 | E49: 가까운 사람과 다툰 뒤 먼저 말을 걸기 어려웠던 순간은 어떤 장면이었나요? | F49: 화해했다고 느낀 순간, 상대와 나 사이에는 어떤 말이나 행동이 있었나요? | G49: 어긋난 뒤 소중한 사람에게 건네고 싶은 다정한 한마디는 무엇인가요? | H49: 회복하기에 에너지가 드는 사람은 사랑하는 사이일수록 다툼 뒤의 어색함을 오래 견디기 어렵습니다. {{기질문장}} 사랑을 바란다면, 다투지 않는 것보다 다툰 뒤 다시 다가가는 나만의 방식을 아는 것이 관계를 지켜 주는 힘이 될 수 있어요. | I49: 사랑: 만남·이별 권유 없이 이미 있는 관계의 회복 방식 중심. | J49: 미검수
A50: QB_REPAIR_05 | B50: 회복하기 | C50: 좋은 사람들 | D50: 서운함이 생겨도 이어 가고 싶은 관계는 누구인가 | E50: 서운한 일 뒤에 자연스럽게 멀어진 관계를 떠올리면, 그때 전하지 못한 마음은 무엇이었나요? | F50: 작은 오해를 웃으며 풀었던 사람과의 장면은 어떤 모습이었나요? | G50: 다시 안부를 전해 보고 싶은 사람은 누구인가요? | H50: 회복하기에 에너지가 드는 사람은 갈등이 생기면 관계를 조용히 정리하는 쪽을 택하기 쉽습니다. {{기질문장}} 좋은 사람들은 어긋남이 없는 관계보다, 서운함을 지나 다시 이어진 관계에서 남는 경우가 많아요. | I50: 첫 번째 질문이 후회를 자극하지 않는지 상담사 확인 부탁드립니다. | J50: 미검수
A51: QB_REPAIR_06 | B51: 회복하기 | C51: 여유 | D51: 풀리지 않은 갈등에 쓰는 마음을 어떻게 덜어 낼 것인가 | E51: 지난 대화를 머릿속으로 계속 되짚느라 쉬지 못했던 밤은 어떤 장면이었나요? | F51: 지금 당장 풀지 않아도 괜찮은 갈등을 떠올린다면 무엇이 생각나나요? | G51: 마음이 복잡할 때 생각을 잠시 내려놓게 해 주는 나만의 방법은 무엇인가요? | H51: 회복하기에 에너지가 드는 사람은 끝나지 않은 갈등을 머릿속으로 되풀이하느라 여유를 빼앗기기 쉽습니다. {{기질문장}} 모든 어긋남을 당장 풀지 않아도 된다고 허락할 때, 마음에 숨 쉴 틈이 생길 수 있어요. | J51: 미검수
A52: QB_REPAIR_07 | B52: 회복하기 | C52: 건강한 생활 | D52: 마음이 상한 날에도 지킬 생활의 리듬은 무엇인가 | E52: 누군가와 다툰 날, 잠이나 식사 같은 생활 리듬은 어떻게 달라졌나요? | F52: 속상한 일이 있어도 꼭 지키고 싶은 하루의 습관은 무엇인가요? | G52: 마음이 어수선한 날 나를 다시 일상으로 데려와 주는 작은 루틴은 무엇인가요? | H52: 회복하기에 에너지가 드는 사람은 관계가 어긋나면 잠과 식사 같은 생활 리듬까지 함께 흔들리기 쉽습니다. {{기질문장}} 감정이 출렁이는 날에도 지킬 작은 루틴을 정해 두면, 마음이 돌아올 자리가 생겨요. | J52: 미검수
A53: QB_REPAIR_08 | B53: 회복하기 | C53: 경제적 여유 | D53: 돈 때문에 생긴 불편함을 어떻게 풀어 갈 것인가 | E53: 돈 문제로 가까운 사람과 서먹해졌던 장면을 떠올리면, 그때 가장 불편했던 것은 무엇이었나요? | F53: 돈 이야기로 생긴 오해를 풀 때 어떤 방식이 서로에게 편할까요? | G53: 생활비나 지출에 대해 미리 나눠 두면 마음이 편해질 기준은 무엇일까요? | H53: 회복하기에 에너지가 드는 사람은 돈 문제로 생긴 어색함을 꺼내지 못하고 오래 품기 쉽습니다. {{기질문장}} 경제적 여유는 금액만의 문제가 아니라, 돈 이야기를 편하게 나누고 정리할 수 있는 관계에서도 자라요. | J53: 미검수
A54: QB_REPAIR_09 | B54: 회복하기 | C54: 인정 | D54: 서운한 평가 뒤에 어떻게 다시 일어설 것인가 | E54: 지적이나 비판을 들은 뒤 한동안 마음이 가라앉았던 장면은 어떤 것이었나요? | F54: 서운한 평가를 받은 뒤에도 관계를 잘 이어 갔던 경험을 떠올리면, 무엇이 도움이 됐나요? | G54: 나를 인정해 주었으면 하는 사람과 어떤 대화를 나누고 싶나요? | H54: 회복하기에 에너지가 드는 사람은 인정받고 싶은 마음이 클수록 비판 한마디에 오래 흔들리기 쉽습니다. {{기질문장}} 어긋난 평가 뒤에도 다시 대화를 이어 가는 힘이 쌓일 때, 인정은 더 단단한 신뢰로 돌아올 수 있어요. | J54: 미검수
A55: QB_REPAIR_10 | B55: 회복하기 | C55: 나다움 | D55: 갈등 앞에서도 나답게 남는 방법은 무엇인가 | E55: 갈등을 빨리 끝내려고 내 마음과 다르게 물러섰던 순간은 어떤 장면이었나요? | F55: 다툰 뒤에도 내 마음을 솔직하게 전한다면 어떤 말로 시작하고 싶나요? | G55: 관계를 지키면서도 나를 잃지 않았다고 느낀 경험은 무엇인가요? | H55: 회복하기에 에너지가 드는 사람은 관계를 되돌리려다 내 마음을 뒤로 미루기 쉽습니다. {{기질문장}} 나다움은 갈등을 피하는 데서가 아니라, 어긋난 뒤에도 내 마음을 지키며 다시 다가가는 방식에서 드러나요. | J55: 미검수
A56: QB_REPAIR_11 | B56: 회복하기 | C56: 새로운 시작 | D56: 새로운 시작 앞에서 생기는 엇갈림을 어떻게 다룰 것인가 | E56: 새로운 선택을 했을 때 가까운 사람과 생각이 엇갈렸던 장면은 무엇인가요? | F56: 내 결정을 이해받지 못했을 때도 관계를 이어 갔던 경험을 떠올리면, 무엇이 도움이 됐나요? | G56: 새 출발을 앞두고 소중한 사람에게 미리 건네고 싶은 말은 무엇인가요? | H56: 회복하기에 에너지가 드는 사람은 누군가 서운해할까 봐 새로운 시작을 망설이기 쉽습니다. {{기질문장}} 새 출발에는 작은 엇갈림이 따르기 쉬워서, 어긋난 뒤 다시 마음을 잇는 힘이 시작을 지켜 주는 바탕이 될 수 있어요. | J56: 미검수

Sheet A17b 기질 문장 (태양 원소 × 달 원소)
A1: ID | B1: 태양 원소 | C1: 달 원소 | D1: 태양·달 대비 문단 | E1: 기질 문장(질문 이유용) | F1: 검수 메모 | G1: 검수상태 | H1: 수정 문장 | I1: 상담사 메모
A2: TEMP_FIRE_FIRE | B2: 불 | C2: 불 | D2: 겉은 빠르고 당당한 {{태양별자리}} 태양이고, 속도 마음이 움직이면 바로 표현하고 싶은 {{달별자리}} 달이에요. 겉과 속이 같은 방향으로 달리기 때문에 시작하는 힘이 크지만, 쉬어 가는 타이밍은 따로 챙겨야 할 수 있습니다. | E2: 겉도 속도 빠르게 불붙는 기질이라 멈추는 연습이 따로 필요할 수 있어요. | F2: 같은 원소 행(불·불, 흙·흙, 공기·공기, 물·물)은 ‘속도’로 겉과 속이 같은 방향임을 표시했습니다. 태양·달이 같은 별자리여도 어색하지 않게 썼습니다. | G2: 미검수
A3: TEMP_FIRE_EARTH | B3: 불 | C3: 흙 | D3: 겉은 빠르고 당당한 {{태양별자리}} 태양이지만, 속은 차근차근 정리해야 편한 {{달별자리}} 달이에요. 가끔 일단 저지르고 나서 혼자 계속 점검하는 자신을 발견한다면, 이 두 기운의 차이 때문일 수 있습니다. | E3: 먼저 움직이는 겉과 하나하나 점검해야 마음이 놓이는 속이 함께 있는 기질입니다. | F3: 샘플 리포트 문단을 토큰화한 행입니다. | G3: 미검수
A4: TEMP_FIRE_AIR | B4: 불 | C4: 공기 | D4: 겉은 빠르고 당당한 {{태양별자리}} 태양이고, 속은 생각을 말로 정리해야 편한 {{달별자리}} 달이에요. 불과 공기는 서로를 키우는 사이라 생각이 금세 행동으로 이어지지만, 감정은 한 걸음 떨어져 정리할 시간이 필요할 수 있습니다. | E4: 빠르게 움직이면서도 마음은 한 발 떨어져 생각으로 정리하려는 기질이에요. | F4: 불·공기, 흙·물처럼 서로 돕는 원소 조합은 대비보다 시너지와 그 그늘을 함께 썼습니다. | G4: 미검수
A5: TEMP_FIRE_WATER | B5: 불 | C5: 물 | D5: 겉은 빠르고 당당한 {{태양별자리}} 태양이지만, 속은 감정을 깊이 느끼고 마음이 통해야 편한 {{달별자리}} 달이에요. 씩씩하게 앞장서다가도 혼자 있을 때 작은 말 한마디를 오래 곱씹는다면, 이 두 기운의 차이 때문일 수 있습니다. | E5: 씩씩하게 앞장서는 겉과 작은 말에도 깊이 흔들리는 속이 함께 있는 기질입니다. | G5: 미검수
A6: TEMP_EARTH_FIRE | B6: 흙 | C6: 불 | D6: 겉은 차분하고 믿음직한 {{태양별자리}} 태양이지만, 속은 마음이 움직이면 바로 표현하고 싶은 {{달별자리}} 달이에요. 계획대로 묵묵히 해내다가도 가끔 답답함이 한꺼번에 올라온다면, 이 두 기운의 차이 때문일 수 있습니다. | E6: 차분하게 계획을 지키는 겉 안에 금세 불붙는 마음이 있는 기질이에요. | G6: 미검수
A7: TEMP_EARTH_EARTH | B7: 흙 | C7: 흙 | D7: 겉은 차분하고 믿음직한 {{태양별자리}} 태양이고, 속도 일상이 정돈돼야 편한 {{달별자리}} 달이에요. 겉과 속이 같은 방향이라 한번 정한 일은 꾸준히 해내지만, 예상 밖의 변화 앞에서는 마음이 오래 무거울 수 있습니다. | E7: 겉도 속도 차근차근 다져야 마음이 놓이는 기질입니다. | G7: 미검수
A8: TEMP_EARTH_AIR | B8: 흙 | C8: 공기 | D8: 겉은 차분하고 믿음직한 {{태양별자리}} 태양이지만, 속은 생각을 말로 꺼내 정리해야 편한 {{달별자리}} 달이에요. 묵묵해 보여도 머릿속에서는 여러 가능성을 쉼 없이 따져 보고 있다면, 이 두 기운의 차이 때문일 수 있습니다. | E8: 묵묵한 겉과 쉼 없이 생각을 굴리는 속이 함께 있는 기질이에요. | G8: 미검수
A9: TEMP_EARTH_WATER | B9: 흙 | C9: 물 | D9: 겉은 차분하고 믿음직한 {{태양별자리}} 태양이고, 속은 감정을 깊이 느끼고 가까운 사람과 마음이 통해야 편한 {{달별자리}} 달이에요. 흙과 물은 서로를 받쳐 주는 사이라, 현실적으로 챙기는 손길에 다정함이 자연스럽게 묻어납니다. | E9: 현실적으로 챙기는 겉 안에 다정하고 깊은 마음이 흐르는 기질입니다. | G9: 미검수
A10: TEMP_AIR_FIRE | B10: 공기 | C10: 불 | D10: 겉은 가볍고 말이 잘 통하는 {{태양별자리}} 태양이고, 속은 마음이 움직이면 바로 표현하고 싶은 {{달별자리}} 달이에요. 공기와 불은 서로를 키우는 사이라 생각과 감정이 금세 말과 행동으로 이어지기 쉽습니다. | E10: 생각도 마음도 금세 말과 행동으로 이어지는 경쾌한 기질이에요. | G10: 미검수
A11: TEMP_AIR_EARTH | B11: 공기 | C11: 흙 | D11: 겉은 가볍고 말이 잘 통하는 {{태양별자리}} 태양이지만, 속은 차근차근 정리해야 편한 {{달별자리}} 달이에요. 누구와도 쉽게 어울리다가 집에 돌아와 오늘 한 말을 하나하나 점검한다면, 이 두 기운의 차이 때문일 수 있습니다. | E11: 가볍게 어울리는 겉과 하나하나 확인해야 편한 속이 함께 있는 기질입니다. | G11: 미검수
A12: TEMP_AIR_AIR | B12: 공기 | C12: 공기 | D12: 겉은 가볍고 말이 잘 통하는 {{태양별자리}} 태양이고, 속도 생각으로 마음을 정리해야 편한 {{달별자리}} 달이에요. 겉과 속이 같은 방향이라 상황을 넓게 보는 눈은 밝지만, 내 감정은 생각 뒤로 미뤄 두기 쉽습니다. | E12: 겉도 속도 생각으로 먼저 정리하려는 기질이에요. | G12: 미검수
A13: TEMP_AIR_WATER | B13: 공기 | C13: 물 | D13: 겉은 가볍고 말이 잘 통하는 {{태양별자리}} 태양이지만, 속은 감정을 깊이 느끼고 마음이 통해야 편한 {{달별자리}} 달이에요. 밝게 대화를 이끌다가도 정작 내 마음 이야기는 꺼내기 어렵다면, 이 두 기운의 차이 때문일 수 있습니다. | E13: 가볍게 대화를 이끄는 겉 안에 깊고 섬세한 마음이 있는 기질입니다. | G13: 미검수
A14: TEMP_WATER_FIRE | B14: 물 | C14: 불 | D14: 겉은 부드럽고 사람의 마음을 잘 읽는 {{태양별자리}} 태양이지만, 속은 마음이 움직이면 바로 표현하고 싶은 {{달별자리}} 달이에요. 상대를 먼저 살피다가도 어느 순간 하고 싶은 말이 확 올라온다면, 이 두 기운의 차이 때문일 수 있습니다. | E14: 상대를 먼저 살피는 겉 안에 금세 불붙는 마음이 있는 기질이에요. | G14: 미검수
A15: TEMP_WATER_EARTH | B15: 물 | C15: 흙 | D15: 겉은 부드럽고 사람의 마음을 잘 읽는 {{태양별자리}} 태양이고, 속은 일상이 정돈돼야 편한 {{달별자리}} 달이에요. 물과 흙은 서로를 받쳐 주는 사이라, 사람을 살피는 마음이 꾸준한 돌봄으로 이어지기 쉽습니다. | E15: 사람을 살피는 마음과 꾸준히 챙기는 손길이 함께 있는 기질입니다. | G15: 미검수
